# This file uses meters as units for non-parametric coordinates.

mtllib goblet.mtl
g default
v -3557.921814 127.526977 77.947251
v -3559.953760 127.526977 74.906648
v -3562.994333 127.526977 72.874956
v -3566.580779 127.526977 72.161554
v -3570.167612 127.526977 72.874956
v -3573.208185 127.526977 74.906617
v -3575.239744 127.526977 77.947221
v -3575.953013 127.526977 81.533860
v -3575.239744 127.526977 85.120499
v -3573.208185 127.526977 88.161103
v -3570.167612 127.526977 90.192765
v -3566.580779 127.526977 90.906190
v -3562.994333 127.526977 90.192765
v -3559.953760 127.526977 88.161103
v -3557.921814 127.526977 85.120499
v -3557.208546 127.526977 81.533860
v -3560.099272 165.080707 78.849206
v -3561.620174 165.080707 76.573258
v -3563.896319 165.080707 75.052545
v -3566.580779 165.080707 74.518541
v -3569.265787 165.080707 75.052545
v -3571.541384 165.080707 76.573258
v -3573.062286 165.080707 78.849206
v -3573.596109 165.080707 81.533854
v -3573.062286 165.080707 84.218510
v -3571.541384 165.080707 86.494450
v -3569.265787 165.080707 88.015198
v -3566.580779 165.080707 88.549209
v -3563.896319 165.080707 88.015198
v -3561.620174 165.080707 86.494450
v -3560.099272 165.080707 84.218510
v -3559.565450 165.080707 81.533854
v -3566.580779 127.526977 81.533860
v -3566.580779 165.080707 81.533854
v -3560.571926 129.239957 79.044862
v -3560.076697 129.239957 81.533860
v -3560.571926 129.239957 84.022889
v -3561.981840 129.239957 86.132981
v -3564.091878 129.239957 87.542894
v -3566.580779 129.239957 88.037996
v -3569.069681 129.239957 87.542894
v -3571.180105 129.239957 86.132981
v -3572.590019 129.239957 84.022889
v -3573.084861 129.239957 81.533860
v -3572.590019 129.239957 79.044832
v -3571.180105 129.239957 76.934770
v -3569.069681 129.239957 75.524850
v -3566.580779 129.239957 75.029748
v -3564.091878 129.239957 75.524850
v -3561.981840 129.239957 76.934770
v -3561.608388 131.654466 79.474206
v -3561.198597 131.654466 81.533860
v -3561.608388 131.654466 83.593544
v -3562.775134 131.654466 85.339639
v -3564.521385 131.654466 86.506372
v -3566.580779 131.654466 86.916054
v -3568.640560 131.654466 86.506372
v -3570.386425 131.654466 85.339639
v -3571.553170 131.654466 83.593544
v -3571.962961 131.654466 81.533860
v -3571.553170 131.654466 79.474182
v -3570.386425 131.654466 77.728082
v -3568.640560 131.654466 76.561379
v -3566.580779 131.654466 76.151666
v -3564.521385 131.654466 76.561379
v -3562.775134 131.654466 77.728082
v -3562.008901 135.203803 79.640183
v -3561.632357 135.203803 81.533860
v -3562.008901 135.203803 83.427544
v -3563.081704 135.203803 85.032930
v -3564.687235 135.203803 86.105623
v -3566.580779 135.203803 86.482300
v -3568.474710 135.203803 86.105623
v -3570.079855 135.203803 85.032930
v -3571.152657 135.203803 83.427544
v -3571.529201 135.203803 81.533860
v -3571.152657 135.203803 79.640183
v -3570.079855 135.203803 78.034791
v -3568.474710 135.203803 76.962121
v -3566.580779 135.203803 76.585450
v -3564.687235 135.203803 76.962121
v -3563.081704 135.203803 78.034791
v -3562.008901 141.777224 79.640183
v -3561.632357 141.777224 81.533860
v -3562.008901 141.777224 83.427544
v -3563.081704 141.777224 85.032930
v -3564.687235 141.777224 86.105623
v -3566.580779 141.777224 86.482300
v -3568.474710 141.777224 86.105623
v -3570.079855 141.777224 85.032930
v -3571.152657 141.777224 83.427544
v -3571.529201 141.777224 81.533860
v -3571.152657 141.777224 79.640183
v -3570.079855 141.777224 78.034791
v -3568.474710 141.777224 76.962121
v -3566.580779 141.777224 76.585450
v -3564.687235 141.777224 76.962121
v -3563.081704 141.777224 78.034791
v -3562.008901 144.654515 79.640183
v -3561.632357 144.654515 81.533860
v -3562.008901 144.654515 83.427544
v -3563.081704 144.654515 85.032930
v -3564.687235 144.654515 86.105623
v -3566.580779 144.654515 86.482300
v -3568.474710 144.654515 86.105623
v -3570.079855 144.654515 85.032930
v -3571.152657 144.654515 83.427544
v -3571.529201 144.654515 81.533860
v -3571.152657 144.654515 79.640183
v -3570.079855 144.654515 78.034791
v -3568.474710 144.654515 76.962121
v -3566.580779 144.654515 76.585450
v -3564.687235 144.654515 76.962121
v -3563.081704 144.654515 78.034791
v -3562.008901 146.633162 79.640183
v -3561.632357 146.633162 81.533860
v -3562.008901 146.633162 83.427544
v -3563.081704 146.633162 85.032930
v -3564.687235 146.633162 86.105623
v -3566.580779 146.633162 86.482300
v -3568.474710 146.633162 86.105623
v -3570.079855 146.633162 85.032930
v -3571.152657 146.633162 83.427544
v -3571.529201 146.633162 81.533860
v -3571.152657 146.633162 79.640183
v -3570.079855 146.633162 78.034791
v -3568.474710 146.633162 76.962121
v -3566.580779 146.633162 76.585450
v -3564.687235 146.633162 76.962121
v -3563.081704 146.633162 78.034791
v -3562.008901 153.878041 79.640183
v -3561.632357 153.878041 81.533860
v -3562.008901 153.878041 83.427544
v -3563.081704 153.878041 85.032930
v -3564.687235 153.878041 86.105623
v -3566.580779 153.878041 86.482300
v -3568.474710 153.878041 86.105623
v -3570.079855 153.878041 85.032930
v -3571.152657 153.878041 83.427544
v -3571.529201 153.878041 81.533860
v -3571.152657 153.878041 79.640183
v -3570.079855 153.878041 78.034791
v -3568.474710 153.878041 76.962121
v -3566.580779 153.878041 76.585450
v -3564.687235 153.878041 76.962121
v -3563.081704 153.878041 78.034791
v -3561.934797 156.643232 79.609488
v -3561.552150 156.643232 81.533860
v -3561.934797 156.643232 83.458238
v -3563.024988 156.643232 85.089645
v -3564.656543 156.643232 86.179725
v -3566.580779 156.643232 86.562508
v -3568.505408 156.643232 86.179725
v -3570.136570 156.643232 85.089645
v -3571.226761 156.643232 83.458238
v -3571.609409 156.643232 81.533860
v -3571.226761 156.643232 79.609488
v -3570.136570 156.643232 77.978075
v -3568.505408 156.643232 76.888019
v -3566.580779 156.643232 76.505243
v -3564.656543 156.643232 76.888019
v -3563.024988 156.643232 77.978075
v -3560.099272 159.617444 78.849206
v -3559.565450 159.617444 81.533854
v -3560.099272 159.617444 84.218510
v -3561.620174 159.617444 86.494450
v -3563.896319 159.617444 88.015198
v -3566.580779 159.617444 88.549209
v -3569.265787 159.617444 88.015198
v -3571.541384 159.617444 86.494450
v -3573.062286 159.617444 84.218510
v -3573.596109 159.617444 81.533854
v -3573.062286 159.617444 78.849206
v -3571.541384 159.617444 76.573258
v -3569.265787 159.617444 75.052545
v -3566.580779 159.617444 74.518541
v -3563.896319 159.617444 75.052545
v -3561.620174 159.617444 76.573258
v -3559.654535 136.785878 78.664682
v -3559.083534 136.785878 81.533860
v -3559.654535 136.785878 84.403063
v -3561.279396 136.785878 86.835298
v -3563.711468 136.785878 88.460557
v -3566.580779 136.785878 89.031305
v -3569.450091 136.785878 88.460557
v -3571.882549 136.785878 86.835244
v -3573.507796 136.785878 84.403063
v -3574.078411 136.785878 81.533860
v -3573.507796 136.785878 78.664651
v -3571.882549 136.785878 76.232453
v -3569.450091 136.785878 74.607193
v -3566.580779 136.785878 74.036470
v -3563.711468 136.785878 74.607193
v -3561.279396 136.785878 76.232392
v -3559.654535 140.195149 78.664682
v -3559.083534 140.195149 81.533860
v -3559.654535 140.195149 84.403063
v -3561.279396 140.195149 86.835298
v -3563.711468 140.195149 88.460557
v -3566.580779 140.195149 89.031305
v -3569.450091 140.195149 88.460557
v -3571.882549 140.195149 86.835244
v -3573.507796 140.195149 84.403063
v -3574.078411 140.195149 81.533860
v -3573.507796 140.195149 78.664651
v -3571.882549 140.195149 76.232453
v -3569.450091 140.195149 74.607193
v -3566.580779 140.195149 74.036470
v -3563.711468 140.195149 74.607193
v -3561.279396 140.195149 76.232392
v -3558.900287 137.252659 78.352403
v -3558.267431 137.252659 81.533860
v -3558.900287 139.728369 78.352403
v -3558.267431 139.728369 81.533860
v -3558.900674 137.252659 84.715257
v -3558.900674 139.728369 84.715257
v -3560.702595 137.252659 87.412141
v -3560.702595 139.728369 87.412141
v -3563.399099 137.252659 89.214050
v -3563.399099 139.728369 89.214050
v -3566.580779 137.252659 89.846985
v -3566.580779 139.728369 89.846985
v -3569.762073 137.252659 89.214135
v -3569.762073 139.728369 89.214135
v -3572.459350 137.252659 87.412080
v -3572.459350 139.728369 87.412080
v -3574.261658 137.252659 84.715227
v -3574.261658 139.728369 84.715227
v -3574.894128 137.252659 81.533860
v -3574.894128 139.728369 81.533860
v -3574.261658 137.252659 78.352464
v -3574.261658 139.728369 78.352464
v -3572.459350 137.252659 75.655670
v -3572.459350 139.728369 75.655670
v -3569.762073 137.252659 73.853646
v -3569.762073 139.728369 73.853646
v -3566.580779 137.252659 73.220796
v -3566.580779 139.728369 73.220796
v -3563.399099 137.252659 73.853646
v -3563.399099 139.728369 73.853646
v -3560.702595 137.252659 75.655519
v -3560.702595 139.728369 75.655519
v -3559.654535 135.994758 78.664682
v -3560.399891 135.203803 78.973306
v -3559.889972 135.203803 81.533860
v -3559.083534 135.994758 81.533860
v -3560.399891 141.777224 78.973306
v -3559.654535 140.986269 78.664682
v -3559.889972 141.777224 81.533860
v -3559.083534 140.986269 81.533860
v -3560.399891 135.203803 84.094415
v -3559.654535 135.994758 84.403063
v -3560.399891 141.777224 84.094415
v -3559.654535 140.986269 84.403063
v -3561.850011 135.203803 86.265076
v -3561.279396 135.994758 86.835298
v -3561.850011 141.777224 86.265076
v -3561.279396 140.986269 86.835298
v -3564.019971 135.203803 87.715485
v -3563.711468 135.994758 88.460557
v -3564.019971 141.777224 87.715485
v -3563.711468 140.986269 88.460557
v -3566.580779 135.203803 88.224831
v -3566.580779 135.994758 89.031305
v -3566.580779 141.777224 88.224831
v -3566.580779 140.986269 89.031305
v -3569.141587 135.203803 87.715485
v -3569.450091 135.994758 88.460557
v -3569.141587 141.777224 87.715485
v -3569.450091 140.986269 88.460557
v -3571.312321 135.203803 86.264985
v -3571.882549 135.994758 86.835244
v -3571.312321 141.777224 86.264985
v -3571.882549 140.986269 86.835244
v -3572.762827 135.203803 84.094445
v -3573.507796 135.994758 84.403063
v -3572.762827 141.777224 84.094445
v -3573.507796 140.986269 84.403063
v -3573.271973 135.203803 81.533860
v -3574.078411 135.994758 81.533860
v -3573.271973 141.777224 81.533860
v -3574.078411 140.986269 81.533860
v -3572.762827 135.203803 78.973245
v -3573.507796 135.994758 78.664651
v -3572.762827 141.777224 78.973245
v -3573.507796 140.986269 78.664651
v -3571.312321 135.203803 76.802705
v -3571.882549 135.994758 76.232453
v -3571.312321 141.777224 76.802705
v -3571.882549 140.986269 76.232453
v -3569.141587 135.203803 75.352265
v -3569.450091 135.994758 74.607193
v -3569.141587 141.777224 75.352265
v -3569.450091 140.986269 74.607193
v -3566.580779 135.203803 74.842920
v -3566.580779 135.994758 74.036470
v -3566.580779 141.777224 74.842920
v -3566.580779 140.986269 74.036470
v -3564.019971 135.203803 75.352235
v -3563.711468 135.994758 74.607193
v -3564.019971 141.777224 75.352235
v -3563.711468 140.986269 74.607193
v -3561.850011 135.203803 76.802590
v -3561.279396 135.994758 76.232392
v -3561.850011 141.777224 76.802590
v -3561.279396 140.986269 76.232392
v -3559.371547 148.390478 78.547640
v -3558.777737 148.390478 81.533860
v -3559.371547 148.390478 84.520105
v -3561.062902 148.390478 87.051683
v -3563.594716 148.390478 88.743225
v -3566.580779 148.390478 89.337144
v -3569.567616 148.390478 88.743134
v -3572.098656 148.390478 87.051568
v -3573.790011 148.390478 84.520050
v -3574.384208 148.390478 81.533860
v -3573.790011 148.390478 78.547670
v -3572.098656 148.390478 76.016122
v -3569.567616 148.390478 74.324526
v -3566.580779 148.390478 73.730600
v -3563.594716 148.390478 74.324586
v -3561.063289 148.390478 76.016068
v -3559.371547 152.120725 78.547640
v -3558.777737 152.120725 81.533860
v -3559.371547 152.120725 84.520105
v -3561.062902 152.120725 87.051683
v -3563.594716 152.120725 88.743225
v -3566.580779 152.120725 89.337144
v -3569.567616 152.120725 88.743134
v -3572.098656 152.120725 87.051568
v -3573.790011 152.120725 84.520050
v -3574.384208 152.120725 81.533860
v -3573.790011 152.120725 78.547670
v -3572.098656 152.120725 76.016122
v -3569.567616 152.120725 74.324526
v -3566.580779 152.120725 73.730600
v -3563.594716 152.120725 74.324586
v -3561.063289 152.120725 76.016068
v -3558.147199 149.090455 78.040390
v -3557.452101 149.090455 81.533860
v -3558.147199 151.420736 78.040390
v -3557.452101 151.420736 81.533860
v -3558.147199 149.090455 85.027276
v -3558.147199 151.420736 85.027276
v -3560.125795 149.090455 87.988953
v -3560.125795 151.420736 87.988953
v -3563.087503 149.090455 89.967790
v -3563.087503 151.420736 89.967790
v -3566.580779 149.090455 90.662659
v -3566.580779 151.420736 90.662659
v -3570.074829 149.090455 89.967712
v -3570.074829 151.420736 89.967712
v -3573.035763 149.090455 87.988693
v -3573.035763 151.420736 87.988693
v -3575.014746 149.090455 85.027306
v -3575.014746 151.420736 85.027306
v -3575.709844 149.090455 81.533860
v -3575.709844 151.420736 81.533860
v -3575.014746 149.090455 78.040360
v -3575.014746 151.420736 78.040360
v -3573.036150 149.090455 75.078858
v -3573.036150 151.420736 75.078858
v -3570.074829 149.090455 73.099900
v -3570.074829 151.420736 73.099900
v -3566.580779 149.090455 72.405121
v -3566.580779 151.420736 72.405121
v -3563.087503 149.090455 73.100033
v -3563.087503 151.420736 73.100033
v -3560.126182 149.090455 75.078888
v -3560.126182 151.420736 75.078888
v -3559.371547 147.511732 78.547640
v -3560.199248 146.633162 78.890411
v -3559.673478 146.633162 81.533860
v -3558.777737 147.511732 81.533860
v -3560.199248 153.878041 78.890411
v -3559.371547 152.999471 78.547640
v -3559.673478 153.878041 81.533860
v -3558.777737 152.999471 81.533860
v -3560.199248 146.633162 84.177346
v -3559.371547 147.511732 84.520105
v -3560.199248 153.878041 84.177346
v -3559.371547 152.999471 84.520105
v -3561.696146 146.633162 86.418258
v -3561.062902 147.511732 87.051683
v -3561.696146 153.878041 86.418258
v -3561.062902 152.999471 87.051683
v -3563.937626 146.633162 87.915627
v -3563.594716 147.511732 88.743225
v -3563.937626 153.878041 87.915627
v -3563.594716 152.999471 88.743225
v -3566.580779 146.633162 88.441360
v -3566.580779 147.511732 89.337144
v -3566.580779 153.878041 88.441360
v -3566.580779 152.999471 89.337144
v -3569.224705 146.633162 87.915542
v -3569.567616 147.511732 88.743134
v -3569.224705 153.878041 87.915542
v -3569.567616 152.999471 88.743134
v -3571.465026 146.633162 86.418198
v -3572.098656 147.511732 87.051568
v -3571.465026 153.878041 86.418198
v -3572.098656 152.999471 87.051568
v -3572.962310 146.633162 84.177231
v -3573.790011 147.511732 84.520050
v -3572.962310 153.878041 84.177231
v -3573.790011 152.999471 84.520050
v -3573.488467 146.633162 81.533860
v -3574.384208 147.511732 81.533860
v -3573.488467 153.878041 81.533860
v -3574.384208 152.999471 81.533860
v -3572.962310 146.633162 78.890478
v -3573.790011 147.511732 78.547670
v -3572.962310 153.878041 78.890478
v -3573.790011 152.999471 78.547670
v -3571.465026 146.633162 76.649474
v -3572.098656 147.511732 76.016122
v -3571.465026 153.878041 76.649474
v -3572.098656 152.999471 76.016122
v -3569.224705 146.633162 75.152124
v -3569.567616 147.511732 74.324526
v -3569.224705 153.878041 75.152124
v -3569.567616 152.999471 74.324526
v -3566.580779 146.633162 74.626366
v -3566.580779 147.511732 73.730600
v -3566.580779 153.878041 74.626366
v -3566.580779 152.999471 73.730600
v -3563.937626 146.633162 75.152166
v -3563.594716 147.511732 74.324586
v -3563.937626 153.878041 75.152166
v -3563.594716 152.999471 74.324586
v -3561.696532 146.633162 76.649480
v -3561.063289 147.511732 76.016068
v -3561.696532 153.878041 76.649480
v -3561.063289 152.999471 76.016068
vt 0.644356 0.096456
vt 0.610485 0.045765
vt 0.559794 0.011894
vt 0.500000 0.000000
vt 0.440206 0.011894
vt 0.389515 0.045765
vt 0.355644 0.096456
vt 0.343750 0.156250
vt 0.355644 0.216044
vt 0.389515 0.266735
vt 0.440206 0.300606
vt 0.500000 0.312500
vt 0.559794 0.300606
vt 0.610485 0.266735
vt 0.644356 0.216044
vt 0.656250 0.156250
vt 0.375000 0.312500
vt 0.390625 0.312500
vt 0.406250 0.312500
vt 0.421875 0.312500
vt 0.437500 0.312500
vt 0.453125 0.312500
vt 0.468750 0.312500
vt 0.484375 0.312500
vt 0.500000 0.312500
vt 0.515625 0.312500
vt 0.531250 0.312500
vt 0.546875 0.312500
vt 0.562500 0.312500
vt 0.578125 0.312500
vt 0.593750 0.312500
vt 0.609375 0.312500
vt 0.625000 0.312500
vt 0.375000 0.687500
vt 0.390625 0.687500
vt 0.406250 0.687500
vt 0.421875 0.687500
vt 0.437500 0.687500
vt 0.453125 0.687500
vt 0.468750 0.687500
vt 0.484375 0.687500
vt 0.500000 0.687500
vt 0.515625 0.687500
vt 0.531250 0.687500
vt 0.546875 0.687500
vt 0.562500 0.687500
vt 0.578125 0.687500
vt 0.593750 0.687500
vt 0.609375 0.687500
vt 0.625000 0.687500
vt 0.644356 0.783956
vt 0.610485 0.733265
vt 0.559794 0.699394
vt 0.500000 0.687500
vt 0.440206 0.699394
vt 0.389515 0.733265
vt 0.355644 0.783956
vt 0.343750 0.843750
vt 0.355644 0.903544
vt 0.389515 0.954235
vt 0.440206 0.988106
vt 0.500000 1.000000
vt 0.559794 0.988106
vt 0.610485 0.954235
vt 0.644356 0.903544
vt 0.656250 0.843750
vt 0.500000 0.156250
vt 0.500000 0.843750
vt 0.625000 0.350000
vt 0.375000 0.350000
vt 0.609375 0.350000
vt 0.593750 0.350000
vt 0.578125 0.350000
vt 0.562500 0.350000
vt 0.546875 0.350000
vt 0.531250 0.350000
vt 0.515625 0.350000
vt 0.500000 0.350000
vt 0.484375 0.350000
vt 0.468750 0.350000
vt 0.453125 0.350000
vt 0.437500 0.350000
vt 0.421875 0.350000
vt 0.406250 0.350000
vt 0.390625 0.350000
vt 0.625000 0.387500
vt 0.375000 0.387500
vt 0.609375 0.387500
vt 0.593750 0.387500
vt 0.578125 0.387500
vt 0.562500 0.387500
vt 0.546875 0.387500
vt 0.531250 0.387500
vt 0.515625 0.387500
vt 0.500000 0.387500
vt 0.484375 0.387500
vt 0.468750 0.387500
vt 0.453125 0.387500
vt 0.437500 0.387500
vt 0.421875 0.387500
vt 0.406250 0.387500
vt 0.390625 0.387500
vt 0.375000 0.425000
vt 0.625000 0.462500
vt 0.625000 0.500000
vt 0.375000 0.500000
vt 0.609375 0.500000
vt 0.593750 0.500000
vt 0.578125 0.500000
vt 0.562500 0.500000
vt 0.546875 0.500000
vt 0.531250 0.500000
vt 0.515625 0.500000
vt 0.500000 0.500000
vt 0.484375 0.500000
vt 0.468750 0.500000
vt 0.453125 0.500000
vt 0.437500 0.500000
vt 0.421875 0.500000
vt 0.406250 0.500000
vt 0.390625 0.500000
vt 0.375000 0.537500
vt 0.625000 0.575000
vt 0.625000 0.612500
vt 0.375000 0.612500
vt 0.609375 0.612500
vt 0.593750 0.612500
vt 0.578125 0.612500
vt 0.562500 0.612500
vt 0.546875 0.612500
vt 0.531250 0.612500
vt 0.515625 0.612500
vt 0.500000 0.612500
vt 0.484375 0.612500
vt 0.468750 0.612500
vt 0.453125 0.612500
vt 0.437500 0.612500
vt 0.421875 0.612500
vt 0.406250 0.612500
vt 0.390625 0.612500
vt 0.625000 0.650000
vt 0.375000 0.650000
vt 0.609375 0.650000
vt 0.593750 0.650000
vt 0.578125 0.650000
vt 0.562500 0.650000
vt 0.546875 0.650000
vt 0.531250 0.650000
vt 0.515625 0.650000
vt 0.500000 0.650000
vt 0.484375 0.650000
vt 0.468750 0.650000
vt 0.453125 0.650000
vt 0.437500 0.650000
vt 0.421875 0.650000
vt 0.406250 0.650000
vt 0.390625 0.650000
vt 0.625000 0.437500
vt 0.375000 0.450000
vt 0.609375 0.437500
vt 0.625000 0.437500
vt 0.625000 0.450000
vt 0.609375 0.450000
vt 0.593750 0.437500
vt 0.593750 0.450000
vt 0.578125 0.437500
vt 0.578125 0.450000
vt 0.562500 0.437500
vt 0.562500 0.450000
vt 0.546875 0.437500
vt 0.546875 0.450000
vt 0.531250 0.437500
vt 0.531250 0.450000
vt 0.515625 0.437500
vt 0.515625 0.450000
vt 0.500000 0.437500
vt 0.500000 0.450000
vt 0.484375 0.437500
vt 0.484375 0.450000
vt 0.468750 0.437500
vt 0.468750 0.450000
vt 0.453125 0.437500
vt 0.453125 0.450000
vt 0.437500 0.437500
vt 0.437500 0.450000
vt 0.421875 0.437500
vt 0.421875 0.450000
vt 0.406250 0.437500
vt 0.406250 0.450000
vt 0.390625 0.437500
vt 0.390625 0.450000
vt 0.375000 0.437500
vt 0.375000 0.450000
vt 0.375000 0.431249
vt 0.625000 0.425000
vt 0.375001 0.462500
vt 0.625000 0.456251
vt 0.625000 0.431249
vt 0.609375 0.437500
vt 0.609375 0.431249
vt 0.593750 0.437500
vt 0.593750 0.431249
vt 0.578125 0.437500
vt 0.578125 0.431249
vt 0.562500 0.437500
vt 0.562500 0.431249
vt 0.546875 0.437500
vt 0.546875 0.431249
vt 0.531250 0.437500
vt 0.531250 0.431249
vt 0.515625 0.437500
vt 0.515625 0.431249
vt 0.500000 0.437500
vt 0.500000 0.431249
vt 0.484375 0.437500
vt 0.484375 0.431249
vt 0.468750 0.437500
vt 0.468750 0.431249
vt 0.453125 0.437500
vt 0.453125 0.431249
vt 0.437500 0.437500
vt 0.437500 0.431249
vt 0.421875 0.437500
vt 0.421875 0.431249
vt 0.406250 0.437500
vt 0.406250 0.431249
vt 0.390625 0.437500
vt 0.390625 0.431249
vt 0.375000 0.437500
vt 0.625000 0.425000
vt 0.609375 0.425000
vt 0.609375 0.462500
vt 0.625000 0.462500
vt 0.609375 0.425000
vt 0.593749 0.425000
vt 0.593750 0.462500
vt 0.609375 0.462500
vt 0.593750 0.425000
vt 0.578123 0.425000
vt 0.578125 0.462500
vt 0.593749 0.462500
vt 0.578125 0.425000
vt 0.562502 0.425000
vt 0.562500 0.462500
vt 0.578122 0.462500
vt 0.562500 0.425000
vt 0.546875 0.425000
vt 0.546875 0.462500
vt 0.562501 0.462500
vt 0.546875 0.425000
vt 0.531250 0.425000
vt 0.531250 0.462500
vt 0.546875 0.462500
vt 0.531250 0.425000
vt 0.515624 0.425000
vt 0.515625 0.462500
vt 0.531250 0.462500
vt 0.515625 0.425000
vt 0.500000 0.425000
vt 0.500000 0.462500
vt 0.515624 0.462500
vt 0.500000 0.425000
vt 0.484375 0.425000
vt 0.484375 0.462500
vt 0.500000 0.462500
vt 0.484375 0.425000
vt 0.468750 0.425000
vt 0.468750 0.462500
vt 0.484375 0.462500
vt 0.468750 0.425000
vt 0.453126 0.425000
vt 0.453125 0.462500
vt 0.468750 0.462500
vt 0.453125 0.425000
vt 0.437500 0.425000
vt 0.437500 0.462500
vt 0.453126 0.462500
vt 0.437500 0.425000
vt 0.421875 0.425000
vt 0.421875 0.462500
vt 0.437500 0.462500
vt 0.421875 0.425000
vt 0.406249 0.425000
vt 0.406250 0.462500
vt 0.421875 0.462500
vt 0.406250 0.425000
vt 0.390628 0.425000
vt 0.390625 0.462500
vt 0.406248 0.462500
vt 0.390625 0.425000
vt 0.375001 0.425000
vt 0.375000 0.462500
vt 0.390627 0.462500
vt 0.625000 0.450000
vt 0.609375 0.456251
vt 0.609375 0.450000
vt 0.593750 0.456251
vt 0.593750 0.450000
vt 0.578125 0.456251
vt 0.578125 0.450000
vt 0.562500 0.456251
vt 0.562500 0.450000
vt 0.546875 0.456251
vt 0.546875 0.450000
vt 0.531250 0.456251
vt 0.531250 0.450000
vt 0.515625 0.456251
vt 0.515625 0.450000
vt 0.500000 0.456251
vt 0.500000 0.450000
vt 0.484375 0.456251
vt 0.484375 0.450000
vt 0.468750 0.456251
vt 0.468750 0.450000
vt 0.453125 0.456251
vt 0.453125 0.450000
vt 0.437500 0.456251
vt 0.437500 0.450000
vt 0.421875 0.456251
vt 0.421875 0.450000
vt 0.406250 0.456251
vt 0.406250 0.450000
vt 0.390625 0.456251
vt 0.390625 0.450000
vt 0.375000 0.456251
vt 0.625000 0.550000
vt 0.375000 0.562500
vt 0.609375 0.550000
vt 0.625000 0.550000
vt 0.625000 0.562500
vt 0.609375 0.562500
vt 0.593750 0.550000
vt 0.593750 0.562500
vt 0.578125 0.550000
vt 0.578125 0.562500
vt 0.562500 0.550000
vt 0.562500 0.562500
vt 0.546875 0.550000
vt 0.546875 0.562500
vt 0.531250 0.550000
vt 0.531250 0.562500
vt 0.515625 0.550000
vt 0.515625 0.562500
vt 0.500000 0.550000
vt 0.500000 0.562500
vt 0.484375 0.550000
vt 0.484375 0.562500
vt 0.468750 0.550000
vt 0.468750 0.562500
vt 0.453125 0.550000
vt 0.453125 0.562500
vt 0.437500 0.550000
vt 0.437500 0.562500
vt 0.421875 0.550000
vt 0.421875 0.562500
vt 0.406250 0.550000
vt 0.406250 0.562500
vt 0.390625 0.550000
vt 0.390625 0.562500
vt 0.375000 0.550000
vt 0.375000 0.562500
vt 0.375000 0.543749
vt 0.625000 0.537500
vt 0.375001 0.575000
vt 0.625000 0.568751
vt 0.625000 0.543749
vt 0.609375 0.550000
vt 0.609375 0.543749
vt 0.593750 0.550000
vt 0.593750 0.543749
vt 0.578125 0.550000
vt 0.578125 0.543749
vt 0.562500 0.550000
vt 0.562500 0.543749
vt 0.546875 0.550000
vt 0.546875 0.543749
vt 0.531250 0.550000
vt 0.531250 0.543749
vt 0.515625 0.550000
vt 0.515625 0.543749
vt 0.500000 0.550000
vt 0.500000 0.543749
vt 0.484375 0.550000
vt 0.484375 0.543749
vt 0.468750 0.550000
vt 0.468750 0.543749
vt 0.453125 0.550000
vt 0.453125 0.543749
vt 0.437500 0.550000
vt 0.437500 0.543749
vt 0.421875 0.550000
vt 0.421875 0.543749
vt 0.406250 0.550000
vt 0.406250 0.543749
vt 0.390625 0.550000
vt 0.390625 0.543749
vt 0.375000 0.550000
vt 0.625000 0.537500
vt 0.609375 0.537500
vt 0.609375 0.575000
vt 0.625000 0.575000
vt 0.609375 0.537500
vt 0.593749 0.537500
vt 0.593750 0.575000
vt 0.609375 0.575000
vt 0.593750 0.537500
vt 0.578126 0.537500
vt 0.578125 0.575000
vt 0.593749 0.575000
vt 0.578125 0.537500
vt 0.562500 0.537500
vt 0.562500 0.575000
vt 0.578126 0.575000
vt 0.562500 0.537500
vt 0.546875 0.537500
vt 0.546875 0.575000
vt 0.562500 0.575000
vt 0.546875 0.537500
vt 0.531250 0.537500
vt 0.531250 0.575000
vt 0.546875 0.575000
vt 0.531250 0.537500
vt 0.515626 0.537500
vt 0.515625 0.575000
vt 0.531250 0.575000
vt 0.515625 0.537500
vt 0.500000 0.537500
vt 0.500000 0.575000
vt 0.515626 0.575000
vt 0.500000 0.537500
vt 0.484375 0.537500
vt 0.484375 0.575000
vt 0.500000 0.575000
vt 0.484375 0.537500
vt 0.468750 0.537500
vt 0.468750 0.575000
vt 0.484375 0.575000
vt 0.468750 0.537500
vt 0.453124 0.537500
vt 0.453125 0.575000
vt 0.468750 0.575000
vt 0.453125 0.537500
vt 0.437500 0.537500
vt 0.437500 0.575000
vt 0.453124 0.575000
vt 0.437500 0.537500
vt 0.421875 0.537500
vt 0.421875 0.575000
vt 0.437500 0.575000
vt 0.421875 0.537500
vt 0.406250 0.537500
vt 0.406250 0.575000
vt 0.421875 0.575000
vt 0.406250 0.537500
vt 0.390625 0.537500
vt 0.390625 0.575000
vt 0.406250 0.575000
vt 0.390625 0.537500
vt 0.375001 0.537500
vt 0.375000 0.575000
vt 0.390625 0.575000
vt 0.625000 0.562500
vt 0.609375 0.568751
vt 0.609375 0.562500
vt 0.593750 0.568751
vt 0.593750 0.562500
vt 0.578125 0.568751
vt 0.578125 0.562500
vt 0.562500 0.568751
vt 0.562500 0.562500
vt 0.546875 0.568751
vt 0.546875 0.562500
vt 0.531250 0.568751
vt 0.531250 0.562500
vt 0.515625 0.568751
vt 0.515625 0.562500
vt 0.500000 0.568751
vt 0.500000 0.562500
vt 0.484375 0.568751
vt 0.484375 0.562500
vt 0.468750 0.568751
vt 0.468750 0.562500
vt 0.453125 0.568751
vt 0.453125 0.562500
vt 0.437500 0.568751
vt 0.437500 0.562500
vt 0.421875 0.568751
vt 0.421875 0.562500
vt 0.406250 0.568751
vt 0.406250 0.562500
vt 0.390625 0.568751
vt 0.390625 0.562500
vt 0.375000 0.568751
vn 0.473701 0.858548 -0.196222
vn 0.362563 0.858541 -0.362568
vn 0.470163 0.746917 -0.470171
vn 0.614294 0.746920 -0.254468
vn 0.196224 0.858539 -0.473716
vn 0.254467 0.746917 -0.614298
vn -0.000001 0.858541 -0.512744
vn 0.000000 0.746922 -0.664912
vn -0.196217 0.858545 -0.473708
vn -0.254436 0.746920 -0.614307
vn -0.362558 0.858542 -0.362571
vn -0.470156 0.746932 -0.470155
vn -0.473731 0.858534 -0.196208
vn -0.614301 0.746928 -0.254427
vn -0.512765 0.858529 0.000000
vn -0.664935 0.746901 -0.000000
vn -0.473732 0.858534 0.196208
vn -0.614302 0.746927 0.254427
vn -0.362561 0.858541 0.362571
vn -0.470157 0.746931 0.470155
vn -0.196219 0.858543 0.473710
vn -0.254437 0.746919 0.614308
vn -0.000001 0.858541 0.512745
vn 0.000000 0.746921 0.664912
vn 0.196225 0.858538 0.473718
vn 0.254467 0.746916 0.614299
vn 0.362563 0.858541 0.362569
vn 0.470162 0.746918 0.470172
vn 0.473702 0.858548 0.196221
vn 0.614294 0.746920 0.254467
vn 0.512735 0.858547 -0.000000
vn 0.664904 0.746929 -0.000000
vn 0.000000 -1.000000 0.000000
vn 0.000000 -1.000000 0.000000
vn 0.000000 -1.000000 0.000000
vn 0.000000 -1.000000 -0.000000
vn 0.000000 -1.000000 0.000000
vn 0.000000 -1.000000 0.000000
vn 0.000000 -1.000000 0.000000
vn 0.000000 -1.000000 0.000000
vn 0.000000 -1.000000 0.000000
vn 0.000000 -1.000000 0.000000
vn 0.000000 -1.000000 0.000000
vn 0.000000 -1.000000 0.000000
vn 0.000000 -1.000000 0.000000
vn 0.000000 -1.000000 0.000000
vn 0.000000 -1.000000 0.000000
vn 0.000000 -1.000000 0.000000
vn 0.000000 -1.000000 0.000000
vn 0.000000 1.000000 0.000000
vn 0.000000 1.000000 0.000000
vn 0.000000 1.000000 0.000000
vn 0.000000 1.000000 0.000000
vn 0.000000 1.000000 0.000000
vn 0.000000 1.000000 -0.000000
vn 0.000000 1.000000 -0.000000
vn 0.000000 1.000000 0.000000
vn 0.000000 1.000000 0.000000
vn 0.000000 1.000000 0.000000
vn 0.000000 1.000000 0.000000
vn 0.000000 1.000000 0.000000
vn 0.000000 1.000000 0.000000
vn 0.000000 1.000000 0.000000
vn 0.000000 1.000000 0.000000
vn 0.000000 1.000000 0.000000
vn 0.000000 1.000000 0.000000
vn 0.888254 0.274983 -0.367952
vn 0.961446 0.274993 -0.000000
vn 0.888253 0.274985 0.367953
vn 0.679825 0.274995 0.679865
vn 0.367924 0.275008 0.888258
vn 0.000000 0.275008 0.961442
vn -0.367930 0.275013 0.888254
vn -0.679836 0.275026 0.679841
vn -0.888246 0.275032 0.367937
vn -0.961437 0.275025 -0.000000
vn -0.888246 0.275031 -0.367937
vn -0.679833 0.275024 -0.679845
vn -0.367929 0.275010 -0.888255
vn 0.000000 0.275010 -0.961442
vn 0.367923 0.275006 -0.888259
vn 0.679824 0.274993 -0.679866
vn 0.917059 0.121268 -0.379863
vn 0.992619 0.121274 0.000000
vn 0.917060 0.121269 0.379861
vn 0.701868 0.121273 0.701908
vn 0.379880 0.121293 0.917049
vn 0.000001 0.121302 0.992616
vn -0.379881 0.121294 0.917048
vn -0.701918 0.121272 0.701857
vn -0.917060 0.121269 0.379861
vn -0.992619 0.121275 -0.000000
vn -0.917060 0.121269 -0.379861
vn -0.701916 0.121272 -0.701860
vn -0.379877 0.121295 -0.917050
vn 0.000001 0.121306 -0.992615
vn 0.379876 0.121294 -0.917051
vn 0.701866 0.121272 -0.701909
vn 1.000000 0.000000 -0.000000
vn 0.923881 0.000000 -0.382680
vn 0.923881 0.000000 -0.382680
vn 1.000000 0.000000 -0.000000
vn 0.923881 0.000000 0.382680
vn 0.923881 0.000000 0.382680
vn 0.707073 0.000000 0.707140
vn 0.707073 0.000000 0.707140
vn 0.382685 0.000000 0.923879
vn 0.382685 0.000000 0.923879
vn 0.000000 0.000000 1.000000
vn 0.000000 0.000000 1.000000
vn -0.382685 0.000000 0.923879
vn -0.382685 0.000000 0.923879
vn -0.707124 0.000000 0.707089
vn -0.707124 0.000000 0.707089
vn -0.923881 0.000000 0.382680
vn -0.923881 0.000000 0.382680
vn -1.000000 0.000000 -0.000000
vn -1.000000 0.000000 -0.000000
vn -0.923881 0.000000 -0.382680
vn -0.923881 0.000000 -0.382680
vn -0.707122 0.000000 -0.707092
vn -0.707122 0.000000 -0.707092
vn -0.382678 0.000000 -0.923882
vn -0.382678 0.000000 -0.923882
vn 0.000000 0.000000 -1.000000
vn 0.000000 0.000000 -1.000000
vn 0.382678 0.000000 -0.923882
vn 0.382678 0.000000 -0.923882
vn 0.707071 0.000000 -0.707143
vn 0.707071 0.000000 -0.707143
vn 0.923881 0.000000 -0.382680
vn 1.000000 0.000000 0.000000
vn 0.923881 0.000000 0.382680
vn 0.707073 0.000000 0.707140
vn 0.382685 0.000000 0.923879
vn 0.000000 0.000000 1.000000
vn -0.382685 0.000000 0.923879
vn -0.707124 0.000000 0.707089
vn -0.923881 0.000000 0.382680
vn -1.000000 0.000000 0.000000
vn -0.923881 0.000000 -0.382680
vn -0.707122 0.000000 -0.707092
vn -0.382678 0.000000 -0.923882
vn 0.000000 0.000000 -1.000000
vn 0.382678 0.000000 -0.923882
vn 0.707071 0.000000 -0.707143
vn 0.999580 -0.028994 0.000000
vn 0.923493 -0.028995 -0.382519
vn 0.855024 -0.378821 -0.354159
vn 0.925477 -0.378803 0.000000
vn 0.923493 -0.028995 0.382519
vn 0.855024 -0.378820 0.354159
vn 0.706776 -0.028994 0.706843
vn 0.654377 -0.378808 0.654443
vn 0.382524 -0.028994 0.923491
vn 0.354167 -0.378803 0.855029
vn 0.000000 -0.028994 0.999580
vn 0.000001 -0.378808 0.925475
vn -0.382524 -0.028995 0.923491
vn -0.354163 -0.378818 0.855024
vn -0.706827 -0.028994 0.706792
vn -0.654428 -0.378804 0.654394
vn -0.923493 -0.028995 0.382519
vn -0.855024 -0.378820 0.354159
vn -0.999580 -0.028994 0.000000
vn -0.925477 -0.378803 0.000000
vn -0.923493 -0.028995 -0.382519
vn -0.855024 -0.378821 -0.354159
vn -0.706825 -0.028994 -0.706794
vn -0.654425 -0.378806 -0.654396
vn -0.382517 -0.028995 -0.923494
vn -0.354156 -0.378818 -0.855026
vn 0.000000 -0.028994 -0.999580
vn 0.000001 -0.378808 -0.925475
vn 0.382517 -0.028994 -0.923493
vn 0.354160 -0.378803 -0.855031
vn 0.706773 -0.028994 -0.706846
vn 0.654374 -0.378810 -0.654444
vn 0.906770 -0.191570 -0.375592
vn 0.981478 -0.191577 -0.000000
vn 0.906770 -0.191570 0.375592
vn 0.693979 -0.191571 0.694042
vn 0.375597 -0.191571 0.906768
vn -0.000001 -0.191571 0.981479
vn -0.375598 -0.191570 0.906767
vn -0.694026 -0.191576 0.693993
vn -0.906770 -0.191570 0.375592
vn -0.981478 -0.191577 -0.000000
vn -0.906770 -0.191570 -0.375592
vn -0.694024 -0.191576 -0.693995
vn -0.375591 -0.191570 -0.906770
vn -0.000001 -0.191571 -0.981479
vn 0.375590 -0.191572 -0.906770
vn 0.693976 -0.191572 -0.694044
vn 0.923881 0.000000 -0.382680
vn 1.000000 0.000000 0.000000
vn 0.923881 0.000000 0.382680
vn 0.707073 0.000000 0.707140
vn 0.382685 0.000000 0.923879
vn -0.000000 0.000000 1.000000
vn -0.382685 0.000000 0.923879
vn -0.707124 0.000000 0.707089
vn -0.923881 0.000000 0.382680
vn -1.000000 0.000000 0.000000
vn -0.923881 0.000000 -0.382680
vn -0.707122 0.000000 -0.707092
vn -0.382678 0.000000 -0.923882
vn 0.000000 0.000000 -1.000000
vn 0.382678 0.000000 -0.923882
vn 0.707071 0.000000 -0.707143
vn 1.000000 0.000000 0.000061
vn 0.923864 0.000000 -0.382720
vn 0.923864 0.000000 -0.382720
vn 1.000000 0.000000 0.000061
vn 0.923863 0.000000 0.382724
vn 0.923863 0.000000 0.382724
vn 0.707136 0.000000 0.707078
vn 0.707136 0.000000 0.707078
vn 0.382686 0.000000 0.923878
vn 0.382686 0.000000 0.923878
vn 0.000013 0.000000 1.000000
vn 0.000013 0.000000 1.000000
vn -0.382673 0.000000 0.923884
vn -0.382673 0.000000 0.923884
vn -0.707054 0.000000 0.707160
vn -0.707054 0.000000 0.707160
vn -0.923883 0.000000 0.382675
vn -0.923883 0.000000 0.382675
vn -1.000000 0.000000 -0.000000
vn -1.000000 0.000000 -0.000000
vn -0.923882 0.000000 -0.382677
vn -0.923882 0.000000 -0.382677
vn -0.707046 0.000000 -0.707167
vn -0.707046 0.000000 -0.707167
vn -0.382669 0.000000 -0.923886
vn -0.382669 0.000000 -0.923886
vn 0.000000 0.000000 -1.000000
vn 0.000000 0.000000 -1.000000
vn 0.382670 0.000000 -0.923885
vn 0.382670 0.000000 -0.923885
vn 0.707103 0.000000 -0.707111
vn 0.707103 0.000000 -0.707111
vn 0.496469 -0.868055 0.000016
vn 0.458678 -0.868051 -0.190008
vn 0.458687 -0.868051 -0.189987
vn 0.496469 -0.868055 0.000012
vn 0.458678 0.868051 -0.190008
vn 0.496469 0.868055 0.000016
vn 0.496469 0.868055 0.000012
vn 0.458687 0.868051 -0.189987
vn 0.458767 -0.867996 0.190042
vn 0.458772 -0.867996 0.190030
vn 0.458767 0.867996 0.190042
vn 0.458772 0.867996 0.190029
vn 0.351195 -0.867961 0.351149
vn 0.351188 -0.867961 0.351157
vn 0.351195 0.867961 0.351149
vn 0.351188 0.867961 0.351156
vn 0.190059 -0.867937 0.458871
vn 0.190091 -0.867937 0.458858
vn 0.190059 0.867937 0.458870
vn 0.190091 0.867937 0.458857
vn 0.000003 -0.867926 0.496693
vn 0.000003 -0.867926 0.496693
vn 0.000003 0.867926 0.496693
vn 0.000003 0.867926 0.496693
vn -0.190083 -0.867926 0.458882
vn -0.190063 -0.867926 0.458890
vn -0.190083 0.867926 0.458882
vn -0.190063 0.867926 0.458890
vn -0.351169 -0.867949 0.351205
vn -0.351171 -0.867949 0.351203
vn -0.351169 0.867949 0.351205
vn -0.351171 0.867949 0.351203
vn -0.458805 -0.867975 0.190045
vn -0.458810 -0.867975 0.190033
vn -0.458805 0.867975 0.190045
vn -0.458810 0.867975 0.190033
vn -0.496616 -0.867970 -0.000000
vn -0.496616 -0.867970 -0.000000
vn -0.496616 0.867970 -0.000000
vn -0.496616 0.867970 -0.000000
vn -0.458807 -0.867974 -0.190045
vn -0.458810 -0.867974 -0.190036
vn -0.458807 0.867975 -0.190045
vn -0.458810 0.867974 -0.190036
vn -0.351172 -0.867943 -0.351216
vn -0.351178 -0.867943 -0.351210
vn -0.351172 0.867943 -0.351216
vn -0.351178 0.867943 -0.351210
vn -0.190082 -0.867919 -0.458896
vn -0.190065 -0.867919 -0.458903
vn -0.190082 0.867919 -0.458896
vn -0.190065 0.867919 -0.458903
vn 0.000000 -0.867927 -0.496693
vn 0.000001 -0.867927 -0.496693
vn 0.000000 0.867927 -0.496692
vn 0.000001 0.867927 -0.496692
vn 0.190048 -0.867945 -0.458861
vn 0.190078 -0.867945 -0.458848
vn 0.190048 0.867945 -0.458860
vn 0.190078 0.867945 -0.458848
vn 0.351151 -0.867991 -0.351120
vn 0.351144 -0.867991 -0.351127
vn 0.351151 0.867991 -0.351120
vn 0.351144 0.867991 -0.351127
vn 0.646839 -0.714012 -0.267929
vn 0.646828 -0.714013 -0.267954
vn 0.495114 -0.714000 -0.495041
vn 0.495148 -0.714000 -0.495007
vn 0.700141 -0.714005 -0.000000
vn 0.700141 -0.714005 -0.000000
vn 0.646833 -0.714016 0.267931
vn 0.646824 -0.714016 0.267953
vn 0.646828 0.714012 -0.267954
vn 0.646839 0.714013 -0.267929
vn 0.495148 0.714000 -0.495007
vn 0.495114 0.714000 -0.495041
vn 0.700141 0.714005 -0.000000
vn 0.700141 0.714005 0.000000
vn 0.646824 0.714016 0.267953
vn 0.646833 0.714016 0.267932
vn 0.495141 -0.714007 0.495004
vn 0.495110 -0.714007 0.495034
vn 0.495111 0.714007 0.495034
vn 0.495141 0.714007 0.495004
vn 0.267955 -0.713951 0.646895
vn 0.267984 -0.713951 0.646883
vn 0.267985 0.713952 0.646883
vn 0.267955 0.713952 0.646895
vn 0.000000 -0.713934 0.700213
vn 0.000000 -0.713934 0.700213
vn -0.000000 0.713934 0.700213
vn -0.000000 0.713934 0.700213
vn -0.267949 -0.713928 0.646924
vn -0.267970 -0.713928 0.646915
vn -0.267971 0.713928 0.646915
vn -0.267949 0.713928 0.646924
vn -0.495125 -0.713915 0.495153
vn -0.495126 -0.713915 0.495152
vn -0.495126 0.713915 0.495152
vn -0.495125 0.713915 0.495153
vn -0.646931 -0.713915 0.267967
vn -0.646934 -0.713915 0.267959
vn -0.646934 0.713915 0.267959
vn -0.646931 0.713915 0.267967
vn -0.700242 -0.713905 -0.000000
vn -0.700242 -0.713905 0.000000
vn -0.700242 0.713905 0.000000
vn -0.700242 0.713905 0.000000
vn -0.646934 -0.713912 -0.267964
vn -0.646936 -0.713912 -0.267961
vn -0.646936 0.713913 -0.267961
vn -0.646934 0.713913 -0.267964
vn -0.495124 -0.713913 -0.495157
vn -0.495124 -0.713913 -0.495157
vn -0.495123 0.713913 -0.495157
vn -0.495124 0.713913 -0.495157
vn -0.267944 -0.713924 -0.646930
vn -0.267963 -0.713924 -0.646922
vn -0.267964 0.713924 -0.646922
vn -0.267944 0.713924 -0.646930
vn -0.000002 -0.713925 -0.700222
vn -0.000002 -0.713925 -0.700222
vn -0.000002 0.713925 -0.700222
vn -0.000002 0.713925 -0.700222
vn 0.267953 -0.713940 -0.646909
vn 0.267978 -0.713940 -0.646898
vn 0.267978 0.713940 -0.646898
vn 0.267953 0.713940 -0.646908
vn 1.000000 0.000000 0.000000
vn 0.923884 0.000000 -0.382672
vn 0.923884 0.000000 -0.382672
vn 1.000000 0.000000 0.000000
vn 0.923884 0.000000 0.382674
vn 0.923884 0.000000 0.382674
vn 0.707156 0.000000 0.707058
vn 0.707156 0.000000 0.707058
vn 0.382699 0.000000 0.923873
vn 0.382699 0.000000 0.923873
vn 0.000000 0.000000 1.000000
vn 0.000000 0.000000 1.000000
vn -0.382683 0.000000 0.923880
vn -0.382683 0.000000 0.923880
vn -0.707088 0.000000 0.707125
vn -0.707088 0.000000 0.707125
vn -0.923882 0.000000 0.382677
vn -0.923882 0.000000 0.382677
vn -1.000000 0.000000 0.000000
vn -1.000000 0.000000 0.000000
vn -0.923883 0.000000 -0.382675
vn -0.923883 0.000000 -0.382675
vn -0.707085 0.000000 -0.707128
vn -0.707085 0.000000 -0.707128
vn -0.382671 0.000000 -0.923885
vn -0.382671 0.000000 -0.923885
vn 0.000000 0.000000 -1.000000
vn 0.000000 0.000000 -1.000000
vn 0.382686 0.000000 -0.923878
vn 0.382686 0.000000 -0.923878
vn 0.707155 0.000000 -0.707058
vn 0.707155 0.000000 -0.707058
vn 0.000000 -1.000000 0.000000
vn 0.000000 -1.000000 0.000000
vn 0.000000 -1.000000 0.000000
vn 0.000000 -1.000000 0.000000
vn 0.000000 1.000000 0.000000
vn 0.000000 1.000000 0.000000
vn 0.000000 1.000000 0.000000
vn 0.000000 1.000000 0.000000
vn 0.000000 -1.000000 0.000000
vn 0.000000 -1.000000 0.000000
vn 0.000000 1.000000 0.000000
vn 0.000000 1.000000 0.000000
vn 0.000000 -1.000000 -0.000000
vn 0.000000 -1.000000 -0.000000
vn 0.000000 1.000000 -0.000000
vn 0.000000 1.000000 -0.000000
vn 0.000000 -1.000000 -0.000000
vn 0.000000 -1.000000 -0.000000
vn 0.000000 1.000000 -0.000000
vn 0.000000 1.000000 -0.000000
vn 0.000000 -1.000000 -0.000000
vn 0.000000 -1.000000 -0.000000
vn 0.000000 1.000000 -0.000000
vn 0.000000 1.000000 -0.000000
vn 0.000000 -1.000000 -0.000000
vn 0.000000 -1.000000 -0.000000
vn 0.000000 1.000000 -0.000000
vn 0.000000 1.000000 -0.000000
vn 0.000000 -1.000000 -0.000000
vn 0.000000 -1.000000 -0.000000
vn 0.000000 1.000000 -0.000000
vn 0.000000 1.000000 -0.000000
vn 0.000000 -1.000000 0.000000
vn 0.000000 -1.000000 0.000000
vn 0.000000 1.000000 -0.000000
vn 0.000000 1.000000 -0.000000
vn 0.000000 -1.000000 0.000000
vn 0.000000 -1.000000 0.000000
vn 0.000000 1.000000 0.000000
vn 0.000000 1.000000 0.000000
vn 0.000000 -1.000000 -0.000000
vn 0.000000 -1.000000 -0.000000
vn 0.000000 1.000000 0.000000
vn 0.000000 1.000000 0.000000
vn 0.000000 -1.000000 -0.000000
vn 0.000000 -1.000000 -0.000000
vn 0.000000 1.000000 0.000000
vn 0.000000 1.000000 0.000000
vn 0.000000 -1.000000 0.000000
vn 0.000000 -1.000000 0.000000
vn 0.000000 1.000000 -0.000000
vn 0.000000 1.000000 -0.000000
vn 0.000000 -1.000000 0.000000
vn 0.000000 -1.000000 0.000000
vn 0.000000 1.000000 -0.000000
vn 0.000000 1.000000 -0.000000
vn 0.000000 -1.000000 0.000000
vn 0.000000 -1.000000 0.000000
vn 0.000000 1.000000 -0.000000
vn 0.000000 1.000000 -0.000000
vn 0.000000 -1.000000 0.000000
vn 0.000000 -1.000000 0.000000
vn 0.000000 1.000000 0.000000
vn 0.000000 1.000000 0.000000
vn 1.000000 0.000000 0.000000
vn 0.923884 0.000000 -0.382672
vn 0.923884 0.000000 -0.382672
vn 1.000000 0.000000 0.000000
vn 0.923884 0.000000 0.382674
vn 0.923884 0.000000 0.382674
vn 0.707156 0.000000 0.707058
vn 0.707156 0.000000 0.707058
vn 0.382699 0.000000 0.923873
vn 0.382699 0.000000 0.923873
vn 0.000000 0.000000 1.000000
vn 0.000000 0.000000 1.000000
vn -0.382683 0.000000 0.923880
vn -0.382683 0.000000 0.923880
vn -0.707088 0.000000 0.707125
vn -0.707088 0.000000 0.707125
vn -0.923882 0.000000 0.382677
vn -0.923882 0.000000 0.382677
vn -1.000000 0.000000 0.000000
vn -1.000000 0.000000 0.000000
vn -0.923883 0.000000 -0.382676
vn -0.923883 0.000000 -0.382676
vn -0.707085 0.000000 -0.707128
vn -0.707085 0.000000 -0.707128
vn -0.382671 0.000000 -0.923885
vn -0.382671 0.000000 -0.923885
vn 0.000000 0.000000 -1.000000
vn 0.000000 0.000000 -1.000000
vn 0.382686 0.000000 -0.923878
vn 0.382686 0.000000 -0.923878
vn 0.707155 0.000000 -0.707058
vn 0.707155 0.000000 -0.707058
vn 1.000000 0.000000 0.000000
vn 0.923862 0.000000 -0.382725
vn 0.923862 0.000000 -0.382725
vn 1.000000 0.000000 0.000000
vn 0.923884 0.000000 0.382672
vn 0.923884 0.000000 0.382672
vn 0.707122 0.000000 0.707092
vn 0.707122 0.000000 0.707092
vn 0.382679 0.000000 0.923881
vn 0.382679 0.000000 0.923881
vn -0.000011 0.000000 1.000000
vn -0.000011 0.000000 1.000000
vn -0.382711 0.000000 0.923868
vn -0.382711 0.000000 0.923868
vn -0.707142 0.000000 0.707072
vn -0.707142 0.000000 0.707072
vn -0.923859 0.000000 0.382733
vn -0.923859 0.000000 0.382733
vn -1.000000 0.000000 0.000000
vn -1.000000 0.000000 0.000000
vn -0.923882 0.000000 -0.382677
vn -0.923882 0.000000 -0.382677
vn -0.707146 0.000000 -0.707068
vn -0.707146 0.000000 -0.707068
vn -0.382663 0.000000 -0.923888
vn -0.382663 0.000000 -0.923888
vn 0.000019 0.000000 -1.000000
vn 0.000019 0.000000 -1.000000
vn 0.382706 0.000000 -0.923870
vn 0.382706 0.000000 -0.923870
vn 0.707111 0.000000 -0.707103
vn 0.707111 0.000000 -0.707103
vn 0.466988 -0.884263 -0.000000
vn 0.431454 -0.884254 -0.178722
vn 0.431452 -0.884254 -0.178728
vn 0.466988 -0.884263 -0.000000
vn 0.431460 0.884251 -0.178725
vn 0.466995 0.884260 -0.000000
vn 0.466995 0.884260 -0.000000
vn 0.431457 0.884251 -0.178730
vn 0.431469 -0.884252 0.178698
vn 0.431467 -0.884252 0.178704
vn 0.431475 0.884249 0.178701
vn 0.431472 0.884249 0.178706
vn 0.330229 -0.884255 0.330216
vn 0.330220 -0.884255 0.330225
vn 0.330233 0.884252 0.330220
vn 0.330224 0.884252 0.330229
vn 0.178702 -0.884266 0.431439
vn 0.178702 -0.884266 0.431439
vn 0.178704 0.884262 0.431445
vn 0.178705 0.884262 0.431445
vn -0.000006 -0.884270 0.466975
vn -0.000007 -0.884270 0.466975
vn -0.000006 0.884267 0.466981
vn -0.000007 0.884267 0.466981
vn -0.178717 -0.884265 0.431434
vn -0.178709 -0.884265 0.431437
vn -0.178719 0.884262 0.431440
vn -0.178712 0.884262 0.431442
vn -0.330244 -0.884257 0.330195
vn -0.330238 -0.884257 0.330200
vn -0.330248 0.884254 0.330200
vn -0.330243 0.884254 0.330205
vn -0.431410 -0.884278 0.178714
vn -0.431413 -0.884278 0.178707
vn -0.431415 0.884274 0.178717
vn -0.431419 0.884274 0.178709
vn -0.466929 -0.884295 -0.000000
vn -0.466929 -0.884295 -0.000000
vn -0.466935 0.884292 0.000000
vn -0.466935 0.884292 -0.000000
vn -0.431390 -0.884293 -0.178687
vn -0.431390 -0.884293 -0.178687
vn -0.431396 0.884290 -0.178689
vn -0.431396 0.884290 -0.178689
vn -0.330199 -0.884288 -0.330155
vn -0.330204 -0.884288 -0.330151
vn -0.330203 0.884285 -0.330160
vn -0.330208 0.884285 -0.330155
vn -0.178693 -0.884280 -0.431415
vn -0.178688 -0.884280 -0.431416
vn -0.178695 0.884276 -0.431420
vn -0.178691 0.884276 -0.431422
vn 0.000009 -0.884269 -0.466979
vn 0.000004 -0.884269 -0.466979
vn 0.000009 0.884265 -0.466985
vn 0.000004 0.884265 -0.466985
vn 0.178718 -0.884262 -0.431441
vn 0.178715 -0.884262 -0.431442
vn 0.178720 0.884258 -0.431447
vn 0.178717 0.884258 -0.431448
vn 0.330231 -0.884248 -0.330232
vn 0.330228 -0.884248 -0.330234
vn 0.330235 0.884245 -0.330236
vn 0.330233 0.884245 -0.330238
vn 0.646918 -0.713933 -0.267947
vn 0.646914 -0.713933 -0.267958
vn 0.495134 -0.713921 -0.495136
vn 0.495120 -0.713921 -0.495150
vn 0.700206 -0.713941 0.000000
vn 0.700206 -0.713941 -0.000000
vn 0.646938 -0.713930 0.267911
vn 0.646936 -0.713930 0.267914
vn 0.646914 0.713933 -0.267958
vn 0.646918 0.713933 -0.267947
vn 0.495119 0.713921 -0.495151
vn 0.495134 0.713921 -0.495136
vn 0.700206 0.713941 -0.000000
vn 0.700206 0.713941 0.000000
vn 0.646936 0.713929 0.267914
vn 0.646938 0.713929 0.267911
vn 0.495114 -0.713929 0.495144
vn 0.495133 -0.713929 0.495125
vn 0.495133 0.713929 0.495125
vn 0.495114 0.713929 0.495144
vn 0.267958 -0.713931 0.646917
vn 0.267934 -0.713931 0.646927
vn 0.267934 0.713931 0.646927
vn 0.267958 0.713931 0.646917
vn -0.000012 -0.713936 0.700211
vn -0.000010 -0.713936 0.700211
vn -0.000010 0.713936 0.700211
vn -0.000012 0.713936 0.700211
vn -0.267961 -0.713954 0.646890
vn -0.267949 -0.713954 0.646895
vn -0.267949 0.713954 0.646895
vn -0.267961 0.713954 0.646890
vn -0.495153 -0.713969 0.495047
vn -0.495136 -0.713969 0.495064
vn -0.495136 0.713969 0.495064
vn -0.495152 0.713969 0.495048
vn -0.646882 -0.713960 0.267963
vn -0.646879 -0.713960 0.267973
vn -0.646879 0.713960 0.267973
vn -0.646882 0.713960 0.267963
vn -0.700194 -0.713953 -0.000000
vn -0.700194 -0.713953 0.000000
vn -0.700194 0.713953 -0.000000
vn -0.700194 0.713953 -0.000000
vn -0.646885 -0.713958 -0.267962
vn -0.646881 -0.713958 -0.267972
vn -0.646881 0.713958 -0.267972
vn -0.646885 0.713958 -0.267962
vn -0.495158 -0.713967 -0.495045
vn -0.495141 -0.713967 -0.495063
vn -0.495141 0.713966 -0.495063
vn -0.495158 0.713966 -0.495046
vn -0.267957 -0.713953 -0.646893
vn -0.267944 -0.713953 -0.646898
vn -0.267944 0.713953 -0.646899
vn -0.267957 0.713953 -0.646893
vn 0.000003 -0.713931 -0.700216
vn 0.000009 -0.713931 -0.700216
vn 0.000009 0.713931 -0.700216
vn 0.000003 0.713931 -0.700216
vn 0.267975 -0.713926 -0.646915
vn 0.267956 -0.713926 -0.646923
vn 0.267956 0.713926 -0.646923
vn 0.267975 0.713926 -0.646915
vn 1.000000 0.000000 -0.000000
vn 0.923879 0.000000 -0.382685
vn 0.923879 0.000000 -0.382685
vn 1.000000 0.000000 -0.000000
vn 0.923903 0.000000 0.382627
vn 0.923903 0.000000 0.382627
vn 0.707103 0.000000 0.707111
vn 0.707103 0.000000 0.707111
vn 0.382667 0.000000 0.923886
vn 0.382667 0.000000 0.923886
vn -0.000015 0.000000 1.000000
vn -0.000015 0.000000 1.000000
vn -0.382683 0.000000 0.923880
vn -0.382683 0.000000 0.923880
vn -0.707164 0.000000 0.707049
vn -0.707164 0.000000 0.707049
vn -0.923877 0.000000 0.382690
vn -0.923877 0.000000 0.382690
vn -1.000000 0.000000 0.000000
vn -1.000000 0.000000 0.000000
vn -0.923878 0.000000 -0.382688
vn -0.923878 0.000000 -0.382688
vn -0.707169 0.000000 -0.707044
vn -0.707169 0.000000 -0.707044
vn -0.382675 0.000000 -0.923883
vn -0.382675 0.000000 -0.923883
vn 0.000010 0.000000 -1.000000
vn 0.000010 0.000000 -1.000000
vn 0.382690 0.000000 -0.923877
vn 0.382690 0.000000 -0.923877
vn 0.707097 0.000000 -0.707116
vn 0.707097 0.000000 -0.707116
vn 0.000000 -1.000000 -0.000000
vn 0.000000 -1.000000 -0.000000
vn 0.000000 -1.000000 0.000000
vn 0.000000 -1.000000 0.000000
vn 0.000000 1.000000 0.000000
vn 0.000000 1.000000 0.000000
vn 0.000000 1.000000 0.000000
vn 0.000000 1.000000 0.000000
vn 0.000000 -1.000000 0.000000
vn 0.000000 -1.000000 0.000000
vn 0.000000 1.000000 0.000000
vn 0.000000 1.000000 0.000000
vn 0.000000 -1.000000 0.000000
vn 0.000000 -1.000000 0.000000
vn 0.000000 1.000000 0.000000
vn 0.000000 1.000000 0.000000
vn 0.000000 -1.000000 0.000000
vn 0.000000 -1.000000 0.000000
vn 0.000000 1.000000 0.000000
vn 0.000000 1.000000 0.000000
vn 0.000000 -1.000000 0.000000
vn 0.000000 -1.000000 0.000000
vn 0.000000 1.000000 0.000000
vn 0.000000 1.000000 0.000000
vn 0.000000 -1.000000 0.000000
vn 0.000000 -1.000000 0.000000
vn 0.000000 1.000000 -0.000000
vn 0.000000 1.000000 -0.000000
vn 0.000000 -1.000000 -0.000000
vn 0.000000 -1.000000 -0.000000
vn 0.000000 1.000000 -0.000000
vn 0.000000 1.000000 -0.000000
vn 0.000000 -1.000000 0.000000
vn 0.000000 -1.000000 0.000000
vn 0.000000 1.000000 -0.000000
vn 0.000000 1.000000 -0.000000
vn 0.000000 -1.000000 -0.000000
vn 0.000000 -1.000000 -0.000000
vn 0.000000 1.000000 0.000000
vn 0.000000 1.000000 0.000000
vn 0.000000 -1.000000 -0.000000
vn 0.000000 -1.000000 0.000000
vn 0.000000 1.000000 0.000000
vn 0.000000 1.000000 0.000000
vn 0.000000 -1.000000 0.000000
vn 0.000000 -1.000000 0.000000
vn 0.000000 1.000000 0.000000
vn 0.000000 1.000000 0.000000
vn 0.000000 -1.000000 -0.000000
vn 0.000000 -1.000000 -0.000000
vn 0.000000 1.000000 0.000000
vn 0.000000 1.000000 0.000000
vn 0.000000 -1.000000 -0.000000
vn 0.000000 -1.000000 -0.000000
vn 0.000000 1.000000 0.000000
vn 0.000000 1.000000 0.000000
vn 0.000000 -1.000000 -0.000000
vn 0.000000 -1.000000 -0.000000
vn 0.000000 1.000000 0.000000
vn 0.000000 1.000000 0.000000
vn 0.000000 -1.000000 0.000000
vn 0.000000 -1.000000 -0.000000
vn 0.000000 1.000000 0.000000
vn 0.000000 1.000000 0.000000
vn 1.000000 0.000000 -0.000000
vn 0.923879 0.000000 -0.382684
vn 0.923879 0.000000 -0.382684
vn 1.000000 0.000000 -0.000000
vn 0.923903 0.000000 0.382628
vn 0.923903 0.000000 0.382628
vn 0.707103 0.000000 0.707111
vn 0.707103 0.000000 0.707111
vn 0.382667 0.000000 0.923887
vn 0.382667 0.000000 0.923887
vn -0.000015 0.000000 1.000000
vn -0.000015 0.000000 1.000000
vn -0.382683 0.000000 0.923880
vn -0.382683 0.000000 0.923880
vn -0.707165 0.000000 0.707049
vn -0.707165 0.000000 0.707049
vn -0.923877 0.000000 0.382690
vn -0.923877 0.000000 0.382690
vn -1.000000 0.000000 0.000000
vn -1.000000 0.000000 0.000000
vn -0.923878 0.000000 -0.382688
vn -0.923878 0.000000 -0.382688
vn -0.707169 0.000000 -0.707044
vn -0.707169 0.000000 -0.707044
vn -0.382675 0.000000 -0.923883
vn -0.382675 0.000000 -0.923883
vn 0.000010 0.000000 -1.000000
vn 0.000010 0.000000 -1.000000
vn 0.382690 0.000000 -0.923877
vn 0.382690 0.000000 -0.923877
vn 0.707097 0.000000 -0.707116
vn 0.707097 0.000000 -0.707116
s 1
g pCylinder85
usemtl initialShadingGroup
f 1/17/1 2/18/2 50/85/3 35/70/4
f 2/18/2 3/19/5 49/84/6 50/85/3
f 3/19/5 4/20/7 48/83/8 49/84/6
f 4/20/7 5/21/9 47/82/10 48/83/8
f 5/21/9 6/22/11 46/81/12 47/82/10
f 6/22/11 7/23/13 45/80/14 46/81/12
f 7/23/13 8/24/15 44/79/16 45/80/14
f 8/24/15 9/25/17 43/78/18 44/79/16
f 9/25/17 10/26/19 42/77/20 43/78/18
f 10/26/19 11/27/21 41/76/22 42/77/20
f 11/27/21 12/28/23 40/75/24 41/76/22
f 12/28/23 13/29/25 39/74/26 40/75/24
f 13/29/25 14/30/27 38/73/28 39/74/26
f 14/30/27 15/31/29 37/72/30 38/73/28
f 15/31/29 16/32/31 36/71/32 37/72/30
f 16/32/31 1/33/1 35/69/4 36/71/32
s 2
f 2/2/33 1/1/34 33/67/35
f 3/3/36 2/2/33 33/67/35
f 4/4/37 3/3/36 33/67/35
f 5/5/38 4/4/37 33/67/35
f 6/6/39 5/5/38 33/67/35
f 7/7/40 6/6/39 33/67/35
f 8/8/41 7/7/40 33/67/35
f 9/9/42 8/8/41 33/67/35
f 10/10/43 9/9/42 33/67/35
f 11/11/44 10/10/43 33/67/35
f 12/12/45 11/11/44 33/67/35
f 13/13/46 12/12/45 33/67/35
f 14/14/47 13/13/46 33/67/35
f 15/15/48 14/14/47 33/67/35
f 16/16/49 15/15/48 33/67/35
f 1/1/34 16/16/49 33/67/35
s 3
f 17/65/50 18/64/51 34/68/52
f 18/64/51 19/63/53 34/68/52
f 19/63/53 20/62/54 34/68/52
f 20/62/54 21/61/55 34/68/52
f 21/61/55 22/60/56 34/68/52
f 22/60/56 23/59/57 34/68/52
f 23/59/57 24/58/58 34/68/52
f 24/58/58 25/57/59 34/68/52
f 25/57/59 26/56/60 34/68/52
f 26/56/60 27/55/61 34/68/52
f 27/55/61 28/54/62 34/68/52
f 28/54/62 29/53/63 34/68/52
f 29/53/63 30/52/64 34/68/52
f 30/52/64 31/51/65 34/68/52
f 31/51/65 32/66/66 34/68/52
f 32/66/66 17/65/50 34/68/52
s 1
f 36/71/32 35/69/4 51/86/67 52/88/68
f 37/72/30 36/71/32 52/88/68 53/89/69
f 38/73/28 37/72/30 53/89/69 54/90/70
f 39/74/26 38/73/28 54/90/70 55/91/71
f 40/75/24 39/74/26 55/91/71 56/92/72
f 41/76/22 40/75/24 56/92/72 57/93/73
f 42/77/20 41/76/22 57/93/73 58/94/74
f 43/78/18 42/77/20 58/94/74 59/95/75
f 44/79/16 43/78/18 59/95/75 60/96/76
f 45/80/14 44/79/16 60/96/76 61/97/77
f 46/81/12 45/80/14 61/97/77 62/98/78
f 47/82/10 46/81/12 62/98/78 63/99/79
f 48/83/8 47/82/10 63/99/79 64/100/80
f 49/84/6 48/83/8 64/100/80 65/101/81
f 50/85/3 49/84/6 65/101/81 66/102/82
f 35/70/4 50/85/3 66/102/82 51/87/67
f 52/88/68 51/86/67 67/230/83 68/234/84
f 53/89/69 52/88/68 68/234/84 69/238/85
f 54/90/70 53/89/69 69/238/85 70/242/86
f 55/91/71 54/90/70 70/242/86 71/246/87
f 56/92/72 55/91/71 71/246/87 72/250/88
f 57/93/73 56/92/72 72/250/88 73/254/89
f 58/94/74 57/93/73 73/254/89 74/258/90
f 59/95/75 58/94/74 74/258/90 75/262/91
f 60/96/76 59/95/75 75/262/91 76/266/92
f 61/97/77 60/96/76 76/266/92 77/270/93
f 62/98/78 61/97/77 77/270/93 78/274/94
f 63/99/79 62/98/78 78/274/94 79/278/95
f 64/100/80 63/99/79 79/278/95 80/282/96
f 65/101/81 64/100/80 80/282/96 81/286/97
f 66/102/82 65/101/81 81/286/97 82/290/98
f 51/87/67 66/102/82 82/290/98 67/103/83
s 4
f 84/232/99 83/104/100 99/105/101 100/107/102
f 85/236/103 84/232/99 100/107/102 101/108/104
f 86/240/105 85/236/103 101/108/104 102/109/106
f 87/244/107 86/240/105 102/109/106 103/110/108
f 88/248/109 87/244/107 103/110/108 104/111/110
f 89/252/111 88/248/109 104/111/110 105/112/112
f 90/256/113 89/252/111 105/112/112 106/113/114
f 91/260/115 90/256/113 106/113/114 107/114/116
f 92/264/117 91/260/115 107/114/116 108/115/118
f 93/268/119 92/264/117 108/115/118 109/116/120
f 94/272/121 93/268/119 109/116/120 110/117/122
f 95/276/123 94/272/121 110/117/122 111/118/124
f 96/280/125 95/276/123 111/118/124 112/119/126
f 97/284/127 96/280/125 112/119/126 113/120/128
f 98/288/129 97/284/127 113/120/128 114/121/130
f 83/292/100 98/288/129 114/121/130 99/106/101
f 100/107/102 99/105/101 115/398/131 116/402/132
f 101/108/104 100/107/102 116/402/132 117/406/133
f 102/109/106 101/108/104 117/406/133 118/410/134
f 103/110/108 102/109/106 118/410/134 119/414/135
f 104/111/110 103/110/108 119/414/135 120/418/136
f 105/112/112 104/111/110 120/418/136 121/422/137
f 106/113/114 105/112/112 121/422/137 122/426/138
f 107/114/116 106/113/114 122/426/138 123/430/139
f 108/115/118 107/114/116 123/430/139 124/434/140
f 109/116/120 108/115/118 124/434/140 125/438/141
f 110/117/122 109/116/120 125/438/141 126/442/142
f 111/118/124 110/117/122 126/442/142 127/446/143
f 112/119/126 111/118/124 127/446/143 128/450/144
f 113/120/128 112/119/126 128/450/144 129/454/145
f 114/121/130 113/120/128 129/454/145 130/458/146
f 99/106/101 114/121/130 130/458/146 115/122/131
s 5
f 132/400/147 131/123/148 147/124/149 148/126/150
f 133/404/151 132/400/147 148/126/150 149/127/152
f 134/408/153 133/404/151 149/127/152 150/128/154
f 135/412/155 134/408/153 150/128/154 151/129/156
f 136/416/157 135/412/155 151/129/156 152/130/158
f 137/420/159 136/416/157 152/130/158 153/131/160
f 138/424/161 137/420/159 153/131/160 154/132/162
f 139/428/163 138/424/161 154/132/162 155/133/164
f 140/432/165 139/428/163 155/133/164 156/134/166
f 141/436/167 140/432/165 156/134/166 157/135/168
f 142/440/169 141/436/167 157/135/168 158/136/170
f 143/444/171 142/440/169 158/136/170 159/137/172
f 144/448/173 143/444/171 159/137/172 160/138/174
f 145/452/175 144/448/173 160/138/174 161/139/176
f 146/456/177 145/452/175 161/139/176 162/140/178
f 131/460/148 146/456/177 162/140/178 147/125/149
f 148/126/150 147/124/149 163/141/179 164/143/180
f 149/127/152 148/126/150 164/143/180 165/144/181
f 150/128/154 149/127/152 165/144/181 166/145/182
f 151/129/156 150/128/154 166/145/182 167/146/183
f 152/130/158 151/129/156 167/146/183 168/147/184
f 153/131/160 152/130/158 168/147/184 169/148/185
f 154/132/162 153/131/160 169/148/185 170/149/186
f 155/133/164 154/132/162 170/149/186 171/150/187
f 156/134/166 155/133/164 171/150/187 172/151/188
f 157/135/168 156/134/166 172/151/188 173/152/189
f 158/136/170 157/135/168 173/152/189 174/153/190
f 159/137/172 158/136/170 174/153/190 175/154/191
f 160/138/174 159/137/172 175/154/191 176/155/192
f 161/139/176 160/138/174 176/155/192 177/156/193
f 162/140/178 161/139/176 177/156/193 178/157/194
f 147/125/149 162/140/178 178/157/194 163/142/179
f 164/143/180 163/141/179 17/50/195 32/49/196
f 165/144/181 164/143/180 32/49/196 31/48/197
f 166/145/182 165/144/181 31/48/197 30/47/198
f 167/146/183 166/145/182 30/47/198 29/46/199
f 168/147/184 167/146/183 29/46/199 28/45/200
f 169/148/185 168/147/184 28/45/200 27/44/201
f 170/149/186 169/148/185 27/44/201 26/43/202
f 171/150/187 170/149/186 26/43/202 25/42/203
f 172/151/188 171/150/187 25/42/203 24/41/204
f 173/152/189 172/151/188 24/41/204 23/40/205
f 174/153/190 173/152/189 23/40/205 22/39/206
f 175/154/191 174/153/190 22/39/206 21/38/207
f 176/155/192 175/154/191 21/38/207 20/37/208
f 177/156/193 176/155/192 20/37/208 19/36/209
f 178/157/194 177/156/193 19/36/209 18/35/210
f 163/142/179 178/157/194 18/35/210 17/34/195
s 6
f 212/160/211 211/161/212 213/162/213 214/163/214
f 215/164/215 212/160/211 214/163/214 216/165/216
f 217/166/217 215/164/215 216/165/216 218/167/218
f 219/168/219 217/166/217 218/167/218 220/169/220
f 221/170/221 219/168/219 220/169/220 222/171/222
f 223/172/223 221/170/221 222/171/222 224/173/224
f 225/174/225 223/172/223 224/173/224 226/175/226
f 227/176/227 225/174/225 226/175/226 228/177/228
f 229/178/229 227/176/227 228/177/228 230/179/230
f 231/180/231 229/178/229 230/179/230 232/181/232
f 233/182/233 231/180/231 232/181/232 234/183/234
f 235/184/235 233/182/233 234/183/234 236/185/236
f 237/186/237 235/184/235 236/185/236 238/187/238
f 239/188/239 237/186/237 238/187/238 240/189/240
f 241/190/241 239/188/239 240/189/240 242/191/242
f 211/192/212 241/190/241 242/191/242 213/193/213
s 7
f 180/199/243 179/158/244 211/161/245 212/160/246
s 8
f 195/294/247 196/296/248 214/163/249 213/162/250
s 7
f 181/201/251 180/199/243 212/160/246 215/164/252
s 8
f 196/296/248 197/298/253 216/165/254 214/163/249
s 7
f 182/203/255 181/201/251 215/164/252 217/166/256
s 8
f 197/298/253 198/300/257 218/167/258 216/165/254
s 7
f 183/205/259 182/203/255 217/166/256 219/168/260
s 8
f 198/300/257 199/302/261 220/169/262 218/167/258
s 7
f 184/207/263 183/205/259 219/168/260 221/170/264
s 8
f 199/302/261 200/304/265 222/171/266 220/169/262
s 7
f 185/209/267 184/207/263 221/170/264 223/172/268
s 8
f 200/304/265 201/306/269 224/173/270 222/171/266
s 7
f 186/211/271 185/209/267 223/172/268 225/174/272
s 8
f 201/306/269 202/308/273 226/175/274 224/173/270
s 7
f 187/213/275 186/211/271 225/174/272 227/176/276
s 8
f 202/308/273 203/310/277 228/177/278 226/175/274
s 7
f 188/215/279 187/213/275 227/176/276 229/178/280
s 8
f 203/310/277 204/312/281 230/179/282 228/177/278
s 7
f 189/217/283 188/215/279 229/178/280 231/180/284
s 8
f 204/312/281 205/314/285 232/181/286 230/179/282
s 7
f 190/219/287 189/217/283 231/180/284 233/182/288
s 8
f 205/314/285 206/316/289 234/183/290 232/181/286
s 7
f 191/221/291 190/219/287 233/182/288 235/184/292
s 8
f 206/316/289 207/318/293 236/185/294 234/183/290
s 7
f 192/223/295 191/221/291 235/184/292 237/186/296
s 8
f 207/318/293 208/320/297 238/187/298 236/185/294
s 7
f 193/225/299 192/223/295 237/186/296 239/188/300
s 8
f 208/320/297 209/322/301 240/189/302 238/187/298
s 7
f 194/227/303 193/225/299 239/188/300 241/190/304
s 8
f 209/322/301 210/324/305 242/191/306 240/189/302
s 7
f 179/229/244 194/227/303 241/190/304 211/192/245
s 8
f 210/324/305 195/159/247 213/193/250 242/191/306
s 9
f 243/194/307 244/291/308 303/287/309 304/228/310
f 244/195/308 243/198/307 246/200/311 245/231/312
f 245/231/312 246/200/311 252/202/313 251/235/314
s 10
f 247/196/315 248/325/316 306/323/317 305/293/318
f 248/197/316 247/233/315 249/237/319 250/295/320
f 250/295/320 249/237/319 253/241/321 254/297/322
s 9
f 251/235/314 252/202/313 256/204/323 255/239/324
s 10
f 254/297/322 253/241/321 257/245/325 258/299/326
s 9
f 255/239/324 256/204/323 260/206/327 259/243/328
s 10
f 258/299/326 257/245/325 261/249/329 262/301/330
s 9
f 259/243/328 260/206/327 264/208/331 263/247/332
s 10
f 262/301/330 261/249/329 265/253/333 266/303/334
s 9
f 263/247/332 264/208/331 268/210/335 267/251/336
s 10
f 266/303/334 265/253/333 269/257/337 270/305/338
s 9
f 267/251/336 268/210/335 272/212/339 271/255/340
s 10
f 270/305/338 269/257/337 273/261/341 274/307/342
s 9
f 271/255/340 272/212/339 276/214/343 275/259/344
s 10
f 274/307/342 273/261/341 277/265/345 278/309/346
s 9
f 275/259/344 276/214/343 280/216/347 279/263/348
s 10
f 278/309/346 277/265/345 281/269/349 282/311/350
s 9
f 279/263/348 280/216/347 284/218/351 283/267/352
s 10
f 282/311/350 281/269/349 285/273/353 286/313/354
s 9
f 283/267/352 284/218/351 288/220/355 287/271/356
s 10
f 286/313/354 285/273/353 289/277/357 290/315/358
s 9
f 287/271/356 288/220/355 292/222/359 291/275/360
s 10
f 290/315/358 289/277/357 293/281/361 294/317/362
s 9
f 291/275/360 292/222/359 296/224/363 295/279/364
s 10
f 294/317/362 293/281/361 297/285/365 298/319/366
s 9
f 295/279/364 296/224/363 300/226/367 299/283/368
s 10
f 298/319/366 297/285/365 301/289/369 302/321/370
s 9
f 299/283/368 300/226/367 304/228/310 303/287/309
s 10
f 302/321/370 301/289/369 305/293/318 306/323/317
s 11
f 246/200/371 243/198/372 179/158/373 180/199/374
f 252/202/375 246/200/371 180/199/374 181/201/376
f 256/204/377 252/202/375 181/201/376 182/203/378
f 260/206/379 256/204/377 182/203/378 183/205/380
f 264/208/381 260/206/379 183/205/380 184/207/382
f 268/210/383 264/208/381 184/207/382 185/209/384
f 272/212/385 268/210/383 185/209/384 186/211/386
f 276/214/387 272/212/385 186/211/386 187/213/388
f 280/216/389 276/214/387 187/213/388 188/215/390
f 284/218/391 280/216/389 188/215/390 189/217/392
f 288/220/393 284/218/391 189/217/392 190/219/394
f 292/222/395 288/220/393 190/219/394 191/221/396
f 296/224/397 292/222/395 191/221/396 192/223/398
f 300/226/399 296/224/397 192/223/398 193/225/400
f 304/228/401 300/226/399 193/225/400 194/227/402
f 243/194/372 304/228/401 194/227/402 179/229/373
s 12
f 68/234/403 67/230/404 244/195/405 245/231/406
s 13
f 83/104/407 84/232/408 249/237/409 247/233/410
s 12
f 69/238/411 68/234/403 245/231/406 251/235/412
s 13
f 84/232/408 85/236/413 253/241/414 249/237/409
s 12
f 70/242/415 69/238/411 251/235/412 255/239/416
s 13
f 85/236/413 86/240/417 257/245/418 253/241/414
s 12
f 71/246/419 70/242/415 255/239/416 259/243/420
s 13
f 86/240/417 87/244/421 261/249/422 257/245/418
s 12
f 72/250/423 71/246/419 259/243/420 263/247/424
s 13
f 87/244/421 88/248/425 265/253/426 261/249/422
s 12
f 73/254/427 72/250/423 263/247/424 267/251/428
s 13
f 88/248/425 89/252/429 269/257/430 265/253/426
s 12
f 74/258/431 73/254/427 267/251/428 271/255/432
s 13
f 89/252/429 90/256/433 273/261/434 269/257/430
s 12
f 75/262/435 74/258/431 271/255/432 275/259/436
s 13
f 90/256/433 91/260/437 277/265/438 273/261/434
s 12
f 76/266/439 75/262/435 275/259/436 279/263/440
s 13
f 91/260/437 92/264/441 281/269/442 277/265/438
s 12
f 77/270/443 76/266/439 279/263/440 283/267/444
s 13
f 92/264/441 93/268/445 285/273/446 281/269/442
s 12
f 78/274/447 77/270/443 283/267/444 287/271/448
s 13
f 93/268/445 94/272/449 289/277/450 285/273/446
s 12
f 79/278/451 78/274/447 287/271/448 291/275/452
s 13
f 94/272/449 95/276/453 293/281/454 289/277/450
s 12
f 80/282/455 79/278/451 291/275/452 295/279/456
s 13
f 95/276/453 96/280/457 297/285/458 293/281/454
s 12
f 81/286/459 80/282/455 295/279/456 299/283/460
s 13
f 96/280/457 97/284/461 301/289/462 297/285/458
s 12
f 82/290/463 81/286/459 299/283/460 303/287/464
s 13
f 97/284/461 98/288/465 305/293/466 301/289/462
s 12
f 67/103/404 82/290/463 303/287/464 244/291/405
s 13
f 98/288/465 83/292/407 247/196/410 305/293/466
s 14
f 196/296/467 195/294/468 248/197/469 250/295/470
f 197/298/471 196/296/467 250/295/470 254/297/472
f 198/300/473 197/298/471 254/297/472 258/299/474
f 199/302/475 198/300/473 258/299/474 262/301/476
f 200/304/477 199/302/475 262/301/476 266/303/478
f 201/306/479 200/304/477 266/303/478 270/305/480
f 202/308/481 201/306/479 270/305/480 274/307/482
f 203/310/483 202/308/481 274/307/482 278/309/484
f 204/312/485 203/310/483 278/309/484 282/311/486
f 205/314/487 204/312/485 282/311/486 286/313/488
f 206/316/489 205/314/487 286/313/488 290/315/490
f 207/318/491 206/316/489 290/315/490 294/317/492
f 208/320/493 207/318/491 294/317/492 298/319/494
f 209/322/495 208/320/493 298/319/494 302/321/496
f 210/324/497 209/322/495 302/321/496 306/323/498
f 195/159/468 210/324/497 306/323/498 248/325/469
s 15
f 340/328/499 339/329/500 341/330/501 342/331/502
f 343/332/503 340/328/499 342/331/502 344/333/504
f 345/334/505 343/332/503 344/333/504 346/335/506
f 347/336/507 345/334/505 346/335/506 348/337/508
f 349/338/509 347/336/507 348/337/508 350/339/510
f 351/340/511 349/338/509 350/339/510 352/341/512
f 353/342/513 351/340/511 352/341/512 354/343/514
f 355/344/515 353/342/513 354/343/514 356/345/516
f 357/346/517 355/344/515 356/345/516 358/347/518
f 359/348/519 357/346/517 358/347/518 360/349/520
f 361/350/521 359/348/519 360/349/520 362/351/522
f 363/352/523 361/350/521 362/351/522 364/353/524
f 365/354/525 363/352/523 364/353/524 366/355/526
f 367/356/527 365/354/525 366/355/526 368/357/528
f 369/358/529 367/356/527 368/357/528 370/359/530
f 339/360/500 369/358/529 370/359/530 341/361/501
s 16
f 308/367/531 307/326/532 339/329/533 340/328/534
s 17
f 323/462/535 324/464/536 342/331/537 341/330/538
s 16
f 309/369/539 308/367/531 340/328/534 343/332/540
s 17
f 324/464/536 325/466/541 344/333/542 342/331/537
s 16
f 310/371/543 309/369/539 343/332/540 345/334/544
s 17
f 325/466/541 326/468/545 346/335/546 344/333/542
s 16
f 311/373/547 310/371/543 345/334/544 347/336/548
s 17
f 326/468/545 327/470/549 348/337/550 346/335/546
s 16
f 312/375/551 311/373/547 347/336/548 349/338/552
s 17
f 327/470/549 328/472/553 350/339/554 348/337/550
s 16
f 313/377/555 312/375/551 349/338/552 351/340/556
s 17
f 328/472/553 329/474/557 352/341/558 350/339/554
s 16
f 314/379/559 313/377/555 351/340/556 353/342/560
s 17
f 329/474/557 330/476/561 354/343/562 352/341/558
s 16
f 315/381/563 314/379/559 353/342/560 355/344/564
s 17
f 330/476/561 331/478/565 356/345/566 354/343/562
s 16
f 316/383/567 315/381/563 355/344/564 357/346/568
s 17
f 331/478/565 332/480/569 358/347/570 356/345/566
s 16
f 317/385/571 316/383/567 357/346/568 359/348/572
s 17
f 332/480/569 333/482/573 360/349/574 358/347/570
s 16
f 318/387/575 317/385/571 359/348/572 361/350/576
s 17
f 333/482/573 334/484/577 362/351/578 360/349/574
s 16
f 319/389/579 318/387/575 361/350/576 363/352/580
s 17
f 334/484/577 335/486/581 364/353/582 362/351/578
s 16
f 320/391/583 319/389/579 363/352/580 365/354/584
s 17
f 335/486/581 336/488/585 366/355/586 364/353/582
s 16
f 321/393/587 320/391/583 365/354/584 367/356/588
s 17
f 336/488/585 337/490/589 368/357/590 366/355/586
s 16
f 322/395/591 321/393/587 367/356/588 369/358/592
s 17
f 337/490/589 338/492/593 370/359/594 368/357/590
s 16
f 307/397/532 322/395/591 369/358/592 339/360/533
s 17
f 338/492/593 323/327/535 341/361/538 370/359/594
s 18
f 371/362/595 372/459/596 431/455/597 432/396/598
f 372/363/596 371/366/595 374/368/599 373/399/600
f 373/399/600 374/368/599 380/370/601 379/403/602
s 19
f 375/364/603 376/493/604 434/491/605 433/461/606
f 376/365/604 375/401/603 377/405/607 378/463/608
f 378/463/608 377/405/607 381/409/609 382/465/610
s 18
f 379/403/602 380/370/601 384/372/611 383/407/612
s 19
f 382/465/610 381/409/609 385/413/613 386/467/614
s 18
f 383/407/612 384/372/611 388/374/615 387/411/616
s 19
f 386/467/614 385/413/613 389/417/617 390/469/618
s 18
f 387/411/616 388/374/615 392/376/619 391/415/620
s 19
f 390/469/618 389/417/617 393/421/621 394/471/622
s 18
f 391/415/620 392/376/619 396/378/623 395/419/624
s 19
f 394/471/622 393/421/621 397/425/625 398/473/626
s 18
f 395/419/624 396/378/623 400/380/627 399/423/628
s 19
f 398/473/626 397/425/625 401/429/629 402/475/630
s 18
f 399/423/628 400/380/627 404/382/631 403/427/632
s 19
f 402/475/630 401/429/629 405/433/633 406/477/634
s 18
f 403/427/632 404/382/631 408/384/635 407/431/636
s 19
f 406/477/634 405/433/633 409/437/637 410/479/638
s 18
f 407/431/636 408/384/635 412/386/639 411/435/640
s 19
f 410/479/638 409/437/637 413/441/641 414/481/642
s 18
f 411/435/640 412/386/639 416/388/643 415/439/644
s 19
f 414/481/642 413/441/641 417/445/645 418/483/646
s 18
f 415/439/644 416/388/643 420/390/647 419/443/648
s 19
f 418/483/646 417/445/645 421/449/649 422/485/650
s 18
f 419/443/648 420/390/647 424/392/651 423/447/652
s 19
f 422/485/650 421/449/649 425/453/653 426/487/654
s 18
f 423/447/652 424/392/651 428/394/655 427/451/656
s 19
f 426/487/654 425/453/653 429/457/657 430/489/658
s 18
f 427/451/656 428/394/655 432/396/598 431/455/597
s 19
f 430/489/658 429/457/657 433/461/606 434/491/605
s 20
f 374/368/659 371/366/660 307/326/661 308/367/662
f 380/370/663 374/368/659 308/367/662 309/369/664
f 384/372/665 380/370/663 309/369/664 310/371/666
f 388/374/667 384/372/665 310/371/666 311/373/668
f 392/376/669 388/374/667 311/373/668 312/375/670
f 396/378/671 392/376/669 312/375/670 313/377/672
f 400/380/673 396/378/671 313/377/672 314/379/674
f 404/382/675 400/380/673 314/379/674 315/381/676
f 408/384/677 404/382/675 315/381/676 316/383/678
f 412/386/679 408/384/677 316/383/678 317/385/680
f 416/388/681 412/386/679 317/385/680 318/387/682
f 420/390/683 416/388/681 318/387/682 319/389/684
f 424/392/685 420/390/683 319/389/684 320/391/686
f 428/394/687 424/392/685 320/391/686 321/393/688
f 432/396/689 428/394/687 321/393/688 322/395/690
f 371/362/660 432/396/689 322/395/690 307/397/661
s 21
f 116/402/691 115/398/692 372/363/693 373/399/694
s 22
f 131/123/695 132/400/696 377/405/697 375/401/698
s 21
f 117/406/699 116/402/691 373/399/694 379/403/700
s 22
f 132/400/696 133/404/701 381/409/702 377/405/697
s 21
f 118/410/703 117/406/699 379/403/700 383/407/704
s 22
f 133/404/701 134/408/705 385/413/706 381/409/702
s 21
f 119/414/707 118/410/703 383/407/704 387/411/708
s 22
f 134/408/705 135/412/709 389/417/710 385/413/706
s 21
f 120/418/711 119/414/707 387/411/708 391/415/712
s 22
f 135/412/709 136/416/713 393/421/714 389/417/710
s 21
f 121/422/715 120/418/711 391/415/712 395/419/716
s 22
f 136/416/713 137/420/717 397/425/718 393/421/714
s 21
f 122/426/719 121/422/715 395/419/716 399/423/720
s 22
f 137/420/717 138/424/721 401/429/722 397/425/718
s 21
f 123/430/723 122/426/719 399/423/720 403/427/724
s 22
f 138/424/721 139/428/725 405/433/726 401/429/722
s 21
f 124/434/727 123/430/723 403/427/724 407/431/728
s 22
f 139/428/725 140/432/729 409/437/730 405/433/726
s 21
f 125/438/731 124/434/727 407/431/728 411/435/732
s 22
f 140/432/729 141/436/733 413/441/734 409/437/730
s 21
f 126/442/735 125/438/731 411/435/732 415/439/736
s 22
f 141/436/733 142/440/737 417/445/738 413/441/734
s 21
f 127/446/739 126/442/735 415/439/736 419/443/740
s 22
f 142/440/737 143/444/741 421/449/742 417/445/738
s 21
f 128/450/743 127/446/739 419/443/740 423/447/744
s 22
f 143/444/741 144/448/745 425/453/746 421/449/742
s 21
f 129/454/747 128/450/743 423/447/744 427/451/748
s 22
f 144/448/745 145/452/749 429/457/750 425/453/746
s 21
f 130/458/751 129/454/747 427/451/748 431/455/752
s 22
f 145/452/749 146/456/753 433/461/754 429/457/750
s 21
f 115/122/692 130/458/751 431/455/752 372/459/693
s 22
f 146/456/753 131/460/695 375/364/698 433/461/754
s 23
f 324/464/755 323/462/756 376/365/757 378/463/758
f 325/466/759 324/464/755 378/463/758 382/465/760
f 326/468/761 325/466/759 382/465/760 386/467/762
f 327/470/763 326/468/761 386/467/762 390/469/764
f 328/472/765 327/470/763 390/469/764 394/471/766
f 329/474/767 328/472/765 394/471/766 398/473/768
f 330/476/769 329/474/767 398/473/768 402/475/770
f 331/478/771 330/476/769 402/475/770 406/477/772
f 332/480/773 331/478/771 406/477/772 410/479/774
f 333/482/775 332/480/773 410/479/774 414/481/776
f 334/484/777 333/482/775 414/481/776 418/483/778
f 335/486/779 334/484/777 418/483/778 422/485/780
f 336/488/781 335/486/779 422/485/780 426/487/782
f 337/490/783 336/488/781 426/487/782 430/489/784
f 338/492/785 337/490/783 430/489/784 434/491/786
f 323/327/756 338/492/785 434/491/786 376/493/757
g default
v -3549.029941 122.584018 74.264096
v -3553.147946 122.584018 68.101061
v -3559.310977 122.584018 63.983050
v -3566.580770 122.584018 62.536995
v -3573.850564 122.584018 63.983042
v -3580.013600 122.584018 68.101046
v -3584.131610 122.584018 74.264078
v -3585.577664 122.584018 81.533872
v -3584.131614 122.584018 88.803666
v -3580.013608 122.584018 94.966702
v -3573.850576 122.584018 99.084710
v -3566.580782 122.584018 100.530763
v -3559.310989 122.584018 99.084712
v -3553.147954 122.584018 94.966706
v -3549.029947 122.584018 88.803672
v -3547.583894 122.584018 81.533878
v -3549.029941 127.864683 74.264096
v -3553.147946 127.864683 68.101061
v -3559.310977 127.864683 63.983050
v -3566.580770 127.864683 62.536995
v -3573.850564 127.864683 63.983042
v -3580.013600 127.864683 68.101046
v -3584.131610 127.864683 74.264078
v -3585.577664 127.864683 81.533872
v -3584.131614 127.864683 88.803666
v -3580.013608 127.864683 94.966702
v -3573.850576 127.864683 99.084710
v -3566.580782 127.864683 100.530763
v -3559.310989 127.864683 99.084712
v -3553.147954 127.864683 94.966706
v -3549.029947 127.864683 88.803672
v -3547.583894 127.864683 81.533878
v -3566.580779 122.584018 81.533878
v -3566.580779 127.864683 81.533878
vt 0.644356 0.096456
vt 0.610485 0.045765
vt 0.559794 0.011894
vt 0.500000 0.000000
vt 0.440206 0.011894
vt 0.389515 0.045765
vt 0.355644 0.096456
vt 0.343750 0.156250
vt 0.355644 0.216044
vt 0.389515 0.266735
vt 0.440206 0.300606
vt 0.500000 0.312500
vt 0.559794 0.300606
vt 0.610485 0.266735
vt 0.644356 0.216044
vt 0.656250 0.156250
vt 0.375000 0.312500
vt 0.390625 0.312500
vt 0.406250 0.312500
vt 0.421875 0.312500
vt 0.437500 0.312500
vt 0.453125 0.312500
vt 0.468750 0.312500
vt 0.484375 0.312500
vt 0.500000 0.312500
vt 0.515625 0.312500
vt 0.531250 0.312500
vt 0.546875 0.312500
vt 0.562500 0.312500
vt 0.578125 0.312500
vt 0.593750 0.312500
vt 0.609375 0.312500
vt 0.625000 0.312500
vt 0.375000 0.687500
vt 0.390625 0.687500
vt 0.406250 0.687500
vt 0.421875 0.687500
vt 0.437500 0.687500
vt 0.453125 0.687500
vt 0.468750 0.687500
vt 0.484375 0.687500
vt 0.500000 0.687500
vt 0.515625 0.687500
vt 0.531250 0.687500
vt 0.546875 0.687500
vt 0.562500 0.687500
vt 0.578125 0.687500
vt 0.593750 0.687500
vt 0.609375 0.687500
vt 0.625000 0.687500
vt 0.644356 0.783956
vt 0.610485 0.733265
vt 0.559794 0.699394
vt 0.500000 0.687500
vt 0.440206 0.699394
vt 0.389515 0.733265
vt 0.355644 0.783956
vt 0.343750 0.843750
vt 0.355644 0.903544
vt 0.389515 0.954235
vt 0.440206 0.988106
vt 0.500000 1.000000
vt 0.559794 0.988106
vt 0.610485 0.954235
vt 0.644356 0.903544
vt 0.656250 0.843750
vt 0.500000 0.156250
vt 0.500000 0.843750
vn 0.923880 0.000000 -0.382683
vn 0.707107 0.000000 -0.707107
vn 0.707107 0.000000 -0.707107
vn 0.923880 0.000000 -0.382683
vn 0.382684 0.000000 -0.923879
vn 0.382684 0.000000 -0.923879
vn 0.000001 0.000000 -1.000000
vn 0.000001 0.000000 -1.000000
vn -0.382683 0.000000 -0.923880
vn -0.382683 0.000000 -0.923880
vn -0.707106 0.000000 -0.707107
vn -0.707106 0.000000 -0.707107
vn -0.923879 0.000000 -0.382684
vn -0.923879 0.000000 -0.382684
vn -1.000000 0.000000 -0.000000
vn -1.000000 0.000000 -0.000000
vn -0.923880 0.000000 0.382683
vn -0.923880 0.000000 0.382683
vn -0.707107 0.000000 0.707107
vn -0.707107 0.000000 0.707107
vn -0.382684 0.000000 0.923880
vn -0.382684 0.000000 0.923880
vn -0.000000 0.000000 1.000000
vn -0.000000 0.000000 1.000000
vn 0.382683 0.000000 0.923880
vn 0.382683 0.000000 0.923880
vn 0.707107 0.000000 0.707107
vn 0.707107 0.000000 0.707107
vn 0.923880 0.000000 0.382683
vn 0.923880 0.000000 0.382683
vn 1.000000 0.000000 0.000000
vn 1.000000 0.000000 0.000000
vn 0.000000 -1.000000 0.000000
vn 0.000000 -1.000000 0.000000
vn 0.000000 -1.000000 -0.000000
vn 0.000000 -1.000000 -0.000000
vn 0.000000 -1.000000 -0.000000
vn 0.000000 -1.000000 -0.000000
vn 0.000000 -1.000000 -0.000000
vn 0.000000 -1.000000 0.000000
vn 0.000000 -1.000000 0.000000
vn 0.000000 -1.000000 0.000000
vn 0.000000 -1.000000 0.000000
vn 0.000000 -1.000000 -0.000000
vn 0.000000 -1.000000 -0.000000
vn 0.000000 -1.000000 -0.000000
vn 0.000000 -1.000000 -0.000000
vn 0.000000 -1.000000 0.000000
vn 0.000000 -1.000000 0.000000
vn 0.000000 1.000000 0.000000
vn 0.000000 1.000000 0.000000
vn 0.000000 1.000000 0.000000
vn 0.000000 1.000000 0.000000
vn 0.000000 1.000000 0.000000
vn 0.000000 1.000000 -0.000000
vn 0.000000 1.000000 0.000000
vn 0.000000 1.000000 0.000000
vn 0.000000 1.000000 0.000000
vn 0.000000 1.000000 0.000000
vn 0.000000 1.000000 0.000000
vn 0.000000 1.000000 0.000000
vn 0.000000 1.000000 0.000000
vn 0.000000 1.000000 -0.000000
vn 0.000000 1.000000 0.000000
vn 0.000000 1.000000 0.000000
vn 0.000000 1.000000 0.000000
s 1
g pCylinder84
usemtl initialShadingGroup
f 435/510/787 436/511/788 452/528/789 451/527/790
f 436/511/788 437/512/791 453/529/792 452/528/789
f 437/512/791 438/513/793 454/530/794 453/529/792
f 438/513/793 439/514/795 455/531/796 454/530/794
f 439/514/795 440/515/797 456/532/798 455/531/796
f 440/515/797 441/516/799 457/533/800 456/532/798
f 441/516/799 442/517/801 458/534/802 457/533/800
f 442/517/801 443/518/803 459/535/804 458/534/802
f 443/518/803 444/519/805 460/536/806 459/535/804
f 444/519/805 445/520/807 461/537/808 460/536/806
f 445/520/807 446/521/809 462/538/810 461/537/808
f 446/521/809 447/522/811 463/539/812 462/538/810
f 447/522/811 448/523/813 464/540/814 463/539/812
f 448/523/813 449/524/815 465/541/816 464/540/814
f 449/524/815 450/525/817 466/542/818 465/541/816
f 450/525/817 435/526/787 451/543/790 466/542/818
s 2
f 436/495/819 435/494/820 467/560/821
f 437/496/822 436/495/819 467/560/821
f 438/497/823 437/496/822 467/560/821
f 439/498/824 438/497/823 467/560/821
f 440/499/825 439/498/824 467/560/821
f 441/500/826 440/499/825 467/560/821
f 442/501/827 441/500/826 467/560/821
f 443/502/828 442/501/827 467/560/821
f 444/503/829 443/502/828 467/560/821
f 445/504/830 444/503/829 467/560/821
f 446/505/831 445/504/830 467/560/821
f 447/506/832 446/505/831 467/560/821
f 448/507/833 447/506/832 467/560/821
f 449/508/834 448/507/833 467/560/821
f 450/509/835 449/508/834 467/560/821
f 435/494/820 450/509/835 467/560/821
s 3
f 451/558/836 452/557/837 468/561/838
f 452/557/837 453/556/839 468/561/838
f 453/556/839 454/555/840 468/561/838
f 454/555/840 455/554/841 468/561/838
f 455/554/841 456/553/842 468/561/838
f 456/553/842 457/552/843 468/561/838
f 457/552/843 458/551/844 468/561/838
f 458/551/844 459/550/845 468/561/838
f 459/550/845 460/549/846 468/561/838
f 460/549/846 461/548/847 468/561/838
f 461/548/847 462/547/848 468/561/838
f 462/547/848 463/546/849 468/561/838
f 463/546/849 464/545/850 468/561/838
f 464/545/850 465/544/851 468/561/838
f 465/544/851 466/559/852 468/561/838
f 466/559/852 451/558/836 468/561/838
g default
v -3563.462495 157.823250 80.025444
v -3564.317044 157.823250 78.746667
v -3565.595810 157.823250 77.892210
v -3567.104244 157.823250 77.592163
v -3568.612678 157.823250 77.892210
v -3569.891444 157.823250 78.746664
v -3570.745796 157.823250 80.025444
v -3571.045904 157.823250 81.533869
v -3570.745796 157.823250 83.042295
v -3569.891444 157.823250 84.321082
v -3568.612678 157.823250 85.175535
v -3567.104244 157.823250 85.475585
v -3565.595810 157.823250 85.175535
v -3564.317044 157.823250 84.321082
v -3563.462495 157.823250 83.042295
v -3563.162585 157.823250 81.533869
v -3559.960836 158.973007 78.574988
v -3561.636983 158.973007 76.066568
v -3564.145385 158.973007 74.390490
v -3567.104244 158.973007 73.801930
v -3570.063103 158.973007 74.390490
v -3572.571506 158.973007 76.066564
v -3574.247653 158.973007 78.574980
v -3574.836228 158.973007 81.533869
v -3574.247653 158.973007 84.492757
v -3572.571506 158.973007 87.001183
v -3570.063103 158.973007 88.677248
v -3567.104244 158.973007 89.265813
v -3564.145385 158.973007 88.677248
v -3561.636983 158.973007 87.001183
v -3559.960836 158.973007 84.492762
v -3559.372261 158.973007 81.533869
v -3556.733631 160.840101 77.238242
v -3559.166861 160.840101 73.596572
v -3562.808611 160.840101 71.163292
v -3567.104244 160.840101 70.308836
v -3571.399877 160.840101 71.163285
v -3575.041430 160.840101 73.596562
v -3577.474654 160.840101 77.238229
v -3578.329208 160.840101 81.533869
v -3577.474654 160.840101 85.829506
v -3575.041430 160.840101 89.471170
v -3571.399877 160.840101 91.904449
v -3567.104244 160.840101 92.758915
v -3562.808611 160.840101 91.904449
v -3559.166861 160.840101 89.471177
v -3556.733631 160.840101 85.829506
v -3555.879084 160.840101 81.533869
v -3553.904997 163.352803 76.066574
v -3557.001978 163.352803 71.431610
v -3561.636983 163.352803 68.334622
v -3567.104244 163.352803 67.247110
v -3572.571506 163.352803 68.334622
v -3577.206510 163.352803 71.431602
v -3580.303491 163.352803 76.066564
v -3581.391061 163.352803 81.533869
v -3580.303491 163.352803 87.001174
v -3577.206510 163.352803 91.636138
v -3572.571506 163.352803 94.733120
v -3567.104244 163.352803 95.820631
v -3561.636983 163.352803 94.733120
v -3557.001978 163.352803 91.636138
v -3553.904997 163.352803 87.001183
v -3552.817425 163.352803 81.533869
v -3550.290325 167.530782 74.569385
v -3554.235495 167.530782 68.665163
v -3560.139663 167.530782 64.720078
v -3567.104244 167.530782 63.334755
v -3574.068613 167.530782 64.720073
v -3579.972790 167.530782 68.665147
v -3583.917949 167.530782 74.569367
v -3585.303464 167.530782 81.533870
v -3583.918161 167.530782 88.498364
v -3579.972790 167.530782 94.402591
v -3574.068613 167.530782 98.347672
v -3567.104244 167.530782 99.732999
v -3560.139663 167.530782 98.347672
v -3554.235495 167.530782 94.402591
v -3550.290325 167.530782 88.498367
v -3548.905025 167.530782 81.533870
v -3547.275623 173.213661 73.320614
v -3551.928100 173.213661 66.357740
v -3558.890941 173.213661 61.705289
v -3567.104241 173.213661 60.071558
v -3575.317541 173.213661 61.705284
v -3582.280380 173.213661 66.357727
v -3586.932859 173.213661 73.320599
v -3588.566495 173.213661 81.533866
v -3586.932859 173.213661 89.747135
v -3582.280380 173.213661 96.710013
v -3575.317541 173.213661 101.362459
v -3567.104241 173.213661 102.996196
v -3558.890941 173.213661 101.362459
v -3551.928100 173.213661 96.710020
v -3547.275623 173.213661 89.747137
v -3545.641760 173.213661 81.533870
v -3545.462842 178.292676 72.569678
v -3550.540430 178.292676 64.970193
v -3558.140001 178.292676 59.892376
v -3567.104247 178.292676 58.109273
v -3576.068261 178.292676 59.892362
v -3583.668064 178.292676 64.970180
v -3588.745652 178.292676 72.569661
v -3590.528754 178.292676 81.533866
v -3588.745652 178.292676 90.498068
v -3583.668064 178.292676 98.097557
v -3576.068494 178.292676 103.175372
v -3567.104247 178.292676 104.958474
v -3558.140001 178.292676 103.175384
v -3550.540430 178.292676 98.097564
v -3545.462842 178.292676 90.498068
v -3543.679741 178.292676 81.533869
v -3543.786239 185.470117 71.875326
v -3549.257490 185.470117 63.687201
v -3557.445637 185.470117 58.216055
v -3567.104247 185.470117 56.294843
v -3576.762857 185.470117 58.216041
v -3584.951004 185.470117 63.687172
v -3590.422008 185.470117 71.875306
v -3592.343279 185.470117 81.533865
v -3590.422008 185.470117 91.192432
v -3584.951004 185.470117 99.380556
v -3576.762857 185.470117 104.851704
v -3567.104247 185.470117 106.772905
v -3557.445637 185.470117 104.851704
v -3549.257490 185.470117 99.380556
v -3543.786239 185.470117 91.192432
v -3541.865215 185.470117 81.533869
v -3543.149816 191.226123 71.611586
v -3548.770088 191.226123 63.199868
v -3557.181904 191.226123 57.579337
v -3567.104247 191.226123 55.605664
v -3577.026331 191.226123 57.579323
v -3585.438406 191.226123 63.199855
v -3591.058678 191.226123 71.611569
v -3593.032360 191.226123 81.533865
v -3591.058678 191.226123 91.456160
v -3585.438406 191.226123 99.867881
v -3577.026590 191.226123 105.488409
v -3567.104247 191.226123 107.462085
v -3557.181904 191.226123 105.488423
v -3548.770088 191.226123 99.867890
v -3543.149816 191.226123 91.456160
v -3541.176134 191.226123 81.533869
v -3542.907960 197.686159 71.511474
v -3548.585248 197.686159 63.014882
v -3557.081796 197.686159 57.337634
v -3567.104247 197.686159 55.344041
v -3577.126698 197.686159 57.337622
v -3585.623247 197.686159 63.014867
v -3591.300534 197.686159 71.511453
v -3593.294006 197.686159 81.533864
v -3591.300534 197.686159 91.556276
v -3585.623247 197.686159 100.052872
v -3577.126698 197.686159 105.730120
v -3567.104247 197.686159 107.723710
v -3557.081796 197.686159 105.730120
v -3548.585248 197.686159 100.052878
v -3542.907960 197.686159 91.556280
v -3540.914211 197.686159 81.533868
v -3542.547088 205.715750 71.362059
v -3548.309100 205.715750 62.738783
v -3556.932296 205.715750 56.976900
v -3567.104247 205.715750 54.953601
v -3577.275885 205.715750 56.976895
v -3585.899082 205.715750 62.738765
v -3591.661098 205.715750 71.362035
v -3593.684683 205.715750 81.533868
v -3591.661406 205.715750 91.705692
v -3585.899082 205.715750 100.328972
v -3577.275885 205.715750 106.090851
v -3567.104247 205.715750 108.114155
v -3556.932296 205.715750 106.090851
v -3548.309100 205.715750 100.328972
v -3542.547088 205.715750 91.705697
v -3540.523812 205.715750 81.533868
v -3542.872291 215.322674 71.496684
v -3548.557905 215.322674 62.987536
v -3557.067126 215.322674 57.301911
v -3567.104247 215.322674 55.305383
v -3577.141368 215.322674 57.301906
v -3585.650590 215.322674 62.987519
v -3591.336203 215.322674 71.496661
v -3593.332833 215.322674 81.533867
v -3591.336203 215.322674 91.571067
v -3585.650590 215.322674 100.080215
v -3577.141368 215.322674 105.765840
v -3567.104247 215.322674 107.762356
v -3557.067126 215.322674 105.765840
v -3548.557905 215.322674 100.080215
v -3542.872291 215.322674 91.571084
v -3540.875662 215.322674 81.533867
v -3567.104244 157.435030 81.533869
v -3549.675284 215.322674 64.105245
v -3544.332833 215.322674 72.101578
v -3542.456363 215.322674 81.533867
v -3544.332833 215.322674 90.966187
v -3549.675284 215.322674 98.962495
v -3557.671858 215.322674 104.305479
v -3567.104248 215.322674 106.181666
v -3576.536128 215.322674 104.305479
v -3584.532701 215.322697 98.962495
v -3589.875661 215.322674 90.966172
v -3591.752132 215.322674 81.533867
v -3589.875661 215.322674 72.101562
v -3584.532701 215.322674 64.105239
v -3576.536128 215.322674 58.762269
v -3567.104248 215.322674 56.886068
v -3557.671858 215.322674 58.762276
v -3560.369265 160.025628 74.799027
v -3558.304816 160.025628 77.889005
v -3563.736755 160.025645 78.166445
v -3562.704431 160.025645 79.711439
v -3557.579700 160.025628 81.533869
v -3562.341973 160.025645 81.533869
v -3558.304816 160.025628 85.178747
v -3562.704431 160.025645 83.356307
v -3560.369265 160.025628 88.268718
v -3563.736755 160.025645 84.901297
v -3563.459340 160.025628 90.333376
v -3565.281890 160.025645 85.933623
v -3567.104244 160.025628 91.058381
v -3567.104244 160.025645 86.296128
v -3570.748952 160.025628 90.333372
v -3568.926598 160.025645 85.933623
v -3573.839024 160.025645 88.268718
v -3570.471733 160.025645 84.901297
v -3571.504057 160.025645 83.356304
v -3575.903673 160.025628 85.178741
v -3571.866515 160.025645 81.533869
v -3576.628785 160.025628 81.533869
v -3571.504057 160.025645 79.711435
v -3575.903673 160.025628 77.888997
v -3570.471733 160.025645 78.166445
v -3573.839024 160.025628 74.799020
v -3568.926598 160.025645 77.134119
v -3570.748952 160.025628 72.734372
v -3567.104244 160.025645 76.771615
v -3567.104244 160.025628 72.009358
v -3565.281890 160.025645 77.134119
v -3563.459340 160.025628 72.734376
v -3567.104244 160.025645 81.533869
vt 0.000000 0.062500
vt 0.062500 0.062500
vt 0.125000 0.062500
vt 0.187500 0.062500
vt 0.250000 0.062500
vt 0.312500 0.062500
vt 0.375000 0.062500
vt 0.437500 0.062500
vt 0.500000 0.062500
vt 0.562500 0.062500
vt 0.625000 0.062500
vt 0.687500 0.062500
vt 0.750000 0.062500
vt 0.812500 0.062500
vt 0.875000 0.062500
vt 0.937500 0.062500
vt 1.000000 0.062500
vt 0.000000 0.125000
vt 0.062500 0.125000
vt 0.125000 0.125000
vt 0.187500 0.125000
vt 0.250000 0.125000
vt 0.312500 0.125000
vt 0.375000 0.125000
vt 0.437500 0.125000
vt 0.500000 0.125000
vt 0.562500 0.125000
vt 0.625000 0.125000
vt 0.687500 0.125000
vt 0.750000 0.125000
vt 0.812500 0.125000
vt 0.875000 0.125000
vt 0.937500 0.125000
vt 1.000000 0.125000
vt 0.000000 0.187500
vt 0.062500 0.187500
vt 0.125000 0.187500
vt 0.187500 0.187500
vt 0.250000 0.187500
vt 0.312500 0.187500
vt 0.375000 0.187500
vt 0.437500 0.187500
vt 0.500000 0.187500
vt 0.562500 0.187500
vt 0.625000 0.187500
vt 0.687500 0.187500
vt 0.750000 0.187500
vt 0.812500 0.187500
vt 0.875000 0.187500
vt 0.937500 0.187500
vt 1.000000 0.187500
vt 0.000000 0.250000
vt 0.062500 0.250000
vt 0.125000 0.250000
vt 0.187500 0.250000
vt 0.250000 0.250000
vt 0.312500 0.250000
vt 0.375000 0.250000
vt 0.437500 0.250000
vt 0.500000 0.250000
vt 0.562500 0.250000
vt 0.625000 0.250000
vt 0.687500 0.250000
vt 0.750000 0.250000
vt 0.812500 0.250000
vt 0.875000 0.250000
vt 0.937500 0.250000
vt 1.000000 0.250000
vt 0.000000 0.312500
vt 0.062500 0.312500
vt 0.125000 0.312500
vt 0.187500 0.312500
vt 0.250000 0.312500
vt 0.312500 0.312500
vt 0.375000 0.312500
vt 0.437500 0.312500
vt 0.500000 0.312500
vt 0.562500 0.312500
vt 0.625000 0.312500
vt 0.687500 0.312500
vt 0.750000 0.312500
vt 0.812500 0.312500
vt 0.875000 0.312500
vt 0.937500 0.312500
vt 1.000000 0.312500
vt 0.000000 0.375000
vt 0.062500 0.375000
vt 0.125000 0.375000
vt 0.187500 0.375000
vt 0.250000 0.375000
vt 0.312500 0.375000
vt 0.375000 0.375000
vt 0.437500 0.375000
vt 0.500000 0.375000
vt 0.562500 0.375000
vt 0.625000 0.375000
vt 0.687500 0.375000
vt 0.750000 0.375000
vt 0.812500 0.375000
vt 0.875000 0.375000
vt 0.937500 0.375000
vt 1.000000 0.375000
vt 0.000000 0.437500
vt 0.062500 0.437500
vt 0.125000 0.437500
vt 0.187500 0.437500
vt 0.250000 0.437500
vt 0.312500 0.437500
vt 0.375000 0.437500
vt 0.437500 0.437500
vt 0.500000 0.437500
vt 0.562500 0.437500
vt 0.625000 0.437500
vt 0.687500 0.437500
vt 0.750000 0.437500
vt 0.812500 0.437500
vt 0.875000 0.437500
vt 0.937500 0.437500
vt 1.000000 0.437500
vt 0.000000 0.500000
vt 0.062500 0.500000
vt 0.125000 0.500000
vt 0.187500 0.500000
vt 0.250000 0.500000
vt 0.312500 0.500000
vt 0.375000 0.500000
vt 0.437500 0.500000
vt 0.500000 0.500000
vt 0.562500 0.500000
vt 0.625000 0.500000
vt 0.687500 0.500000
vt 0.750000 0.500000
vt 0.812500 0.500000
vt 0.875000 0.500000
vt 0.937500 0.500000
vt 1.000000 0.500000
vt 0.000000 0.562500
vt 0.062500 0.562500
vt 0.125000 0.562500
vt 0.187500 0.562500
vt 0.250000 0.562500
vt 0.312500 0.562500
vt 0.375000 0.562500
vt 0.437500 0.562500
vt 0.500000 0.562500
vt 0.562500 0.562500
vt 0.625000 0.562500
vt 0.687500 0.562500
vt 0.750000 0.562500
vt 0.812500 0.562500
vt 0.875000 0.562500
vt 0.937500 0.562500
vt 1.000000 0.562500
vt 0.000000 0.625000
vt 0.062500 0.625000
vt 0.125000 0.625000
vt 0.187500 0.625000
vt 0.250000 0.625000
vt 0.312500 0.625000
vt 0.375000 0.625000
vt 0.437500 0.625000
vt 0.500000 0.625000
vt 0.562500 0.625000
vt 0.625000 0.625000
vt 0.687500 0.625000
vt 0.750000 0.625000
vt 0.812500 0.625000
vt 0.875000 0.625000
vt 0.937500 0.625000
vt 1.000000 0.625000
vt 0.000000 0.687500
vt 0.062500 0.687500
vt 0.125000 0.687500
vt 0.187500 0.687500
vt 0.250000 0.687500
vt 0.312500 0.687500
vt 0.375000 0.687500
vt 0.437500 0.687500
vt 0.500000 0.687500
vt 0.562500 0.687500
vt 0.625000 0.687500
vt 0.687500 0.687500
vt 0.750000 0.687500
vt 0.812500 0.687500
vt 0.875000 0.687500
vt 0.937500 0.687500
vt 1.000000 0.687500
vt 0.000000 0.750000
vt 0.062500 0.750000
vt 0.125000 0.750000
vt 0.187500 0.750000
vt 0.250000 0.750000
vt 0.312500 0.750000
vt 0.375000 0.750000
vt 0.437500 0.750000
vt 0.500000 0.750000
vt 0.562500 0.750000
vt 0.625000 0.750000
vt 0.687500 0.750000
vt 0.750000 0.750000
vt 0.812500 0.750000
vt 0.875000 0.750000
vt 0.937500 0.750000
vt 1.000000 0.750000
vt 0.031250 0.000000
vt 0.093750 0.000000
vt 0.156250 0.000000
vt 0.218750 0.000000
vt 0.281250 0.000000
vt 0.343750 0.000000
vt 0.406250 0.000000
vt 0.468750 0.000000
vt 0.531250 0.000000
vt 0.593750 0.000000
vt 0.656250 0.000000
vt 0.718750 0.000000
vt 0.781250 0.000000
vt 0.843750 0.000000
vt 0.906250 0.000000
vt 0.968750 0.000000
vt 0.312500 0.750000
vt 0.145833 0.750000
vt 0.104167 0.750000
vt 0.729167 0.750000
vt 0.687500 0.750000
vt 0.645833 0.750000
vt 0.604167 0.750000
vt 0.562500 0.750000
vt 0.520833 0.750000
vt 0.479167 0.750000
vt 0.437500 0.750000
vt 0.395833 0.750000
vt 0.354167 0.750000
vt 0.312500 0.750000
vt 0.270833 0.750000
vt 0.229167 0.750000
vt 0.187500 0.750000
vt 0.229167 0.750000
vt 0.208333 0.750000
vt 0.520833 0.750000
vt 0.500000 0.750000
vt 0.479167 0.750000
vt 0.458333 0.750000
vt 0.437500 0.750000
vt 0.416667 0.750000
vt 0.395833 0.750000
vt 0.375000 0.750000
vt 0.354167 0.750000
vt 0.333333 0.750000
vt 0.312500 0.750000
vt 0.291667 0.750000
vt 0.270833 0.750000
vt 0.250000 0.750000
vt 0.104167 0.750000
vt 0.145833 0.750000
vt 0.729167 0.750000
vt 0.687500 0.750000
vt 0.645833 0.750000
vt 0.604167 0.750000
vt 0.562500 0.750000
vt 0.520833 0.750000
vt 0.479167 0.750000
vt 0.437500 0.750000
vt 0.395833 0.750000
vt 0.354167 0.750000
vt 0.312500 0.750000
vt 0.270833 0.750000
vt 0.229167 0.750000
vt 0.187500 0.750000
vn 0.231817 -0.968009 -0.096022
vn 0.177423 -0.968009 -0.177427
vn 0.292541 -0.910405 -0.292546
vn 0.382225 -0.910405 -0.158327
vn 0.096022 -0.968009 -0.231816
vn 0.158324 -0.910404 -0.382229
vn 0.000000 -0.968009 -0.250916
vn 0.000000 -0.910403 -0.413722
vn -0.096022 -0.968009 -0.231816
vn -0.158326 -0.910403 -0.382229
vn -0.177427 -0.968009 -0.177424
vn -0.292549 -0.910402 -0.292546
vn -0.231812 -0.968010 -0.096021
vn -0.382235 -0.910400 -0.158330
vn -0.250912 -0.968010 -0.000000
vn -0.413728 -0.910401 -0.000000
vn -0.231812 -0.968010 0.096021
vn -0.382235 -0.910400 0.158329
vn -0.177427 -0.968009 0.177423
vn -0.292550 -0.910402 0.292546
vn -0.096022 -0.968009 0.231816
vn -0.158326 -0.910403 0.382229
vn 0.000000 -0.968009 0.250916
vn -0.000000 -0.910403 0.413722
vn 0.096022 -0.968009 0.231816
vn 0.158324 -0.910404 0.382229
vn 0.177422 -0.968009 0.177427
vn 0.292541 -0.910405 0.292546
vn 0.231817 -0.968009 0.096022
vn 0.382225 -0.910405 0.158327
vn 0.250913 -0.968010 0.000000
vn 0.413719 -0.910405 -0.000000
vn 0.407062 -0.817680 -0.407063
vn 0.531852 -0.817680 -0.220304
vn 0.220300 -0.817680 -0.531852
vn 0.000000 -0.817680 -0.575672
vn -0.220302 -0.817681 -0.531851
vn -0.407061 -0.817682 -0.407059
vn -0.531847 -0.817683 -0.220303
vn -0.575668 -0.817683 0.000000
vn -0.531847 -0.817683 0.220303
vn -0.407061 -0.817682 0.407059
vn -0.220303 -0.817681 0.531851
vn -0.000000 -0.817681 0.575672
vn 0.220300 -0.817680 0.531852
vn 0.407062 -0.817680 0.407063
vn 0.531852 -0.817680 0.220303
vn 0.575674 -0.817680 -0.000000
vn 0.496002 -0.712714 -0.496005
vn 0.648057 -0.712715 -0.268439
vn 0.268434 -0.712714 -0.648061
vn 0.000000 -0.712713 -0.701456
vn -0.268438 -0.712710 -0.648062
vn -0.496008 -0.712710 -0.496006
vn -0.648058 -0.712713 -0.268441
vn -0.701448 -0.712721 -0.000004
vn -0.648051 -0.712720 0.268440
vn -0.496004 -0.712712 0.496006
vn -0.268439 -0.712711 0.648062
vn 0.000000 -0.712713 0.701456
vn 0.268434 -0.712714 0.648060
vn 0.496002 -0.712714 0.496005
vn 0.648057 -0.712715 0.268438
vn 0.701453 -0.712716 -0.000000
vn 0.579846 -0.572325 -0.579847
vn 0.757603 -0.572326 -0.313815
vn 0.313812 -0.572326 -0.757605
vn 0.000000 -0.572325 -0.820027
vn -0.313810 -0.572327 -0.757605
vn -0.579843 -0.572328 -0.579848
vn -0.757603 -0.572326 -0.313818
vn -0.820029 -0.572322 -0.000006
vn -0.757604 -0.572324 0.313817
vn -0.579841 -0.572327 0.579851
vn -0.313811 -0.572327 0.757605
vn -0.000000 -0.572326 0.820026
vn 0.313812 -0.572326 0.757605
vn 0.579846 -0.572325 0.579847
vn 0.757603 -0.572326 0.313815
vn 0.820024 -0.572329 0.000000
vn 0.638790 -0.428828 -0.638790
vn 0.834623 -0.428820 -0.345715
vn 0.345710 -0.428830 -0.834619
vn 0.000000 -0.428829 -0.903386
vn -0.345714 -0.428831 -0.834617
vn -0.638787 -0.428835 -0.638789
vn -0.834620 -0.428830 -0.345709
vn -0.903390 -0.428819 -0.000003
vn -0.834622 -0.428824 0.345711
vn -0.638788 -0.428835 0.638789
vn -0.345712 -0.428834 0.834617
vn -0.000000 -0.428830 0.903385
vn 0.345710 -0.428830 0.834619
vn 0.638790 -0.428829 0.638790
vn 0.834623 -0.428820 0.345715
vn 0.903393 -0.428814 0.000000
vn 0.676698 -0.290110 -0.676695
vn 0.884148 -0.290110 -0.366223
vn 0.366225 -0.290106 -0.884148
vn 0.000001 -0.290106 -0.956995
vn -0.366221 -0.290108 -0.884149
vn -0.676698 -0.290108 -0.676696
vn -0.884150 -0.290106 -0.366220
vn -0.956995 -0.290106 0.000000
vn -0.884150 -0.290106 0.366220
vn -0.676701 -0.290107 0.676693
vn -0.366225 -0.290107 0.884148
vn -0.000000 -0.290106 0.956995
vn 0.366225 -0.290107 0.884148
vn 0.676698 -0.290110 0.676695
vn 0.884148 -0.290110 0.366222
vn 0.956994 -0.290107 0.000000
vn 0.694626 -0.187055 -0.694626
vn 0.907576 -0.187054 -0.375921
vn 0.375928 -0.187055 -0.907573
vn 0.000001 -0.187055 -0.982350
vn -0.375931 -0.187054 -0.907572
vn -0.694625 -0.187055 -0.694626
vn -0.907576 -0.187054 -0.375922
vn -0.982350 -0.187054 0.000000
vn -0.907575 -0.187054 0.375922
vn -0.694629 -0.187056 0.694623
vn -0.375927 -0.187055 0.907573
vn -0.000000 -0.187055 0.982350
vn 0.375927 -0.187055 0.907573
vn 0.694626 -0.187055 0.694626
vn 0.907576 -0.187054 0.375921
vn 0.982350 -0.187052 0.000000
vn 0.705018 -0.076844 -0.705014
vn 0.921148 -0.076847 -0.381550
vn 0.381551 -0.076848 -0.921148
vn 0.000001 -0.076849 -0.997043
vn -0.381546 -0.076848 -0.921150
vn -0.705016 -0.076848 -0.705015
vn -0.921150 -0.076850 -0.381546
vn -0.997043 -0.076850 0.000000
vn -0.921150 -0.076850 0.381546
vn -0.705020 -0.076848 0.705012
vn -0.381551 -0.076848 0.921148
vn -0.000000 -0.076849 0.997043
vn 0.381550 -0.076848 0.921148
vn 0.705018 -0.076844 0.705013
vn 0.921148 -0.076847 0.381550
vn 0.997043 -0.076852 0.000000
vn 0.706390 -0.045007 -0.706391
vn 0.922941 -0.045016 -0.382299
vn 0.382295 -0.045004 -0.922944
vn 0.000001 -0.045004 -0.998987
vn -0.382300 -0.045000 -0.922942
vn -0.706390 -0.044994 -0.706391
vn -0.922943 -0.045002 -0.382296
vn -0.998986 -0.045017 -0.000004
vn -0.922943 -0.045012 0.382297
vn -0.706390 -0.044996 0.706392
vn -0.382299 -0.044997 0.922943
vn -0.000000 -0.045003 0.998987
vn 0.382294 -0.045004 0.922944
vn 0.706390 -0.045007 0.706391
vn 0.922942 -0.045016 0.382299
vn 0.998986 -0.045023 -0.000000
vn 0.707105 -0.002144 -0.707106
vn 0.923875 -0.002142 -0.382687
vn 0.382684 -0.002144 -0.923877
vn 0.000000 -0.002144 -0.999998
vn -0.382682 -0.002144 -0.923877
vn -0.707102 -0.002144 -0.707108
vn -0.923873 -0.002146 -0.382692
vn -0.999998 -0.002148 -0.000008
vn -0.923874 -0.002146 0.382691
vn -0.707099 -0.002144 0.707112
vn -0.382683 -0.002144 0.923877
vn 0.000000 -0.002144 0.999998
vn 0.382684 -0.002144 0.923877
vn 0.707104 -0.002144 0.707106
vn 0.923876 -0.002142 0.382687
vn 0.999998 -0.002140 -0.000000
vn 0.706631 0.036603 -0.706635
vn 0.923258 0.036606 -0.382432
vn 0.382425 0.036598 -0.923262
vn 0.000000 0.036594 -0.999330
vn -0.382430 0.036588 -0.923260
vn -0.706633 0.036580 -0.706634
vn -0.923257 0.036584 -0.382438
vn -0.999330 0.036599 -0.000008
vn -0.923256 0.036599 0.382439
vn -0.706630 0.036587 0.706637
vn -0.382430 0.036588 0.923260
vn 0.000000 0.036595 0.999330
vn 0.382424 0.036599 0.923262
vn 0.706631 0.036603 0.706635
vn 0.923258 0.036606 0.382432
vn 0.999330 0.036607 -0.000000
vn -0.000000 -1.000000 -0.000000
vn -0.000002 1.000000 0.000004
vn -0.000002 1.000000 0.000004
vn -0.000005 1.000000 0.000005
vn -0.000005 1.000000 0.000005
vn 0.000000 1.000000 -0.000000
vn 0.000000 1.000000 -0.000000
vn 0.000000 1.000000 -0.000000
vn 0.000000 1.000000 -0.000000
vn 0.000000 1.000000 -0.000000
vn 0.000000 1.000000 -0.000000
vn 0.000000 1.000000 -0.000000
vn 0.000000 1.000000 -0.000000
vn 0.000000 1.000000 -0.000000
vn 0.000000 1.000000 0.000000
vn 0.000000 1.000000 0.000000
vn 0.000000 1.000000 0.000000
vn 0.000000 1.000000 -0.000000
vn 0.000000 1.000000 -0.000000
vn -0.000003 1.000000 0.000002
vn -0.000003 1.000000 0.000002
vn 0.000000 1.000000 -0.000000
vn 0.000000 1.000000 0.000000
vn 0.000000 1.000000 -0.000000
vn 0.000000 1.000000 0.000000
vn 0.000000 1.000000 0.000000
vn 0.000000 1.000000 -0.000000
vn 0.000000 1.000000 -0.000001
vn 0.000000 1.000000 -0.000001
vn 0.000000 1.000000 -0.000000
vn 0.000000 1.000000 0.000000
vn 0.000000 1.000000 0.000000
vn 0.000000 1.000000 0.000000
vn 0.000003 1.000000 -0.000001
vn 0.000003 1.000000 -0.000003
vn 0.000002 1.000000 -0.000002
vn 0.000003 1.000000 -0.000001
vn 0.000004 1.000000 0.000000
vn 0.000003 1.000000 0.000000
vn 0.000003 1.000000 0.000002
vn 0.000003 1.000000 0.000001
vn 0.000003 1.000000 0.000003
vn 0.000002 1.000000 0.000002
vn 0.000001 1.000000 0.000003
vn 0.000001 1.000000 0.000003
vn 0.000000 1.000000 0.000004
vn -0.000000 1.000000 0.000003
vn 0.000000 1.000000 0.000003
vn 0.000000 1.000000 0.000003
vn -0.000001 1.000000 0.000000
vn -0.000001 1.000000 0.000000
vn -0.000003 1.000000 -0.000000
vn -0.000003 1.000000 -0.000000
vn -0.000003 1.000000 0.000000
vn -0.000004 1.000000 0.000000
vn -0.000003 1.000000 -0.000001
vn -0.000003 1.000000 -0.000002
vn -0.000002 1.000000 -0.000002
vn -0.000003 1.000000 -0.000003
vn -0.000001 1.000000 -0.000002
vn -0.000001 1.000000 -0.000003
vn 0.000000 1.000000 -0.000003
vn 0.000000 1.000000 -0.000004
vn 0.000001 1.000000 -0.000003
vn 0.000001 1.000000 -0.000004
vn 0.000000 1.000000 0.000000
vn -0.803105 0.259079 0.536564
vn -0.803105 0.259079 0.536564
vn -0.803105 0.259079 0.536564
vn -0.803105 0.259079 0.536564
vn -0.947293 0.259078 0.188456
vn -0.947293 0.259078 0.188456
vn -0.947293 0.259078 0.188456
vn -0.947293 0.259078 0.188456
vn -0.947293 0.259078 -0.188455
vn -0.947293 0.259078 -0.188455
vn -0.947293 0.259078 -0.188455
vn -0.947293 0.259078 -0.188455
vn -0.803104 0.259079 -0.536565
vn -0.803104 0.259079 -0.536565
vn -0.803104 0.259079 -0.536565
vn -0.803104 0.259079 -0.536565
vn -0.536590 0.259079 -0.803087
vn -0.536590 0.259079 -0.803087
vn -0.536590 0.259079 -0.803087
vn -0.536590 0.259079 -0.803087
vn -0.188426 0.259078 -0.947298
vn -0.188426 0.259078 -0.947298
vn -0.188426 0.259078 -0.947298
vn -0.188426 0.259078 -0.947298
vn 0.188436 0.259078 -0.947296
vn 0.188436 0.259078 -0.947296
vn 0.188436 0.259078 -0.947296
vn 0.188436 0.259078 -0.947296
vn 0.536591 0.259077 -0.803087
vn 0.536591 0.259077 -0.803087
vn 0.536591 0.259077 -0.803087
vn 0.536591 0.259077 -0.803087
vn 0.803081 0.259077 -0.536601
vn 0.803081 0.259077 -0.536601
vn 0.803081 0.259077 -0.536601
vn 0.803081 0.259077 -0.536601
vn 0.947293 0.259078 -0.188455
vn 0.947293 0.259078 -0.188455
vn 0.947293 0.259078 -0.188455
vn 0.947293 0.259078 -0.188455
vn 0.947293 0.259078 0.188455
vn 0.947293 0.259078 0.188455
vn 0.947293 0.259078 0.188455
vn 0.947293 0.259078 0.188455
vn 0.803081 0.259077 0.536600
vn 0.803081 0.259077 0.536600
vn 0.803081 0.259077 0.536600
vn 0.803081 0.259077 0.536600
vn 0.536589 0.259077 0.803089
vn 0.536589 0.259077 0.803089
vn 0.536589 0.259077 0.803089
vn 0.536589 0.259077 0.803089
vn 0.188438 0.259078 0.947296
vn 0.188438 0.259078 0.947296
vn 0.188438 0.259078 0.947296
vn 0.188438 0.259078 0.947296
vn -0.188429 0.259078 0.947298
vn -0.188429 0.259078 0.947298
vn -0.188429 0.259078 0.947298
vn -0.188429 0.259078 0.947298
vn -0.536589 0.259079 0.803088
vn -0.536589 0.259079 0.803088
vn -0.536589 0.259079 0.803088
vn -0.536589 0.259079 0.803088
s 1
g pSphere1
usemtl initialShadingGroup
f 469/562/853 470/563/854 486/580/855 485/579/856
f 470/563/854 471/564/857 487/581/858 486/580/855
f 471/564/857 472/565/859 488/582/860 487/581/858
f 472/565/859 473/566/861 489/583/862 488/582/860
f 473/566/861 474/567/863 490/584/864 489/583/862
f 474/567/863 475/568/865 491/585/866 490/584/864
f 475/568/865 476/569/867 492/586/868 491/585/866
f 476/569/867 477/570/869 493/587/870 492/586/868
f 477/570/869 478/571/871 494/588/872 493/587/870
f 478/571/871 479/572/873 495/589/874 494/588/872
f 479/572/873 480/573/875 496/590/876 495/589/874
f 480/573/875 481/574/877 497/591/878 496/590/876
f 481/574/877 482/575/879 498/592/880 497/591/878
f 482/575/879 483/576/881 499/593/882 498/592/880
f 483/576/881 484/577/883 500/594/884 499/593/882
f 484/577/883 469/578/853 485/595/856 500/594/884
f 485/579/856 486/580/855 502/597/885 501/596/886
f 486/580/855 487/581/858 503/598/887 502/597/885
f 487/581/858 488/582/860 504/599/888 503/598/887
f 488/582/860 489/583/862 505/600/889 504/599/888
f 489/583/862 490/584/864 506/601/890 505/600/889
f 490/584/864 491/585/866 507/602/891 506/601/890
f 491/585/866 492/586/868 508/603/892 507/602/891
f 492/586/868 493/587/870 509/604/893 508/603/892
f 493/587/870 494/588/872 510/605/894 509/604/893
f 494/588/872 495/589/874 511/606/895 510/605/894
f 495/589/874 496/590/876 512/607/896 511/606/895
f 496/590/876 497/591/878 513/608/897 512/607/896
f 497/591/878 498/592/880 514/609/898 513/608/897
f 498/592/880 499/593/882 515/610/899 514/609/898
f 499/593/882 500/594/884 516/611/900 515/610/899
f 500/594/884 485/595/856 501/612/886 516/611/900
f 501/596/886 502/597/885 518/614/901 517/613/902
f 502/597/885 503/598/887 519/615/903 518/614/901
f 503/598/887 504/599/888 520/616/904 519/615/903
f 504/599/888 505/600/889 521/617/905 520/616/904
f 505/600/889 506/601/890 522/618/906 521/617/905
f 506/601/890 507/602/891 523/619/907 522/618/906
f 507/602/891 508/603/892 524/620/908 523/619/907
f 508/603/892 509/604/893 525/621/909 524/620/908
f 509/604/893 510/605/894 526/622/910 525/621/909
f 510/605/894 511/606/895 527/623/911 526/622/910
f 511/606/895 512/607/896 528/624/912 527/623/911
f 512/607/896 513/608/897 529/625/913 528/624/912
f 513/608/897 514/609/898 530/626/914 529/625/913
f 514/609/898 515/610/899 531/627/915 530/626/914
f 515/610/899 516/611/900 532/628/916 531/627/915
f 516/611/900 501/612/886 517/629/902 532/628/916
f 517/613/902 518/614/901 534/631/917 533/630/918
f 518/614/901 519/615/903 535/632/919 534/631/917
f 519/615/903 520/616/904 536/633/920 535/632/919
f 520/616/904 521/617/905 537/634/921 536/633/920
f 521/617/905 522/618/906 538/635/922 537/634/921
f 522/618/906 523/619/907 539/636/923 538/635/922
f 523/619/907 524/620/908 540/637/924 539/636/923
f 524/620/908 525/621/909 541/638/925 540/637/924
f 525/621/909 526/622/910 542/639/926 541/638/925
f 526/622/910 527/623/911 543/640/927 542/639/926
f 527/623/911 528/624/912 544/641/928 543/640/927
f 528/624/912 529/625/913 545/642/929 544/641/928
f 529/625/913 530/626/914 546/643/930 545/642/929
f 530/626/914 531/627/915 547/644/931 546/643/930
f 531/627/915 532/628/916 548/645/932 547/644/931
f 532/628/916 517/629/902 533/646/918 548/645/932
f 533/630/918 534/631/917 550/648/933 549/647/934
f 534/631/917 535/632/919 551/649/935 550/648/933
f 535/632/919 536/633/920 552/650/936 551/649/935
f 536/633/920 537/634/921 553/651/937 552/650/936
f 537/634/921 538/635/922 554/652/938 553/651/937
f 538/635/922 539/636/923 555/653/939 554/652/938
f 539/636/923 540/637/924 556/654/940 555/653/939
f 540/637/924 541/638/925 557/655/941 556/654/940
f 541/638/925 542/639/926 558/656/942 557/655/941
f 542/639/926 543/640/927 559/657/943 558/656/942
f 543/640/927 544/641/928 560/658/944 559/657/943
f 544/641/928 545/642/929 561/659/945 560/658/944
f 545/642/929 546/643/930 562/660/946 561/659/945
f 546/643/930 547/644/931 563/661/947 562/660/946
f 547/644/931 548/645/932 564/662/948 563/661/947
f 548/645/932 533/646/918 549/663/934 564/662/948
f 549/647/934 550/648/933 566/665/949 565/664/950
f 550/648/933 551/649/935 567/666/951 566/665/949
f 551/649/935 552/650/936 568/667/952 567/666/951
f 552/650/936 553/651/937 569/668/953 568/667/952
f 553/651/937 554/652/938 570/669/954 569/668/953
f 554/652/938 555/653/939 571/670/955 570/669/954
f 555/653/939 556/654/940 572/671/956 571/670/955
f 556/654/940 557/655/941 573/672/957 572/671/956
f 557/655/941 558/656/942 574/673/958 573/672/957
f 558/656/942 559/657/943 575/674/959 574/673/958
f 559/657/943 560/658/944 576/675/960 575/674/959
f 560/658/944 561/659/945 577/676/961 576/675/960
f 561/659/945 562/660/946 578/677/962 577/676/961
f 562/660/946 563/661/947 579/678/963 578/677/962
f 563/661/947 564/662/948 580/679/964 579/678/963
f 564/662/948 549/663/934 565/680/950 580/679/964
f 565/664/950 566/665/949 582/682/965 581/681/966
f 566/665/949 567/666/951 583/683/967 582/682/965
f 567/666/951 568/667/952 584/684/968 583/683/967
f 568/667/952 569/668/953 585/685/969 584/684/968
f 569/668/953 570/669/954 586/686/970 585/685/969
f 570/669/954 571/670/955 587/687/971 586/686/970
f 571/670/955 572/671/956 588/688/972 587/687/971
f 572/671/956 573/672/957 589/689/973 588/688/972
f 573/672/957 574/673/958 590/690/974 589/689/973
f 574/673/958 575/674/959 591/691/975 590/690/974
f 575/674/959 576/675/960 592/692/976 591/691/975
f 576/675/960 577/676/961 593/693/977 592/692/976
f 577/676/961 578/677/962 594/694/978 593/693/977
f 578/677/962 579/678/963 595/695/979 594/694/978
f 579/678/963 580/679/964 596/696/980 595/695/979
f 580/679/964 565/680/950 581/697/966 596/696/980
f 581/681/966 582/682/965 598/699/981 597/698/982
f 582/682/965 583/683/967 599/700/983 598/699/981
f 583/683/967 584/684/968 600/701/984 599/700/983
f 584/684/968 585/685/969 601/702/985 600/701/984
f 585/685/969 586/686/970 602/703/986 601/702/985
f 586/686/970 587/687/971 603/704/987 602/703/986
f 587/687/971 588/688/972 604/705/988 603/704/987
f 588/688/972 589/689/973 605/706/989 604/705/988
f 589/689/973 590/690/974 606/707/990 605/706/989
f 590/690/974 591/691/975 607/708/991 606/707/990
f 591/691/975 592/692/976 608/709/992 607/708/991
f 592/692/976 593/693/977 609/710/993 608/709/992
f 593/693/977 594/694/978 610/711/994 609/710/993
f 594/694/978 595/695/979 611/712/995 610/711/994
f 595/695/979 596/696/980 612/713/996 611/712/995
f 596/696/980 581/697/966 597/714/982 612/713/996
f 597/698/982 598/699/981 614/716/997 613/715/998
f 598/699/981 599/700/983 615/717/999 614/716/997
f 599/700/983 600/701/984 616/718/1000 615/717/999
f 600/701/984 601/702/985 617/719/1001 616/718/1000
f 601/702/985 602/703/986 618/720/1002 617/719/1001
f 602/703/986 603/704/987 619/721/1003 618/720/1002
f 603/704/987 604/705/988 620/722/1004 619/721/1003
f 604/705/988 605/706/989 621/723/1005 620/722/1004
f 605/706/989 606/707/990 622/724/1006 621/723/1005
f 606/707/990 607/708/991 623/725/1007 622/724/1006
f 607/708/991 608/709/992 624/726/1008 623/725/1007
f 608/709/992 609/710/993 625/727/1009 624/726/1008
f 609/710/993 610/711/994 626/728/1010 625/727/1009
f 610/711/994 611/712/995 627/729/1011 626/728/1010
f 611/712/995 612/713/996 628/730/1012 627/729/1011
f 612/713/996 597/714/982 613/731/998 628/730/1012
f 613/715/998 614/716/997 630/733/1013 629/732/1014
f 614/716/997 615/717/999 631/734/1015 630/733/1013
f 615/717/999 616/718/1000 632/735/1016 631/734/1015
f 616/718/1000 617/719/1001 633/736/1017 632/735/1016
f 617/719/1001 618/720/1002 634/737/1018 633/736/1017
f 618/720/1002 619/721/1003 635/738/1019 634/737/1018
f 619/721/1003 620/722/1004 636/739/1020 635/738/1019
f 620/722/1004 621/723/1005 637/740/1021 636/739/1020
f 621/723/1005 622/724/1006 638/741/1022 637/740/1021
f 622/724/1006 623/725/1007 639/742/1023 638/741/1022
f 623/725/1007 624/726/1008 640/743/1024 639/742/1023
f 624/726/1008 625/727/1009 641/744/1025 640/743/1024
f 625/727/1009 626/728/1010 642/745/1026 641/744/1025
f 626/728/1010 627/729/1011 643/746/1027 642/745/1026
f 627/729/1011 628/730/1012 644/747/1028 643/746/1027
f 628/730/1012 613/731/998 629/748/1014 644/747/1028
f 629/732/1014 630/733/1013 646/750/1029 645/749/1030
f 630/733/1013 631/734/1015 647/751/1031 646/750/1029
f 631/734/1015 632/735/1016 648/752/1032 647/751/1031
f 632/735/1016 633/736/1017 649/753/1033 648/752/1032
f 633/736/1017 634/737/1018 650/754/1034 649/753/1033
f 634/737/1018 635/738/1019 651/755/1035 650/754/1034
f 635/738/1019 636/739/1020 652/756/1036 651/755/1035
f 636/739/1020 637/740/1021 653/757/1037 652/756/1036
f 637/740/1021 638/741/1022 654/758/1038 653/757/1037
f 638/741/1022 639/742/1023 655/759/1039 654/758/1038
f 639/742/1023 640/743/1024 656/760/1040 655/759/1039
f 640/743/1024 641/744/1025 657/761/1041 656/760/1040
f 641/744/1025 642/745/1026 658/762/1042 657/761/1041
f 642/745/1026 643/746/1027 659/763/1043 658/762/1042
f 643/746/1027 644/747/1028 660/764/1044 659/763/1043
f 644/747/1028 629/748/1014 645/765/1030 660/764/1044
f 470/563/854 469/562/853 661/766/1045
f 471/564/857 470/563/854 661/767/1045
f 472/565/859 471/564/857 661/768/1045
f 473/566/861 472/565/859 661/769/1045
f 474/567/863 473/566/861 661/770/1045
f 475/568/865 474/567/863 661/771/1045
f 476/569/867 475/568/865 661/772/1045
f 477/570/869 476/569/867 661/773/1045
f 478/571/871 477/570/869 661/774/1045
f 479/572/873 478/571/871 661/775/1045
f 480/573/875 479/572/873 661/776/1045
f 481/574/877 480/573/875 661/777/1045
f 482/575/879 481/574/877 661/778/1045
f 483/576/881 482/575/879 661/779/1045
f 484/577/883 483/576/881 661/780/1045
f 469/578/853 484/577/883 661/781/1045
s 2
f 655/759/1046 669/790/1047 670/791/1048 654/758/1049
f 646/750/1050 647/751/1051 677/798/1052 662/783/1053
f 676/797/1054 677/798/1052 647/751/1051 648/752/1055
f 675/796/1056 676/797/1054 648/752/1055 649/753/1057
f 674/795/1058 675/796/1056 649/753/1057 650/754/1059
f 673/794/1060 674/795/1058 650/754/1059 651/755/1061
f 672/793/1062 673/794/1060 651/755/1061 652/756/1063
f 671/792/1064 672/793/1062 652/756/1063 653/757/1065
f 670/791/1048 671/792/1064 653/757/1065 654/758/1049
f 656/760/1066 668/789/1067 669/790/1047 655/759/1046
f 657/761/1068 667/788/1069 668/789/1067 656/760/1066
f 658/762/1070 666/787/1071 667/788/1069 657/761/1068
f 659/763/1072 665/786/1073 666/787/1071 658/762/1070
f 660/764/1074 664/785/1075 665/786/1073 659/763/1072
f 645/749/1076 663/784/1077 664/785/1075 660/764/1074
f 646/750/1050 662/783/1053 663/784/1077 645/749/1076
s 4
f 679/815/1078 678/816/1079 680/799/1080 681/800/1081
f 682/817/1082 679/815/1078 681/800/1081 683/801/1083
f 684/818/1084 682/817/1082 683/801/1083 685/802/1085
f 686/819/1086 684/818/1084 685/802/1085 687/803/1087
f 688/820/1088 686/819/1086 687/803/1087 689/804/1089
f 690/821/1090 688/820/1088 689/804/1089 691/805/1091
f 692/822/1092 690/821/1090 691/805/1091 693/806/1093
f 694/823/1094 692/822/1092 693/806/1093 695/807/1095
f 695/807/1095 696/808/1096 697/824/1097 694/823/1094
f 696/808/1096 698/809/1098 699/825/1099 697/824/1097
f 698/809/1098 700/810/1100 701/826/1101 699/825/1099
f 700/810/1100 702/811/1102 703/827/1103 701/826/1101
f 702/811/1102 704/812/1104 705/828/1105 703/827/1103
f 704/812/1104 706/813/1106 707/829/1107 705/828/1105
f 706/813/1106 708/814/1108 709/830/1109 707/829/1107
f 678/816/1079 709/830/1109 708/814/1108 680/799/1080
f 681/800/1081 680/799/1080 710/782/1110
f 683/801/1083 681/800/1081 710/782/1110
f 685/802/1085 683/801/1083 710/782/1110
f 687/803/1087 685/802/1085 710/782/1110
f 689/804/1089 687/803/1087 710/782/1110
f 691/805/1091 689/804/1089 710/782/1110
f 693/806/1093 691/805/1091 710/782/1110
f 695/807/1095 693/806/1093 710/782/1110
f 710/782/1110 696/808/1096 695/807/1095
f 710/782/1110 698/809/1098 696/808/1096
f 710/782/1110 700/810/1100 698/809/1098
f 710/782/1110 702/811/1102 700/810/1100
f 710/782/1110 704/812/1104 702/811/1102
f 710/782/1110 706/813/1106 704/812/1104
f 710/782/1110 708/814/1108 706/813/1106
f 680/799/1080 708/814/1108 710/782/1110
s off
f 663/784/1111 662/783/1112 678/816/1113 679/815/1114
f 664/785/1115 663/784/1116 679/815/1117 682/817/1118
f 665/786/1119 664/785/1120 682/817/1121 684/818/1122
f 666/787/1123 665/786/1124 684/818/1125 686/819/1126
f 667/788/1127 666/787/1128 686/819/1129 688/820/1130
f 668/789/1131 667/788/1132 688/820/1133 690/821/1134
f 669/790/1135 668/789/1136 690/821/1137 692/822/1138
f 670/791/1139 669/790/1140 692/822/1141 694/823/1142
f 671/792/1143 670/791/1144 694/823/1145 697/824/1146
f 672/793/1147 671/792/1148 697/824/1149 699/825/1150
f 673/794/1151 672/793/1152 699/825/1153 701/826/1154
f 674/795/1155 673/794/1156 701/826/1157 703/827/1158
f 675/796/1159 674/795/1160 703/827/1161 705/828/1162
f 676/797/1163 675/796/1164 705/828/1165 707/829/1166
f 677/798/1167 676/797/1168 707/829/1169 709/830/1170
f 662/783/1171 677/798/1172 709/830/1173 678/816/1174
