# This file uses meters as units for non-parametric coordinates.

mtllib window.mtl
g default
v -3150.455362 105.503802 598.372765
v -3150.455362 105.503802 669.382205
v -3150.455362 262.505909 598.372765
v -3150.455362 262.505909 669.382205
v -3147.305675 262.505909 598.372765
v -3147.305675 262.505909 669.382205
v -3147.305675 105.503802 598.372765
v -3147.305675 105.503802 669.382205
v -3150.455362 105.503802 606.262645
v -3150.455362 275.539263 606.262645
v -3147.305675 275.539263 606.262645
v -3147.305675 105.503802 606.262645
v -3150.455362 105.503802 614.152613
v -3150.455362 283.036104 614.152613
v -3147.305675 283.036104 614.152613
v -3147.305675 105.503802 614.152613
v -3150.455362 105.503802 622.042580
v -3150.455362 288.686830 622.042580
v -3147.305675 288.686830 622.042580
v -3147.305675 105.503802 622.042580
v -3150.455362 105.503802 629.932502
v -3150.455362 290.834086 629.932502
v -3147.305675 290.834086 629.932502
v -3147.305675 105.503802 629.932502
v -3150.455362 105.503802 637.822425
v -3150.455362 290.834086 637.822425
v -3147.305675 290.834086 637.822425
v -3147.305675 105.503802 637.822425
v -3150.455362 105.503802 645.712392
v -3150.455362 288.686830 645.712392
v -3147.305675 288.686830 645.712392
v -3147.305675 105.503802 645.712392
v -3150.455362 105.503802 653.602314
v -3150.455362 283.036104 653.602314
v -3147.305675 283.036104 653.602314
v -3147.305675 105.503802 653.602314
v -3150.455362 105.503802 661.492239
v -3150.455362 275.539263 661.492239
v -3147.305675 275.539263 661.492239
v -3147.305675 105.503802 661.492239
vt -0.621146 0.357776
vt -0.617789 0.357741
vt -0.616753 0.431386
vt -0.620447 0.425322
vt -0.616805 0.431423
vt -0.620474 0.425399
vt -0.617831 0.358235
vt -0.621166 0.358269
vt 0.713297 0.370866
vt -0.591043 0.357959
vt -0.588087 0.425350
vt -0.587840 0.425273
vt -0.614430 0.357706
vt -0.613054 0.434911
vt -0.613132 0.434924
vt -0.614493 0.358200
vt -0.611068 0.357672
vt -0.609344 0.437588
vt -0.609447 0.437583
vt -0.611152 0.358166
vt -0.607703 0.357637
vt -0.605653 0.438610
vt -0.605781 0.438598
vt -0.607807 0.358132
vt -0.604334 0.357602
vt -0.601980 0.438611
vt -0.602133 0.438599
vt -0.604460 0.358097
vt -0.600963 0.357567
vt -0.598337 0.437589
vt -0.598515 0.437584
vt -0.601110 0.358063
vt -0.597589 0.357532
vt -0.594758 0.434907
vt -0.594960 0.434920
vt -0.597757 0.358028
vt -0.594212 0.357497
vt -0.591232 0.431368
vt -0.591457 0.431405
vt -0.594401 0.357994
vt 0.711270 0.418975
vt 0.714296 0.415295
vt 0.710187 0.370858
vt -0.590832 0.357462
vt 0.708207 0.421089
vt 0.707077 0.370850
vt 0.705134 0.422680
vt 0.703967 0.370843
vt 0.702037 0.423280
vt 0.700857 0.370835
vt 0.698927 0.423272
vt 0.697747 0.370827
vt 0.695804 0.422656
vt 0.694638 0.370819
vt 0.692658 0.421049
vt 0.691527 0.370811
vt 0.689500 0.418920
vt 0.688418 0.370803
vt 0.685308 0.370796
vt 0.686307 0.415224
vn -1.000000 0.000000 0.000000
vn -1.000000 0.000000 -0.000000
vn -1.000000 0.000000 -0.000000
vn -1.000000 0.000000 0.000000
vn -0.000000 0.517864 -0.855463
vn -0.000000 0.609405 -0.792859
vn -0.000000 0.609405 -0.792859
vn -0.000000 0.517864 -0.855463
vn 1.000000 0.000000 -0.000000
vn 1.000000 0.000000 -0.000000
vn 1.000000 0.000000 -0.000000
vn 1.000000 0.000000 -0.000000
vn 0.000000 -1.000000 0.000000
vn 0.000000 -1.000000 0.000000
vn 0.000000 -1.000000 0.000000
vn 0.000000 -1.000000 0.000000
vn 0.000000 0.000000 1.000000
vn 0.000000 0.000000 1.000000
vn 0.000000 0.000000 1.000000
vn 0.000000 0.000000 1.000000
vn -0.000000 0.000000 -1.000000
vn -0.000000 0.000000 -1.000000
vn -0.000000 0.000000 -1.000000
vn -0.000000 0.000000 -1.000000
vn -1.000000 0.000000 0.000000
vn -1.000000 0.000000 0.000000
vn -0.000000 0.768278 -0.640116
vn -0.000000 0.768278 -0.640116
vn 1.000000 0.000000 0.000000
vn 1.000000 0.000000 -0.000000
vn 0.000000 -1.000000 0.000000
vn 0.000000 -1.000000 0.000000
vn -1.000000 0.000000 0.000000
vn -1.000000 0.000000 0.000000
vn -0.000000 0.896507 -0.443029
vn -0.000000 0.896507 -0.443029
vn 1.000000 0.000000 -0.000000
vn 1.000000 0.000000 -0.000000
vn 0.000000 -1.000000 0.000000
vn 0.000000 -1.000000 0.000000
vn -1.000000 0.000000 -0.000000
vn -1.000000 0.000000 -0.000000
vn -0.000000 0.990868 -0.134833
vn -0.000000 0.990868 -0.134833
vn 1.000000 0.000000 -0.000000
vn 1.000000 0.000000 -0.000000
vn 0.000000 -1.000000 0.000000
vn 0.000000 -1.000000 0.000000
vn -1.000000 0.000000 0.000000
vn -1.000000 0.000000 0.000000
vn 0.000000 0.990868 0.134833
vn 0.000000 0.990868 0.134833
vn 1.000000 0.000000 0.000000
vn 1.000000 0.000000 0.000000
vn 0.000000 -1.000000 0.000000
vn 0.000000 -1.000000 0.000000
vn -1.000000 0.000000 -0.000000
vn -1.000000 0.000000 -0.000000
vn 0.000000 0.896507 0.443029
vn 0.000000 0.896507 0.443029
vn 1.000000 0.000000 0.000000
vn 1.000000 0.000000 -0.000000
vn 0.000000 -1.000000 0.000000
vn 0.000000 -1.000000 0.000000
vn -1.000000 0.000000 -0.000000
vn -1.000000 0.000000 -0.000000
vn 0.000000 0.768276 0.640118
vn 0.000000 0.768276 0.640118
vn 1.000000 0.000000 -0.000000
vn 1.000000 0.000000 -0.000000
vn 0.000000 -1.000000 0.000000
vn 0.000000 -1.000000 0.000000
vn -1.000000 0.000000 0.000000
vn -1.000000 0.000000 0.000000
vn 0.000000 0.609406 0.792858
vn 0.000000 0.609406 0.792858
vn 1.000000 0.000000 0.000000
vn 1.000000 0.000000 0.000000
vn 0.000000 -1.000000 0.000000
vn 0.000000 -1.000000 0.000000
vn -1.000000 0.000000 -0.000000
vn -1.000000 0.000000 -0.000000
vn 0.000000 0.517868 0.855461
vn 0.000000 0.517868 0.855461
vn 1.000000 0.000000 -0.000000
vn 1.000000 0.000000 -0.000000
vn 0.000000 -1.000000 0.000000
vn 0.000000 -1.000000 0.000000
s 1
g windowpane_r1 group7 windows_asset10 windows
usemtl StingrayPBS4SG
f 1/59/1 9/58/2 10/57/3 3/60/4
s 2
f 3/4/5 10/3/6 11/5/7 5/6/8
s 3
f 5/6/9 11/5/10 12/7/11 7/8/12
s 4
f 7/8/13 12/7/14 9/2/15 1/1/16
s off
f 2/44/17 8/10/18 6/11/19 4/12/20
f 7/8/21 1/1/22 3/4/23 5/6/24
s 1
f 10/57/3 9/58/2 13/56/25 14/55/26
s 2
f 11/5/7 10/3/6 14/14/27 15/15/28
s 3
f 12/7/11 11/5/10 15/15/29 16/16/30
s 4
f 9/2/15 12/7/14 16/16/31 13/13/32
s 1
f 14/55/26 13/56/25 17/54/33 18/53/34
s 2
f 15/15/28 14/14/27 18/18/35 19/19/36
s 3
f 16/16/30 15/15/29 19/19/37 20/20/38
s 4
f 13/13/32 16/16/31 20/20/39 17/17/40
s 1
f 18/53/34 17/54/33 21/52/41 22/51/42
s 2
f 19/19/36 18/18/35 22/22/43 23/23/44
s 3
f 20/20/38 19/19/37 23/23/45 24/24/46
s 4
f 17/17/40 20/20/39 24/24/47 21/21/48
s 1
f 22/51/42 21/52/41 25/50/49 26/49/50
s 2
f 23/23/44 22/22/43 26/26/51 27/27/52
s 3
f 24/24/46 23/23/45 27/27/53 28/28/54
s 4
f 21/21/48 24/24/47 28/28/55 25/25/56
s 1
f 26/49/50 25/50/49 29/48/57 30/47/58
s 2
f 27/27/52 26/26/51 30/30/59 31/31/60
s 3
f 28/28/54 27/27/53 31/31/61 32/32/62
s 4
f 25/25/56 28/28/55 32/32/63 29/29/64
s 1
f 30/47/58 29/48/57 33/46/65 34/45/66
s 2
f 31/31/60 30/30/59 34/34/67 35/35/68
s 3
f 32/32/62 31/31/61 35/35/69 36/36/70
s 4
f 29/29/64 32/32/63 36/36/71 33/33/72
s 1
f 34/45/66 33/46/65 37/43/73 38/41/74
s 2
f 35/35/68 34/34/67 38/38/75 39/39/76
s 3
f 36/36/70 35/35/69 39/39/77 40/40/78
s 4
f 33/33/72 36/36/71 40/40/79 37/37/80
s 1
f 38/41/74 37/43/73 2/9/81 4/42/82
s 2
f 39/39/76 38/38/75 4/12/83 6/11/84
s 3
f 40/40/78 39/39/77 6/11/85 8/10/86
s 4
f 37/37/80 40/40/79 8/10/87 2/44/88
g default
v -3163.240701 116.480693 701.265860
v -3140.585971 116.480693 701.265860
v -3163.240701 207.936087 701.265860
v -3140.585971 207.936087 701.265860
v -3163.240701 207.936087 680.152466
v -3140.585971 207.936087 680.152466
v -3163.240701 116.480693 680.152466
v -3140.585971 116.480693 680.152466
v -3163.240701 220.355766 701.265860
v -3140.585971 220.355766 701.265860
v -3140.585971 220.355766 680.152466
v -3163.240701 220.355766 680.152466
v -3163.240701 207.936087 706.598023
v -3140.585971 207.936087 706.598023
v -3140.585971 220.355766 706.598023
v -3163.240701 220.355766 706.598023
v -3163.240701 207.936087 674.820407
v -3140.585971 207.936087 674.820407
v -3163.240701 220.355766 674.820407
v -3140.585971 220.355766 674.820407
v -3163.240701 207.936087 701.265860
v -3163.240701 207.936087 680.152466
v -3163.240701 220.355766 701.265860
v -3163.240701 220.355766 680.152466
v -3163.240701 207.936087 706.598023
v -3163.240701 220.355766 706.598023
v -3163.240701 220.355766 674.820407
v -3163.240701 207.936087 674.820407
v -3167.710984 207.936087 701.265860
v -3167.710984 207.936087 680.152466
v -3167.710984 220.355766 701.265860
v -3167.710984 220.355766 680.152466
v -3167.710984 207.936087 706.598023
v -3167.710984 220.355766 706.598023
v -3167.710984 220.355766 674.820407
v -3167.710984 207.936087 674.820407
v -3163.240701 291.227800 701.265860
v -3140.585971 291.227800 701.265860
v -3140.585971 291.227800 680.152466
v -3163.240701 291.227800 680.152466
vt 0.236485 0.534542
vt 0.270694 0.510232
vt 0.403864 0.750955
vt 0.258391 0.747826
vt 0.263597 0.959898
vt 0.405867 0.961705
vt 0.194566 0.991824
vt 0.226074 0.964140
vt 0.200955 0.753198
vt 0.140173 0.752008
vt 0.345471 0.512226
vt 0.198040 0.539497
vt 0.267605 0.757374
vt 0.417695 0.750866
vt 0.324497 0.787293
vt 0.271186 0.786429
vt 0.149479 0.817677
vt 0.404165 0.782668
vt 0.140351 0.766947
vt 0.193273 0.765308
vt 0.196684 0.794344
vt 0.334659 0.783509
vt 0.207330 0.762493
vt 0.254155 0.758814
vt 0.257078 0.789108
vt 0.210012 0.792902
vt 0.263571 0.798290
vt 0.262691 0.761781
vt 0.264064 0.785973
vt 0.201576 0.789853
vt 0.200366 0.765646
vt 0.205591 0.803843
vt 0.258391 0.747827
vt 0.200955 0.753200
vt 0.205593 0.803842
vt 0.263570 0.798289
vt 0.267604 0.757373
vt 0.271186 0.786429
vt 0.196685 0.794343
vt 0.193273 0.765308
vt 0.288798 0.994860
vt 0.351039 0.964121
vt 0.348811 0.783338
vt 0.324824 0.802433
vt 0.334240 0.751403
vt 0.144631 0.802987
vt 0.348417 0.751312
vt 0.320138 0.751185
vt 0.417974 0.782501
vt 0.315317 0.736565
vt 0.167634 0.508561
vt 0.401613 0.514235
vn 0.000000 0.000000 1.000000
vn 0.000000 0.000000 1.000000
vn 0.000000 0.000000 1.000000
vn 0.000000 0.000000 1.000000
vn 0.000000 1.000000 0.000000
vn 0.000000 1.000000 0.000000
vn 0.000000 1.000000 0.000000
vn 0.000000 1.000000 0.000000
vn 0.000000 0.000000 -1.000000
vn 0.000000 0.000000 -1.000000
vn 0.000000 0.000000 -1.000000
vn 0.000000 0.000000 -1.000000
vn 0.000000 -1.000000 0.000000
vn 0.000000 -1.000000 0.000000
vn 0.000000 -1.000000 0.000000
vn 0.000000 -1.000000 0.000000
vn 1.000000 0.000000 0.000000
vn 1.000000 0.000000 0.000000
vn 1.000000 0.000000 0.000000
vn 1.000000 0.000000 0.000000
vn -1.000000 0.000000 0.000000
vn -1.000000 0.000000 0.000000
vn -1.000000 0.000000 0.000000
vn -1.000000 0.000000 0.000000
vn 0.000000 0.000000 1.000000
vn 0.000000 0.000000 1.000000
vn 0.000000 0.000000 1.000000
vn 0.000000 0.000000 1.000000
vn 1.000000 0.000000 0.000000
vn 1.000000 0.000000 0.000000
vn 0.000000 0.000000 -1.000000
vn 0.000000 0.000000 -1.000000
vn 0.000000 0.000000 -1.000000
vn 0.000000 0.000000 -1.000000
vn -1.000000 0.000000 0.000000
vn -1.000000 0.000000 0.000000
vn -1.000000 0.000000 0.000000
vn -1.000000 0.000000 0.000000
vn 0.000000 -1.000000 0.000000
vn 0.000000 -1.000000 0.000000
vn 0.000000 -1.000000 0.000000
vn 0.000000 -1.000000 0.000000
vn 1.000000 0.000000 0.000000
vn 1.000000 0.000000 0.000000
vn 1.000000 0.000000 0.000000
vn 1.000000 0.000000 0.000000
vn 0.000000 1.000000 0.000000
vn 0.000000 1.000000 0.000000
vn 0.000000 1.000000 0.000000
vn 0.000000 1.000000 0.000000
vn -1.000000 0.000000 0.000000
vn -1.000000 0.000000 0.000000
vn -1.000000 0.000000 0.000000
vn -1.000000 0.000000 0.000000
vn 0.000000 -1.000000 0.000000
vn 0.000000 -1.000000 0.000000
vn 0.000000 -1.000000 0.000000
vn 0.000000 -1.000000 0.000000
vn -1.000000 0.000000 0.000000
vn -1.000000 0.000000 0.000000
vn -1.000000 0.000000 0.000000
vn -1.000000 0.000000 0.000000
vn 0.000000 1.000000 0.000000
vn 0.000000 1.000000 0.000000
vn 0.000000 1.000000 0.000000
vn 0.000000 1.000000 0.000000
vn 1.000000 0.000000 0.000000
vn 1.000000 0.000000 0.000000
vn 1.000000 0.000000 0.000000
vn 1.000000 0.000000 0.000000
vn 0.000000 0.000000 0.000000
vn 0.000000 0.000000 0.000000
vn 0.000000 0.000000 0.000000
vn 0.000000 0.000000 0.000000
vn 0.000000 0.000000 0.000000
vn 0.000000 0.000000 0.000000
vn 0.000000 0.000000 0.000000
vn 0.000000 0.000000 0.000000
vn 0.000000 0.000000 0.000000
vn 0.000000 0.000000 0.000000
vn 0.000000 0.000000 0.000000
vn 0.000000 0.000000 0.000000
vn 0.000000 0.000000 0.000000
vn 0.000000 0.000000 0.000000
vn 0.000000 0.000000 0.000000
vn 0.000000 0.000000 0.000000
vn 0.000000 0.000000 0.000000
vn 0.000000 0.000000 0.000000
vn 0.000000 0.000000 0.000000
vn 0.000000 0.000000 0.000000
vn 0.000000 0.000000 0.000000
vn 0.000000 0.000000 0.000000
vn 0.000000 0.000000 0.000000
vn 0.000000 0.000000 0.000000
vn 0.000000 0.000000 0.000000
vn 0.000000 0.000000 0.000000
vn 0.000000 0.000000 0.000000
vn 0.000000 0.000000 0.000000
vn 0.000000 0.000000 0.000000
vn 0.000000 0.000000 0.000000
vn 0.000000 0.000000 0.000000
vn 0.000000 0.000000 0.000000
vn 0.000000 -1.000000 0.000000
vn 0.000000 -1.000000 0.000000
vn 0.000000 -1.000000 0.000000
vn 0.000000 -1.000000 0.000000
vn 0.000000 1.000000 0.000000
vn 0.000000 1.000000 0.000000
vn 0.000000 1.000000 0.000000
vn 0.000000 1.000000 0.000000
vn 0.000000 -1.000000 0.000000
vn 0.000000 -1.000000 0.000000
vn 0.000000 0.000000 1.000000
vn 0.000000 0.000000 1.000000
vn 0.000000 0.000000 1.000000
vn 0.000000 0.000000 1.000000
vn 0.000000 1.000000 0.000000
vn 0.000000 1.000000 0.000000
vn 0.000000 1.000000 0.000000
vn 0.000000 1.000000 0.000000
vn 0.000000 0.000000 -1.000000
vn 0.000000 0.000000 -1.000000
vn 0.000000 0.000000 -1.000000
vn 0.000000 0.000000 -1.000000
vn 0.000000 -1.000000 0.000000
vn 0.000000 -1.000000 0.000000
vn 0.000000 0.000000 1.000000
vn 0.000000 0.000000 1.000000
vn 0.000000 0.000000 1.000000
vn 0.000000 0.000000 1.000000
vn 1.000000 0.000000 0.000000
vn 1.000000 0.000000 0.000000
vn 0.000000 0.000000 -1.000000
vn 0.000000 0.000000 -1.000000
vn 0.000000 0.000000 -1.000000
vn 0.000000 0.000000 -1.000000
vn -1.000000 0.000000 0.000000
vn -1.000000 0.000000 0.000000
vn -1.000000 0.000000 0.000000
vn -1.000000 0.000000 0.000000
s off
g group7 windows_asset10 windows frame_r1
usemtl StingrayPBS4SG
f 41/61/89 42/62/90 44/110/91 43/64/92
f 77/65/93 78/101/94 79/67/95 80/68/96
f 45/69/97 46/70/98 48/111/99 47/72/100
f 47/72/101 48/111/102 42/62/103 41/61/104
s 1
f 42/112/105 48/71/106 46/107/107 44/63/108
s off
f 47/72/109 41/61/110 43/64/111 45/69/112
f 53/73/113 54/108/114 55/75/115 56/76/116
s 1
f 44/63/108 46/107/107 51/103/117 50/78/118
s off
f 58/79/119 57/80/120 59/81/121 60/106/122
f 70/83/123 69/84/124 71/85/125 72/86/126
f 43/64/127 44/110/128 54/108/129 53/73/130
f 44/63/131 50/78/132 55/109/133 54/74/134
f 50/104/135 49/87/136 56/76/137 55/75/138
f 71/85/139 69/84/140 73/88/141 74/89/142
f 46/70/143 45/69/144 57/80/145 58/79/146
f 70/83/147 72/86/148 75/90/149 76/91/150
f 52/92/151 51/77/152 60/106/153 59/81/154
f 51/103/155 46/107/156 58/105/157 60/82/158
f 45/69/159 43/64/160 61/93/161 62/94/162
f 49/87/163 52/92/164 64/95/165 63/96/166
f 43/64/167 53/73/168 65/97/169 61/93/170
f 53/73/171 56/76/172 66/98/173 65/97/174
f 56/76/175 49/87/176 63/96/177 66/98/178
f 52/92/179 59/81/180 67/99/181 64/95/182
f 59/81/183 57/80/184 68/100/185 67/99/186
f 57/80/187 45/69/188 62/94/189 68/100/190
s 2
f 62/94/191 61/93/192 69/84/193 70/83/194
s 3
f 63/96/195 64/95/196 72/86/197 71/85/198
s 2
f 61/93/192 65/97/199 73/88/200 69/84/193
s off
f 65/97/201 66/98/202 74/89/203 73/88/204
s 3
f 66/98/205 63/96/195 71/85/198 74/89/206
f 64/95/196 67/99/207 75/90/208 72/86/197
s off
f 67/99/209 68/100/210 76/91/211 75/90/212
s 2
f 68/100/213 62/94/191 70/83/194 76/91/214
s off
f 49/87/215 50/104/216 78/101/217 77/65/218
s 1
f 50/78/118 51/103/117 79/102/219 78/66/220
s off
f 51/77/221 52/92/222 80/68/223 79/67/224
f 52/92/225 49/87/226 77/65/227 80/68/228
g default
v -3140.792214 334.797941 473.129026
v -3140.792214 334.797941 713.780534
v -3140.792214 305.958810 475.463890
v -3140.792214 305.958810 711.445583
v -3173.227794 305.958810 475.463890
v -3173.227794 305.958810 711.445583
v -3173.227794 334.797941 473.129026
v -3173.227794 334.797941 713.780534
v -3140.792214 334.797941 480.538140
v -3140.792214 305.958810 480.538358
v -3173.227794 305.958810 480.538358
v -3173.227794 334.797941 480.538140
v -3140.792214 334.797941 512.651017
v -3140.792214 305.958810 512.651060
v -3173.227794 305.958810 512.651060
v -3173.227794 334.797941 512.651017
v -3140.792214 334.797941 674.258456
v -3140.792214 305.958810 674.258369
v -3173.227794 305.958810 674.258369
v -3173.227794 334.797941 674.258456
v -3140.792214 334.797941 706.371332
v -3140.792214 305.958810 706.371158
v -3173.227794 305.958810 706.371158
v -3173.227794 334.797941 706.371332
v -3168.594049 305.958810 475.463890
v -3168.594049 334.797941 473.129026
v -3168.594049 334.797941 480.538140
v -3168.594049 334.797941 512.651017
v -3168.594049 334.797941 674.258456
v -3168.594049 334.797941 706.371332
v -3168.594049 334.797941 713.780534
v -3168.594049 305.958810 711.445583
v -3168.594049 305.958810 706.371158
v -3168.594049 305.958810 674.258369
v -3168.594049 305.958810 512.651060
v -3168.594049 305.958810 480.538358
v -3168.594049 291.097607 512.651060
v -3168.594049 291.097607 480.538358
v -3140.792214 291.097607 480.538358
v -3140.792214 291.097607 512.651060
v -3168.594049 291.097607 706.371158
v -3168.594049 291.097607 674.258369
v -3140.792214 291.097607 674.258369
v -3140.792214 291.097607 706.371158
vt 0.668642 0.358491
vt 0.670531 0.360269
vt 0.483639 0.843225
vt 0.665529 0.349546
vt 0.672813 0.348817
vt 0.672157 0.349758
vt 0.672906 0.349893
vt 0.673718 0.349374
vt 0.674356 0.354778
vt 0.673207 0.354468
vt 0.672451 0.354955
vt 0.673940 0.355578
vt 0.734763 0.349972
vt 0.732766 0.358564
vt 0.727794 0.355324
vt 0.729187 0.350461
vt 0.679942 0.362917
vt 0.680351 0.339043
vt 0.677741 0.344566
vt 0.672149 0.346012
vt 0.483436 0.815184
vt 0.676191 0.338322
vt 0.680625 0.347310
vt 0.681227 0.354849
vt 0.681145 0.356055
vt 0.721286 0.363125
vt 0.118121 0.845868
vt 0.720604 0.346307
vt 0.680439 0.346113
vt 0.720363 0.347491
vt 0.719976 0.355039
vt 0.720073 0.356246
vt 0.730798 0.360220
vt 0.734544 0.348437
vt 0.728252 0.347244
vt 0.723681 0.344285
vt 0.117918 0.817828
vt 0.733700 0.344075
vt 0.727583 0.350134
vt 0.726001 0.355222
vt 0.726513 0.356128
vt 0.728389 0.349543
vt 0.728386 0.350605
vt 0.727100 0.354968
vt 0.725577 0.339246
vt 0.057326 0.818266
vt 0.057529 0.846307
vt 0.720979 0.339262
vt 0.667865 0.343281
vt 0.422845 0.815622
vt 0.423047 0.843663
vt 0.665867 0.347876
vt 0.047954 0.846376
vt 0.057922 0.900721
vt 0.043943 0.900822
vt 0.118514 0.900283
vt 0.423441 0.898078
vt 0.484033 0.897639
vt 0.498013 0.897538
vt 0.493213 0.843155
vn 1.000000 0.000000 -0.000000
vn 1.000000 0.000000 -0.000000
vn 1.000000 0.000000 -0.000000
vn 1.000000 0.000000 -0.000000
vn 0.000000 -1.000000 -0.000000
vn 0.000000 -1.000000 -0.000000
vn 0.000000 -1.000000 -0.000000
vn 0.000000 -1.000000 -0.000000
vn -1.000000 -0.000000 0.000000
vn -1.000000 -0.000000 0.000000
vn -1.000000 -0.000000 0.000000
vn -1.000000 -0.000000 0.000000
vn -0.000000 1.000000 0.000000
vn -0.000000 1.000000 0.000000
vn -0.000000 1.000000 0.000000
vn -0.000000 1.000000 0.000000
vn 0.000000 -0.080701 0.996738
vn 0.000000 -0.080701 0.996738
vn 0.000000 -0.080701 0.996738
vn 0.000000 -0.080701 0.996738
vn -0.000000 -0.080698 -0.996739
vn -0.000000 -0.080698 -0.996739
vn -0.000000 -0.080697 -0.996739
vn -0.000000 -0.080697 -0.996739
vn 1.000000 0.000000 -0.000000
vn 1.000000 0.000000 -0.000000
vn 0.000000 -1.000000 -0.000000
vn 0.000000 -1.000000 -0.000000
vn 0.000000 -1.000000 -0.000000
vn 0.000000 -1.000000 -0.000000
vn -1.000000 -0.000000 0.000000
vn -1.000000 -0.000000 0.000000
vn -0.000000 1.000000 0.000000
vn -0.000000 1.000000 0.000000
vn 1.000000 0.000000 -0.000000
vn 1.000000 0.000000 -0.000000
vn 0.000000 -1.000000 -0.000000
vn 0.000000 -1.000000 -0.000000
vn 0.000000 -1.000000 -0.000000
vn 0.000000 -1.000000 -0.000000
vn -1.000000 -0.000000 0.000000
vn -1.000000 -0.000000 0.000000
vn -0.000000 1.000000 0.000000
vn -0.000000 1.000000 0.000000
vn 1.000000 0.000000 -0.000000
vn 1.000000 0.000000 -0.000000
vn 0.000000 -1.000000 -0.000000
vn 0.000000 -1.000000 -0.000000
vn 0.000000 -1.000000 -0.000000
vn 0.000000 -1.000000 -0.000000
vn -1.000000 -0.000000 0.000000
vn -1.000000 -0.000000 0.000000
vn -0.000000 1.000000 0.000000
vn -0.000000 1.000000 0.000000
vn 1.000000 0.000000 -0.000000
vn 1.000000 0.000000 -0.000000
vn 0.000000 -1.000000 -0.000000
vn 0.000000 -1.000000 -0.000000
vn 0.000000 -1.000000 -0.000000
vn 0.000000 -1.000000 -0.000000
vn -1.000000 -0.000000 0.000000
vn -1.000000 -0.000000 0.000000
vn -0.000000 1.000000 0.000000
vn -0.000000 1.000000 0.000000
vn -0.000000 -0.080697 -0.996739
vn -0.000000 -0.080697 -0.996739
vn -0.000000 1.000000 0.000000
vn -0.000000 1.000000 0.000000
vn -0.000000 1.000000 0.000000
vn -0.000000 1.000000 0.000000
vn -0.000000 1.000000 0.000000
vn -0.000000 1.000000 0.000000
vn 0.000000 -0.080701 0.996738
vn 0.000000 -0.080701 0.996738
vn 0.000000 -1.000000 -0.000000
vn 0.000000 -1.000000 -0.000000
vn 0.000000 -1.000000 -0.000000
vn 0.000000 -1.000000 -0.000000
vn 0.000000 -1.000000 -0.000000
vn 0.000000 -1.000000 -0.000000
vn -1.000000 -0.000000 0.000000
vn -1.000000 -0.000000 0.000000
vn -1.000000 -0.000000 0.000000
vn -1.000000 -0.000000 0.000000
vn -0.000000 0.000000 -1.000000
vn -0.000000 0.000000 -1.000000
vn -0.000000 0.000000 -1.000000
vn -0.000000 0.000000 -1.000000
vn 1.000000 0.000000 -0.000000
vn 1.000000 0.000000 -0.000000
vn 0.000000 -0.000000 1.000000
vn 0.000000 -0.000000 1.000000
vn 0.000000 -0.000000 1.000000
vn 0.000000 -0.000000 1.000000
vn -1.000000 -0.000000 0.000000
vn -1.000000 -0.000000 0.000000
vn -1.000000 -0.000000 0.000000
vn -1.000000 -0.000000 0.000000
vn -0.000000 0.000000 -1.000000
vn -0.000000 0.000000 -1.000000
vn -0.000000 0.000000 -1.000000
vn -0.000000 0.000000 -1.000000
vn 1.000000 0.000000 -0.000000
vn 1.000000 0.000000 -0.000000
vn 0.000000 -0.000000 1.000000
vn 0.000000 -0.000000 1.000000
vn 0.000000 -0.000000 1.000000
vn 0.000000 -0.000000 1.000000
s 1
g group7 windows_asset10 windows frame_top1
usemtl StingrayPBS4SG
f 81/171/229 89/170/230 90/115/231 83/172/232
s 2
f 83/116/233 90/164/234 116/117/235 105/118/236
s 3
f 85/119/237 91/120/238 92/121/239 87/122/240
s 4
f 89/114/241 81/113/242 106/123/243 107/124/244
s 5
f 84/125/245 82/126/246 111/127/247 112/128/248
s 6
f 81/113/249 83/116/250 105/118/251 106/123/252
s 1
f 90/115/231 89/170/230 93/169/253 94/163/254
s off
f 117/131/255 118/132/256 119/161/257 120/134/258
s 3
f 92/121/239 91/120/238 95/135/259 96/136/260
s 4
f 93/129/261 89/114/241 107/124/244 108/137/262
s 1
f 94/163/254 93/169/253 97/168/263 98/139/264
s 2
f 94/130/265 98/160/266 114/140/267 115/141/268
s 3
f 96/136/260 95/135/259 99/142/269 100/143/270
s 4
f 97/138/271 93/129/261 108/137/262 109/144/272
s 1
f 98/139/264 97/168/263 101/166/273 102/159/274
s off
f 121/147/275 122/148/276 123/157/277 124/150/278
s 3
f 100/143/270 99/142/269 103/151/279 104/152/280
s 4
f 101/145/281 97/138/271 109/144/272 110/153/282
s 1
f 102/159/274 101/166/273 82/167/283 84/165/284
s 2
f 102/146/285 84/125/286 112/128/287 113/154/288
s 3
f 104/152/280 103/151/279 86/155/289 88/156/290
s 4
f 82/126/291 101/145/281 110/153/282 111/127/292
s 6
f 87/122/293 106/123/252 105/118/251 85/119/294
s 4
f 87/122/295 92/121/296 107/124/244 106/123/243
f 107/124/244 92/121/296 96/136/297 108/137/262
f 109/144/272 108/137/262 96/136/297 100/143/298
f 109/144/272 100/143/298 104/152/299 110/153/282
f 111/127/292 110/153/282 104/152/299 88/156/300
s 5
f 112/128/248 111/127/247 88/156/301 86/155/302
s 2
f 103/151/303 113/154/288 112/128/287 86/155/304
f 103/151/303 99/142/305 114/140/267 113/154/288
f 95/135/306 115/141/268 114/140/267 99/142/305
f 95/135/306 91/120/307 116/117/235 115/141/268
f 105/118/236 116/117/235 91/120/307 85/119/308
s off
f 115/141/309 116/117/310 118/132/311 117/131/312
f 116/117/313 90/164/314 119/161/315 118/132/316
s 1
f 90/115/231 94/163/254 120/162/317 119/133/318
s off
f 94/130/319 115/141/320 117/131/321 120/134/322
f 113/154/323 114/140/324 122/148/325 121/147/326
f 114/140/327 98/160/328 123/157/329 122/148/330
s 1
f 98/139/264 102/159/274 124/158/331 123/149/332
s off
f 102/146/333 113/154/334 121/147/335 124/150/336
g default
v -3161.728194 102.883136 670.997864
v -3146.171016 102.883136 670.997864
v -3161.728194 115.662158 670.997864
v -3146.171016 115.662158 670.997864
v -3161.728194 115.662158 595.642119
v -3146.171016 115.662158 595.642119
v -3161.728194 102.883136 595.642119
v -3146.171016 102.883136 595.642119
v -3161.728194 115.662158 660.232679
v -3161.728194 102.883136 660.232679
v -3146.171016 102.883136 660.232679
v -3146.171016 115.662158 660.232679
v -3161.728194 115.662158 606.407120
v -3161.728194 102.883136 606.407120
v -3146.171016 102.883136 606.407120
v -3146.171016 115.662158 606.407120
v -3161.728194 258.593927 670.997864
v -3146.171016 258.593927 670.997864
v -3146.171016 258.593927 660.232679
v -3161.728194 258.593927 660.232679
v -3146.171016 258.593927 606.407120
v -3161.728194 258.593927 606.407120
v -3146.171016 258.593927 595.642119
v -3161.728194 258.593927 595.642119
v -3161.728194 274.444809 668.713588
v -3146.171016 274.444809 668.713588
v -3146.171016 268.702939 659.607579
v -3161.728194 268.702939 659.607579
v -3146.171016 268.506667 607.162566
v -3161.728194 268.506667 607.162566
v -3146.171016 274.009851 597.910204
v -3161.728194 274.009851 597.910204
v -3161.728194 284.267322 664.139748
v -3146.171016 284.267322 664.139748
v -3146.171016 275.573845 657.790599
v -3161.728194 275.573845 657.790599
v -3146.171016 275.270515 609.156621
v -3161.728194 275.270515 609.156621
v -3146.171016 283.440570 602.147095
v -3161.728194 283.440570 602.147095
v -3161.728194 292.236301 657.828955
v -3146.171016 292.236301 657.828955
v -3146.171016 282.844611 652.567420
v -3161.728194 282.844611 652.567420
v -3146.171016 281.881786 613.768728
v -3161.728194 281.881786 613.768728
v -3146.171016 292.104221 610.393943
v -3161.728194 292.104221 610.393943
v -3161.728194 298.581492 646.850408
v -3146.171016 298.581492 646.850408
v -3146.171016 287.998976 644.875669
v -3161.728194 287.998976 644.875669
v -3146.171016 288.010348 621.972619
v -3161.728194 288.010348 621.972619
v -3146.171016 298.555160 619.806179
v -3161.728194 298.555160 619.806179
v -3161.728194 300.738747 636.402671
v -3146.171016 300.738747 636.402671
v -3146.171016 289.977821 636.706597
v -3161.728194 289.977821 636.706597
v -3146.171016 290.019752 630.326033
v -3161.728194 290.019752 630.326033
v -3146.171016 300.779961 630.003020
v -3161.728194 300.779961 630.003020
v -3161.728194 115.662158 667.153345
v -3161.728194 102.883136 667.153345
v -3146.171016 102.883136 667.153345
v -3146.171016 115.662158 667.153345
v -3146.171016 258.593927 667.153345
v -3146.171016 273.009353 665.345426
v -3146.171016 282.093953 661.588940
v -3146.171016 289.888390 655.749032
v -3146.171016 295.935852 645.926993
v -3146.171016 298.048508 636.374431
v -3146.171016 298.089909 630.190444
v -3146.171016 295.918973 620.775403
v -3146.171016 289.548588 611.965499
v -3146.171016 281.398064 604.869184
v -3146.171016 272.634063 601.314241
v -3146.171016 258.593927 599.486545
v -3146.171016 115.662158 599.486545
v -3146.171016 102.883136 599.486545
v -3161.728194 102.883136 599.486545
v -3161.728194 115.662158 599.486545
v -3161.728194 258.593927 599.486545
v -3161.728194 272.634063 601.314241
v -3161.728194 281.398064 604.869184
v -3161.728194 289.548588 611.965499
v -3161.728194 295.918973 620.775403
v -3161.728194 298.089909 630.190444
v -3161.728194 298.048508 636.374431
v -3161.728194 295.935852 645.926993
v -3161.728194 289.888390 655.749032
v -3161.728194 282.093953 661.588940
v -3161.728194 273.009353 665.345426
v -3161.728194 258.593927 667.153345
v -3161.728194 102.883136 665.615363
v -3146.171016 102.883136 665.615363
v -3146.171016 115.662158 665.615363
v -3146.171016 258.593927 665.615363
v -3146.171016 271.573866 664.160584
v -3146.171016 279.920568 660.965174
v -3146.171016 287.540479 655.198119
v -3146.171016 293.290211 645.862970
v -3146.171016 295.358300 636.554588
v -3146.171016 295.399857 630.164550
v -3146.171016 293.282754 620.889421
v -3146.171016 286.992988 612.081313
v -3146.171016 279.355527 605.651812
v -3146.171016 271.258275 602.536385
v -3146.171016 258.593927 601.024619
v -3146.171016 115.662158 601.024619
v -3146.171016 102.883136 601.024619
v -3161.728194 102.883136 601.024619
v -3161.728194 115.662158 662.923998
v -3161.728194 102.883136 662.923998
v -3146.171016 102.883136 662.923998
v -3146.171016 115.662158 662.923998
v -3146.171016 258.593927 662.923998
v -3146.171016 270.138395 661.884081
v -3146.171016 277.747199 659.377932
v -3146.171016 285.192522 653.882747
v -3146.171016 290.644586 645.369274
v -3146.171016 292.668061 636.630569
v -3146.171016 292.709804 630.245269
v -3146.171016 290.646583 621.431043
v -3146.171016 284.437387 612.925020
v -3146.171016 277.313021 607.404171
v -3146.171016 269.882455 604.849407
v -3146.171016 258.593927 603.715893
v -3146.171016 115.662158 603.715893
v -3146.171016 102.883136 603.715893
v -3161.728194 102.883136 603.715893
v -3161.728194 115.662158 603.715893
v -3161.728194 258.593927 603.715893
v -3161.728194 269.882455 604.849407
v -3161.728194 277.313021 607.404171
v -3161.728194 284.437387 612.925020
v -3161.728194 290.646583 621.431043
v -3161.728194 292.709804 630.245269
v -3161.728194 292.668061 636.630569
v -3161.728194 290.644586 645.369274
v -3161.728194 285.192522 653.882747
v -3161.728194 277.747199 659.377932
v -3161.728194 270.138395 661.884081
v -3161.728194 258.593927 662.923998
v -3161.728194 108.420486 670.997864
v -3161.728194 108.420486 667.153345
v -3161.728194 108.420486 665.615363
v -3161.728194 108.420486 662.923998
v -3161.728194 108.420486 660.232679
v -3161.728194 108.420486 606.407120
v -3161.728194 108.420486 603.715893
v -3161.728194 108.420486 601.024619
v -3161.728194 108.420486 599.486545
v -3161.728194 108.420486 595.642119
v -3146.171016 108.420486 595.642119
v -3146.171016 108.420486 599.486545
v -3146.171016 108.420486 601.024619
v -3146.171016 108.420486 603.715893
v -3146.171016 108.420486 606.407120
v -3146.171016 108.420486 660.232679
v -3146.171016 108.420486 662.923998
v -3146.171016 108.420486 665.615363
v -3146.171016 108.420486 667.153345
v -3146.171016 108.420486 670.997864
v -3161.728194 110.119325 670.997864
v -3161.728194 110.119325 667.153345
v -3161.728194 110.119325 599.486545
v -3161.728194 110.119325 595.642119
v -3146.171016 110.119325 595.642119
v -3146.171016 110.119325 599.486545
v -3146.171016 110.119325 601.024619
v -3146.171016 110.119325 603.715893
v -3146.171016 110.119325 606.407120
v -3146.171016 110.119325 660.232679
v -3146.171016 110.119325 662.923998
v -3146.171016 110.119325 665.615363
v -3146.171016 110.119325 667.153345
v -3146.171016 110.119325 670.997864
v -3161.728194 112.467404 670.997864
v -3161.728194 112.467404 667.153345
v -3161.728194 112.467404 662.923998
v -3161.728194 112.467404 660.232679
v -3161.728194 112.467404 606.407120
v -3161.728194 112.467404 603.715893
v -3161.728194 112.467404 599.486545
v -3161.728194 112.467404 595.642119
v -3146.171016 112.467404 595.642119
v -3146.171016 112.467404 599.486545
v -3146.171016 112.467404 601.024619
v -3146.171016 112.467404 603.715893
v -3146.171016 112.467404 606.407120
v -3146.171016 112.467404 660.232679
v -3146.171016 112.467404 662.923998
v -3146.171016 112.467404 665.615363
v -3146.171016 112.467404 667.153345
v -3146.171016 112.467404 670.997864
v -3149.140734 108.420486 595.642119
v -3149.140734 108.420486 599.486545
v -3149.140734 102.883136 599.486545
v -3149.140734 102.883136 595.642119
v -3164.697912 115.662158 599.486545
v -3164.697912 258.593927 599.486545
v -3164.697912 115.662158 601.024619
v -3164.697912 258.593927 601.024619
v -3164.697912 272.634063 601.314241
v -3164.697912 271.258275 602.536385
v -3164.697912 281.398064 604.869184
v -3164.697912 279.355527 605.651812
v -3164.697912 289.548588 611.965499
v -3164.697912 286.992988 612.081313
v -3164.697912 295.918973 620.775403
v -3164.697912 293.282754 620.889421
v -3164.697912 298.089909 630.190444
v -3164.697912 295.399857 630.164550
v -3164.697912 295.358300 636.554588
v -3164.697912 298.048508 636.374431
v -3164.697912 293.290211 645.862970
v -3164.697912 295.935852 645.926993
v -3164.697912 287.540479 655.198119
v -3164.697912 289.888390 655.749032
v -3164.697912 279.920568 660.965174
v -3164.697912 282.093953 661.588940
v -3164.697912 271.573866 664.160584
v -3164.697912 273.009353 665.345426
v -3164.697912 258.593927 665.615363
v -3164.697912 258.593927 667.153345
v -3164.697912 115.662158 665.615363
v -3164.697912 115.662158 667.153345
v -3164.697912 115.662158 603.715893
v -3164.697912 258.593927 603.715893
v -3164.697912 269.882455 604.849407
v -3164.697912 277.313021 607.404171
v -3164.697912 284.437387 612.925020
v -3164.697912 290.646583 621.431043
v -3164.697912 292.709804 630.245269
v -3164.697912 292.668061 636.630569
v -3164.697912 290.644586 645.369274
v -3164.697912 285.192522 653.882747
v -3164.697912 277.747199 659.377932
v -3164.697912 270.138395 661.884081
v -3164.697912 258.593927 662.923998
v -3164.697912 115.662158 662.923998
v -3164.697912 110.119325 667.153345
v -3164.697912 110.119325 665.615363
v -3164.697912 108.420486 665.615363
v -3164.697912 108.420486 667.153345
v -3164.697912 110.119325 662.923998
v -3164.697912 108.420486 662.923998
v -3164.697912 110.119325 660.232679
v -3164.697912 108.420486 660.232679
v -3164.697912 108.420486 606.407120
v -3164.697912 110.119325 606.407120
v -3164.697912 110.119325 603.715893
v -3164.697912 108.420486 603.715893
v -3164.697912 110.119325 601.024619
v -3164.697912 108.420486 601.024619
v -3164.697912 110.119325 599.486545
v -3164.697912 108.420486 599.486545
v -3164.697912 112.467404 667.153345
v -3164.697912 112.467404 665.615363
v -3164.697912 112.467404 662.923998
v -3164.697912 112.467404 660.232679
v -3164.697912 112.467404 606.407120
v -3164.697912 112.467404 603.715893
v -3164.697912 112.467404 601.024619
v -3164.697912 112.467404 599.486545
vt 0.341010 0.033715
vt 0.338385 0.048180
vt 0.338501 0.059692
vt 0.341136 0.045616
vt 0.169540 0.044627
vt 0.172922 0.058771
vt 0.173132 0.047233
vt 0.169765 0.032699
vt 0.332293 0.033663
vt 0.329973 0.048131
vt 0.330073 0.059645
vt 0.332401 0.045565
vt 0.316597 0.033570
vt 0.316673 0.045475
vt 0.194105 0.044768
vt 0.194280 0.032844
vt 0.314825 0.048045
vt 0.196788 0.047369
vt 0.196624 0.058903
vt 0.314895 0.059561
vt 0.316773 0.061117
vt 0.314987 0.074691
vt 0.196409 0.074057
vt 0.193875 0.060437
vt 0.178522 0.032751
vt 0.178314 0.044677
vt 0.181582 0.047282
vt 0.172295 0.056148
vt 0.180818 0.056196
vt 0.181014 0.044587
vt 0.172508 0.044538
vt 0.341301 0.061253
vt 0.338654 0.074817
vt 0.341838 0.390232
vt 0.344755 0.388026
vt 0.330204 0.074772
vt 0.332933 0.390224
vt 0.318857 0.388004
vt 0.316897 0.390211
vt 0.335508 0.388018
vt 0.332543 0.061205
vt 0.191925 0.390108
vt 0.189077 0.387893
vt 0.175824 0.390095
vt 0.181134 0.073975
vt 0.172645 0.073930
vt 0.166877 0.390088
vt 0.169244 0.060300
vt 0.163063 0.387871
vt 0.178042 0.060349
vt 0.172355 0.387878
vt 0.336890 0.427314
vt 0.339634 0.426527
vt 0.329013 0.423934
vt 0.317502 0.412512
vt 0.315586 0.413818
vt 0.331452 0.423018
vt 0.193360 0.413298
vt 0.190556 0.411970
vt 0.179547 0.422999
vt 0.171527 0.426239
vt 0.167871 0.425410
vt 0.176203 0.422044
vt 0.326404 0.450520
vt 0.328753 0.450631
vt 0.320402 0.445370
vt 0.313203 0.429281
vt 0.311441 0.429966
vt 0.322516 0.445281
vt 0.197805 0.429221
vt 0.195166 0.428507
vt 0.187556 0.443715
vt 0.181092 0.448562
vt 0.177794 0.448597
vt 0.184512 0.443562
vt 0.311734 0.469483
vt 0.313519 0.470333
vt 0.306826 0.463885
vt 0.300604 0.447128
vt 0.299308 0.447148
vt 0.308418 0.464517
vt 0.208419 0.444863
vt 0.206186 0.444754
vt 0.203969 0.463098
vt 0.200194 0.469202
vt 0.197630 0.470042
vt 0.201555 0.463700
vt 0.285965 0.484677
vt 0.286748 0.486123
vt 0.283786 0.478337
vt 0.281906 0.459847
vt 0.281306 0.459391
vt 0.284483 0.479534
vt 0.227534 0.459427
vt 0.226040 0.459885
vt 0.224555 0.478323
vt 0.222213 0.484648
vt 0.220505 0.486094
vt 0.222940 0.479520
vt 0.261335 0.489872
vt 0.261156 0.491523
vt 0.261287 0.483411
vt 0.261976 0.464749
vt 0.262123 0.464109
vt 0.261107 0.484808
vt 0.247131 0.464212
vt 0.246400 0.464857
vt 0.246712 0.483518
vt 0.246235 0.489980
vt 0.245466 0.491636
vt 0.245962 0.484919
vt 0.328907 0.045545
vt 0.328806 0.033642
vt 0.326608 0.048112
vt 0.326700 0.059627
vt 0.326823 0.074754
vt 0.329370 0.390222
vt 0.326228 0.420559
vt 0.318911 0.440227
vt 0.305510 0.458296
vt 0.283631 0.472009
vt 0.261730 0.476964
vt 0.246684 0.477070
vt 0.224879 0.472011
vt 0.204314 0.457008
vt 0.189462 0.438875
vt 0.182457 0.419761
vt 0.179403 0.390098
vt 0.184529 0.073993
vt 0.181388 0.058818
vt 0.184775 0.058837
vt 0.184962 0.047301
vt 0.182024 0.032771
vt 0.181824 0.044697
vt 0.171663 0.387436
vt 0.177426 0.057634
vt 0.180971 0.057654
vt 0.175407 0.387439
vt 0.175536 0.421854
vt 0.178582 0.418466
vt 0.183904 0.443531
vt 0.185902 0.438466
vt 0.201073 0.463820
vt 0.201438 0.457445
vt 0.222617 0.479760
vt 0.222959 0.473152
vt 0.245812 0.485199
vt 0.245784 0.478447
vt 0.261534 0.478336
vt 0.261070 0.485087
vt 0.284460 0.473148
vt 0.284623 0.479774
vt 0.307357 0.458793
vt 0.308736 0.464643
vt 0.321375 0.439882
vt 0.322938 0.445263
vt 0.329023 0.419304
vt 0.331939 0.422834
vt 0.332295 0.387574
vt 0.336022 0.387577
vt 0.329481 0.058482
vt 0.333009 0.058502
vt 0.322790 0.045510
vt 0.322702 0.033606
vt 0.320717 0.048078
vt 0.320798 0.059594
vt 0.320905 0.074722
vt 0.323134 0.390216
vt 0.320904 0.417187
vt 0.315173 0.435093
vt 0.302406 0.452717
vt 0.282467 0.465694
vt 0.261927 0.470530
vt 0.246908 0.470634
vt 0.226208 0.465713
vt 0.206369 0.450929
vt 0.193637 0.434044
vt 0.187911 0.416527
vt 0.185665 0.390103
vt 0.190469 0.074025
vt 0.190700 0.058870
vt 0.190875 0.047335
vt 0.188152 0.032808
vt 0.187965 0.044733
vt 0.187171 0.057688
vt 0.181958 0.387445
vt 0.184293 0.415083
vt 0.190275 0.433411
vt 0.203591 0.451082
vt 0.224352 0.466557
vt 0.246019 0.471709
vt 0.261741 0.471599
vt 0.283241 0.466536
vt 0.304107 0.452953
vt 0.317462 0.434509
vt 0.323451 0.415776
vt 0.325772 0.387569
vt 0.323305 0.058448
vt 0.182575 0.387887
vt 0.187719 0.060402
vt 0.184895 0.415323
vt 0.190834 0.433516
vt 0.204054 0.451057
vt 0.224661 0.466417
vt 0.246167 0.471530
vt 0.261772 0.471421
vt 0.283112 0.466396
vt 0.303824 0.452914
vt 0.317081 0.434606
vt 0.323027 0.416011
vt 0.325333 0.388009
vt 0.322907 0.061151
vt 0.341174 0.049277
vt 0.332435 0.049227
vt 0.332899 0.046446
vt 0.329378 0.046426
vt 0.329346 0.042740
vt 0.332865 0.042761
vt 0.323215 0.046390
vt 0.323187 0.042704
vt 0.317051 0.046355
vt 0.317027 0.042669
vt 0.193603 0.041952
vt 0.193549 0.045644
vt 0.187362 0.045609
vt 0.187420 0.041916
vt 0.181174 0.045573
vt 0.181237 0.041881
vt 0.177638 0.045553
vt 0.177702 0.041860
vt 0.178251 0.048346
vt 0.169470 0.048296
vt 0.172857 0.062320
vt 0.181329 0.062367
vt 0.184717 0.062386
vt 0.190646 0.062418
vt 0.196573 0.062451
vt 0.314917 0.063103
vt 0.320823 0.063136
vt 0.326729 0.063168
vt 0.330104 0.063187
vt 0.338537 0.063233
vt 0.341228 0.054344
vt 0.332481 0.054295
vt 0.332946 0.051547
vt 0.329421 0.051527
vt 0.323253 0.051492
vt 0.317084 0.051457
vt 0.193473 0.050755
vt 0.187281 0.050720
vt 0.181088 0.050685
vt 0.177548 0.050665
vt 0.178163 0.053425
vt 0.169375 0.053375
vt 0.172767 0.067233
vt 0.181246 0.067279
vt 0.184638 0.067297
vt 0.190571 0.067330
vt 0.196504 0.067362
vt 0.314946 0.068006
vt 0.320858 0.068039
vt 0.326769 0.068071
vt 0.330146 0.068089
vt 0.338587 0.068135
vt 0.316729 0.054206
vt 0.322855 0.054241
vt 0.193977 0.053514
vt 0.187828 0.053479
vn 0.000000 0.000000 1.000000
vn 0.000000 0.000000 1.000000
vn 0.000000 0.000000 1.000000
vn 0.000000 0.000000 1.000000
vn 0.000000 0.000000 -1.000000
vn 0.000000 0.000000 -1.000000
vn 0.000000 0.000000 -1.000000
vn 0.000000 0.000000 -1.000000
vn 0.000000 -1.000000 0.000000
vn 0.000000 -1.000000 0.000000
vn 0.000000 -1.000000 0.000000
vn 0.000000 -1.000000 0.000000
vn 1.000000 0.000000 0.000000
vn 1.000000 0.000000 0.000000
vn 1.000000 0.000000 0.000000
vn 1.000000 0.000000 0.000000
vn -1.000000 0.000000 0.000000
vn -1.000000 0.000000 0.000000
vn -1.000000 0.000000 0.000000
vn -1.000000 0.000000 0.000000
vn -1.000000 0.000000 0.000000
vn -1.000000 0.000000 0.000000
vn -1.000000 0.000000 0.000000
vn -1.000000 0.000000 0.000000
vn 0.000000 -1.000000 0.000000
vn 0.000000 -1.000000 0.000000
vn 0.000000 -1.000000 0.000000
vn 0.000000 -1.000000 0.000000
vn 1.000000 0.000000 0.000000
vn 1.000000 0.000000 0.000000
vn 1.000000 0.000000 0.000000
vn 1.000000 0.000000 0.000000
vn 0.000000 1.000000 0.000000
vn 0.000000 1.000000 0.000000
vn 0.000000 1.000000 0.000000
vn 0.000000 1.000000 0.000000
vn -1.000000 0.000000 0.000000
vn -1.000000 0.000000 0.000000
vn -1.000000 0.000000 0.000000
vn -1.000000 0.000000 0.000000
vn 0.000000 -1.000000 0.000000
vn 0.000000 -1.000000 0.000000
vn 0.000000 -1.000000 0.000000
vn 0.000000 -1.000000 0.000000
vn 1.000000 0.000000 0.000000
vn 1.000000 0.000000 0.000000
vn 1.000000 0.000000 0.000000
vn 1.000000 0.000000 0.000000
vn 0.000000 0.000000 1.000000
vn 0.000000 0.000000 1.000000
vn 0.000000 0.014385 0.999896
vn 0.000000 0.014385 0.999896
vn 1.000000 0.000000 0.000000
vn 1.000000 0.000000 0.000000
vn 1.000000 0.000000 0.000000
vn 1.000000 0.000000 0.000000
vn 0.000000 0.000000 -1.000000
vn 0.000000 0.000000 -1.000000
vn 0.000000 -0.004084 -0.999992
vn 0.000000 -0.004084 -0.999992
vn -1.000000 0.000000 0.000000
vn -1.000000 0.000000 0.000000
vn -1.000000 0.000000 0.000000
vn -1.000000 0.000000 0.000000
vn 0.000000 0.000000 1.000000
vn 0.000000 0.000000 1.000000
vn 0.000000 -0.004943 0.999988
vn 0.000000 -0.004943 0.999988
vn 1.000000 0.000000 0.000000
vn 1.000000 0.000000 0.000000
vn 1.000000 0.000000 0.000000
vn 1.000000 0.000000 0.000000
vn 0.000000 0.000000 -1.000000
vn 0.000000 0.000000 -1.000000
vn 0.000000 0.014322 -0.999897
vn 0.000000 0.014322 -0.999897
vn -1.000000 0.000000 0.000000
vn -1.000000 0.000000 0.000000
vn -1.000000 0.000000 0.000000
vn -1.000000 0.000000 0.000000
vn 0.000000 0.258080 0.966124
vn 0.000000 0.258080 0.966124
vn 1.000000 0.000000 0.000000
vn 1.000000 0.000000 0.000000
vn 0.000000 -0.142357 -0.989815
vn 0.000000 -0.142357 -0.989815
vn -1.000000 0.000000 0.000000
vn -1.000000 0.000000 0.000000
vn 0.000000 -0.162676 0.986680
vn 0.000000 -0.162676 0.986680
vn 1.000000 0.000000 0.000000
vn 1.000000 0.000000 0.000000
vn 0.000000 0.253269 -0.967396
vn 0.000000 0.253269 -0.967396
vn -1.000000 0.000000 0.000000
vn -1.000000 0.000000 0.000000
vn 0.000000 0.521871 0.853025
vn 0.000000 0.521871 0.853025
vn 1.000000 -0.000000 0.000000
vn 1.000000 0.000000 0.000000
vn 0.000000 -0.445659 -0.895203
vn 0.000000 -0.445659 -0.895203
vn -1.000000 0.000000 0.000000
vn -1.000000 0.000000 0.000000
vn 0.000000 -0.442843 0.896599
vn 0.000000 -0.442843 0.896599
vn 1.000000 -0.000000 0.000000
vn 1.000000 -0.000000 0.000000
vn 0.000000 0.567883 -0.823109
vn 0.000000 0.567883 -0.823109
vn -1.000000 0.000000 0.000000
vn -1.000000 0.000000 0.000000
vn 0.000000 0.620825 0.783949
vn 0.000000 0.620825 0.783949
vn 1.000000 -0.000000 0.000000
vn 1.000000 0.000000 0.000000
vn 0.000000 -0.583438 -0.812157
vn 0.000000 -0.583438 -0.812157
vn -1.000000 0.000000 0.000000
vn -1.000000 -0.000000 0.000000
vn 0.000000 -0.572148 0.820151
vn 0.000000 -0.572148 0.820151
vn 1.000000 -0.000000 0.000000
vn 1.000000 -0.000000 0.000000
vn 0.000000 0.759720 -0.650251
vn 0.000000 0.759720 -0.650251
vn -1.000000 0.000000 0.000000
vn -1.000000 0.000000 0.000000
vn 0.000000 0.865796 0.500397
vn 0.000000 0.865796 0.500397
vn 0.000000 0.929492 0.368844
vn 0.000000 0.929492 0.368844
vn 1.000000 0.000000 0.000000
vn 1.000000 0.000000 0.000000
vn 0.000000 -0.830725 -0.556683
vn 0.000000 -0.830725 -0.556683
vn 0.000000 -0.912011 -0.410166
vn 0.000000 -0.912011 -0.410166
vn -1.000000 -0.000000 0.000000
vn -1.000000 -0.000000 0.000000
vn 0.000000 -0.801140 0.598476
vn 0.000000 -0.801140 0.598476
vn 0.000000 -0.897456 0.441103
vn 0.000000 -0.897456 0.441103
vn 1.000000 0.000000 0.000000
vn 1.000000 0.000000 0.000000
vn 0.000000 0.914492 -0.404603
vn 0.000000 0.914492 -0.404603
vn -1.000000 0.000000 0.000000
vn -1.000000 0.000000 0.000000
vn 0.000000 0.979341 0.202215
vn 0.000000 0.979341 0.202215
vn 1.000000 0.000000 0.000000
vn 1.000000 0.000000 0.000000
vn 0.000000 -0.971892 -0.235428
vn 0.000000 -0.971892 -0.235428
vn -1.000000 -0.000000 0.000000
vn -1.000000 -0.000000 0.000000
vn 0.000000 -0.972266 0.233879
vn 0.000000 -0.972266 0.233879
vn 1.000000 0.000000 0.000000
vn 1.000000 0.000000 0.000000
vn 0.000000 0.977015 -0.213171
vn 0.000000 0.977015 -0.213171
vn -1.000000 0.000000 0.000000
vn -1.000000 0.000000 0.000000
vn -1.000000 0.000000 0.000000
vn -1.000000 0.000000 0.000000
vn -1.000000 0.000000 0.000000
vn -1.000000 0.000000 0.000000
vn 0.000000 0.999979 0.006440
vn 0.000000 0.999979 0.006440
vn 0.000000 0.999979 0.006440
vn 0.000000 0.999979 0.006440
vn 0.000000 -0.999978 -0.006572
vn 0.000000 -0.999978 -0.006572
vn 0.000000 -0.999978 -0.006572
vn 0.000000 -0.999978 -0.006572
vn 1.000000 0.000000 0.000000
vn 1.000000 0.000000 0.000000
vn 1.000000 0.000000 0.000000
vn 1.000000 0.000000 0.000000
vn -1.000000 0.000000 0.000000
vn -1.000000 0.000000 0.000000
vn 0.000000 -1.000000 0.000000
vn 0.000000 -1.000000 0.000000
vn 1.000000 0.000000 0.000000
vn 1.000000 0.000000 0.000000
vn 1.000000 0.000000 0.000000
vn 1.000000 0.000000 0.000000
vn 1.000000 0.000000 0.000000
vn 1.000000 -0.000000 0.000000
vn 1.000000 -0.000000 0.000000
vn 1.000000 0.000000 0.000000
vn 1.000000 0.000000 0.000000
vn 1.000000 0.000000 0.000000
vn 1.000000 0.000000 0.000000
vn 1.000000 0.000000 0.000000
vn 1.000000 0.000000 0.000000
vn 1.000000 0.000000 0.000000
vn 1.000000 -0.000000 0.000000
vn 1.000000 0.000000 0.000000
vn 1.000000 0.000000 0.000000
vn 1.000000 0.000000 0.000000
vn 1.000000 0.000000 0.000000
vn 1.000000 0.000000 0.000000
vn 1.000000 0.000000 0.000000
vn 1.000000 0.000000 0.000000
vn 0.000000 -1.000000 0.000000
vn 0.000000 -1.000000 0.000000
vn -1.000000 0.000000 0.000000
vn -1.000000 0.000000 0.000000
vn -1.000000 0.000000 0.000000
vn -1.000000 0.000000 0.000000
vn -1.000000 0.000000 0.000000
vn -1.000000 0.000000 0.000000
vn -1.000000 0.000000 0.000000
vn -1.000000 0.000000 0.000000
vn -1.000000 -0.000000 0.000000
vn -1.000000 0.000000 0.000000
vn -1.000000 0.000000 0.000000
vn -1.000000 -0.000000 0.000000
vn -1.000000 0.000000 0.000000
vn -1.000000 -0.000000 0.000000
vn -1.000000 0.000000 0.000000
vn -1.000000 0.000000 0.000000
vn -1.000000 0.000000 0.000000
vn -1.000000 0.000000 0.000000
vn -1.000000 0.000000 0.000000
vn -1.000000 0.000000 0.000000
vn -1.000000 0.000000 0.000000
vn -1.000000 -0.000000 0.000000
vn -1.000000 0.000000 0.000000
vn -1.000000 0.000000 0.000000
vn -1.000000 -0.000000 0.000000
vn -1.000000 0.000000 0.000000
vn -1.000000 -0.000000 0.000000
vn -1.000000 0.000000 0.000000
vn -1.000000 0.000000 0.000000
vn -1.000000 -0.000000 0.000000
vn -1.000000 -0.000000 0.000000
vn -1.000000 0.000000 0.000000
vn -1.000000 0.000000 0.000000
vn -1.000000 0.000000 0.000000
vn -1.000000 0.000000 0.000000
vn -1.000000 0.000000 0.000000
vn 0.000000 -1.000000 0.000000
vn 0.000000 -1.000000 0.000000
vn 1.000000 0.000000 0.000000
vn 1.000000 0.000000 0.000000
vn 1.000000 0.000000 0.000000
vn 1.000000 0.000000 0.000000
vn 1.000000 0.000000 0.000000
vn 1.000000 0.000000 0.000000
vn 1.000000 0.000000 0.000000
vn 1.000000 0.000000 0.000000
vn 1.000000 0.000000 0.000000
vn 1.000000 -0.000000 0.000000
vn 1.000000 -0.000000 0.000000
vn 1.000000 0.000000 0.000000
vn 1.000000 0.000000 0.000000
vn 1.000000 0.000000 0.000000
vn 1.000000 0.000000 0.000000
vn 1.000000 0.000000 0.000000
vn 1.000000 0.000000 0.000000
vn 1.000000 0.000000 0.000000
vn 1.000000 0.000000 0.000000
vn 1.000000 0.000000 0.000000
vn 0.000000 -1.000000 0.000000
vn 0.000000 -1.000000 0.000000
vn -1.000000 0.000000 0.000000
vn -1.000000 0.000000 0.000000
vn -1.000000 0.000000 0.000000
vn -1.000000 0.000000 0.000000
vn -1.000000 -0.000000 0.000000
vn -1.000000 -0.000000 0.000000
vn -1.000000 0.000000 0.000000
vn -1.000000 -0.000000 0.000000
vn -1.000000 -0.000000 0.000000
vn -1.000000 0.000000 0.000000
vn -1.000000 0.000000 0.000000
vn -1.000000 -0.000000 0.000000
vn -1.000000 -0.000000 0.000000
vn -1.000000 -0.000000 0.000000
vn -1.000000 -0.000000 0.000000
vn -1.000000 -0.000000 0.000000
vn -1.000000 -0.000000 0.000000
vn -1.000000 0.000000 0.000000
vn 1.000000 0.000000 0.000000
vn 1.000000 0.000000 0.000000
vn 1.000000 0.000000 0.000000
vn 1.000000 0.000000 0.000000
vn 1.000000 0.000000 0.000000
vn 1.000000 0.000000 0.000000
vn 1.000000 0.000000 0.000000
vn 1.000000 -0.000000 0.000000
vn 1.000000 -0.000000 0.000000
vn 1.000000 0.000000 0.000000
vn 1.000000 0.000000 0.000000
vn 1.000000 0.000000 0.000000
vn 1.000000 0.000000 0.000000
vn 1.000000 0.000000 0.000000
vn 1.000000 0.000000 0.000000
vn 1.000000 0.000000 0.000000
vn -1.000000 -0.000000 0.000000
vn -1.000000 0.000000 0.000000
vn -1.000000 0.000000 0.000000
vn -1.000000 -0.000000 0.000000
vn -1.000000 0.000000 0.000000
vn -1.000000 -0.000000 0.000000
vn -1.000000 -0.000000 0.000000
vn -1.000000 0.000000 0.000000
vn -1.000000 0.000000 0.000000
vn -1.000000 -0.000000 0.000000
vn -1.000000 -0.000000 0.000000
vn -1.000000 0.000000 0.000000
vn -1.000000 -0.000000 0.000000
vn -1.000000 -0.000000 0.000000
vn -1.000000 -0.000000 0.000000
vn -1.000000 -0.000000 0.000000
vn -1.000000 -0.000000 0.000000
vn -1.000000 -0.000000 0.000000
vn -1.000000 0.000000 0.000000
vn -1.000000 0.000000 0.000000
vn -1.000000 0.000000 0.000000
vn -1.000000 0.000000 0.000000
vn -1.000000 0.000000 0.000000
vn -1.000000 0.000000 0.000000
vn -1.000000 0.000000 0.000000
vn -1.000000 0.000000 0.000000
vn -1.000000 -0.000000 0.000000
vn -1.000000 0.000000 0.000000
vn -1.000000 -0.000000 0.000000
vn -1.000000 -0.000000 0.000000
vn -1.000000 0.000000 0.000000
vn -1.000000 0.000000 0.000000
vn -1.000000 0.000000 0.000000
vn -1.000000 0.000000 0.000000
vn -1.000000 0.000000 0.000000
vn -1.000000 0.000000 0.000000
vn -1.000000 0.000000 0.000000
vn -1.000000 0.000000 0.000000
vn -1.000000 0.000000 0.000000
vn -1.000000 0.000000 0.000000
vn -1.000000 0.000000 0.000000
vn -1.000000 0.000000 0.000000
vn -1.000000 0.000000 0.000000
vn -1.000000 0.000000 0.000000
vn -1.000000 0.000000 0.000000
vn -1.000000 0.000000 0.000000
vn -1.000000 0.000000 0.000000
vn -1.000000 0.000000 0.000000
vn -1.000000 0.000000 0.000000
vn -1.000000 0.000000 0.000000
vn -1.000000 0.000000 0.000000
vn -1.000000 0.000000 0.000000
vn 0.000000 0.000000 -1.000000
vn 0.000000 0.000000 -1.000000
vn 1.000000 0.000000 0.000000
vn 1.000000 0.000000 0.000000
vn 1.000000 0.000000 0.000000
vn 1.000000 0.000000 0.000000
vn 1.000000 0.000000 0.000000
vn 1.000000 0.000000 0.000000
vn 1.000000 0.000000 0.000000
vn 1.000000 0.000000 0.000000
vn 1.000000 0.000000 0.000000
vn 1.000000 0.000000 0.000000
vn 1.000000 0.000000 0.000000
vn 0.000000 0.000000 1.000000
vn 0.000000 0.000000 1.000000
vn -1.000000 0.000000 0.000000
vn -1.000000 0.000000 0.000000
vn -1.000000 0.000000 0.000000
vn -1.000000 0.000000 0.000000
vn -1.000000 0.000000 0.000000
vn -1.000000 0.000000 0.000000
vn -1.000000 0.000000 0.000000
vn -1.000000 0.000000 0.000000
vn -1.000000 0.000000 0.000000
vn -1.000000 0.000000 0.000000
vn -1.000000 0.000000 0.000000
vn -1.000000 0.000000 0.000000
vn 0.000000 0.000000 -1.000000
vn 0.000000 0.000000 -1.000000
vn 1.000000 0.000000 0.000000
vn 1.000000 0.000000 0.000000
vn 1.000000 0.000000 0.000000
vn 1.000000 0.000000 0.000000
vn 1.000000 0.000000 0.000000
vn 1.000000 0.000000 0.000000
vn 1.000000 0.000000 0.000000
vn 1.000000 0.000000 0.000000
vn 1.000000 0.000000 0.000000
vn 1.000000 0.000000 0.000000
vn 0.000000 0.000000 1.000000
vn 0.000000 0.000000 1.000000
vn -1.000000 0.000000 0.000000
vn -1.000000 0.000000 0.000000
vn -1.000000 0.000000 0.000000
vn -1.000000 0.000000 0.000000
vn 0.000000 -1.000000 0.000000
vn 0.000000 -1.000000 0.000000
vn 0.000000 -1.000000 0.000000
vn 0.000000 -1.000000 0.000000
vn 0.000000 0.000000 -1.000000
vn 0.000000 0.000000 -1.000000
vn 0.000000 0.000000 -1.000000
vn 0.000000 0.000000 -1.000000
vn 0.000000 1.000000 0.000000
vn 0.000000 1.000000 0.000000
vn 0.000000 1.000000 0.000000
vn 0.000000 1.000000 0.000000
vn 0.000000 0.000000 1.000000
vn 0.000000 0.000000 1.000000
vn 0.000000 0.000000 1.000000
vn 0.000000 0.000000 1.000000
vn 0.000000 0.011643 -0.999932
vn 0.000000 0.000000 -1.000000
vn 0.000000 0.000000 -1.000000
vn 0.000000 0.011643 -0.999932
vn 0.000000 0.229725 -0.973256
vn 0.000000 0.229725 -0.973256
vn 0.000000 0.532862 -0.846202
vn 0.000000 0.532862 -0.846202
vn 0.000000 0.738535 -0.674215
vn 0.000000 0.738535 -0.674215
vn 0.000000 0.905490 -0.424368
vn 0.000000 0.905490 -0.424368
vn 0.000000 0.990810 -0.135263
vn 0.000000 0.990810 -0.135263
vn 0.000000 0.990761 0.135618
vn 0.000000 0.990761 0.135618
vn 0.000000 0.921595 0.388154
vn 0.000000 0.921595 0.388154
vn 0.000000 0.749303 0.662228
vn 0.000000 0.749303 0.662228
vn 0.000000 0.494244 0.869323
vn 0.000000 0.494244 0.869323
vn 0.000000 0.230412 0.973093
vn 0.000000 0.230412 0.973093
vn 0.000000 0.011489 0.999934
vn 0.000000 0.011489 0.999934
vn 0.000000 0.000000 1.000000
vn 0.000000 0.000000 1.000000
vn 0.000000 0.000000 1.000000
vn 0.000000 -0.007350 0.999973
vn 0.000000 -0.007350 0.999973
vn 0.000000 0.000000 1.000000
vn 0.000000 -0.193316 0.981137
vn 0.000000 -0.193316 0.981137
vn 0.000000 -0.485163 0.874424
vn 0.000000 -0.485163 0.874424
vn 0.000000 -0.724792 0.688968
vn 0.000000 -0.724792 0.688968
vn 0.000000 -0.902361 0.430981
vn 0.000000 -0.902361 0.430981
vn 0.000000 -0.991272 0.131836
vn 0.000000 -0.991272 0.131836
vn 0.000000 -0.990805 -0.135296
vn 0.000000 -0.990805 -0.135296
vn 0.000000 -0.917563 -0.397590
vn 0.000000 -0.917563 -0.397590
vn 0.000000 -0.735685 -0.677324
vn 0.000000 -0.735685 -0.677324
vn 0.000000 -0.469330 -0.883023
vn 0.000000 -0.469330 -0.883023
vn 0.000000 -0.182048 -0.983290
vn 0.000000 -0.182048 -0.983290
vn 0.000000 -0.006732 -0.999977
vn 0.000000 -0.006732 -0.999977
vn 0.000000 0.000000 -1.000000
vn 0.000000 0.000000 -1.000000
vn 0.000000 -1.000000 0.000000
vn 0.000000 -1.000000 0.000000
vn 0.000000 -1.000000 0.000000
vn 0.000000 -1.000000 0.000000
vn 0.000000 0.000000 1.000000
vn 0.000000 0.000000 1.000000
vn 0.000000 0.000000 1.000000
vn 0.000000 0.000000 1.000000
vn 0.000000 -1.000000 0.000000
vn 0.000000 -1.000000 0.000000
vn 0.000000 -1.000000 0.000000
vn 0.000000 -1.000000 0.000000
vn 0.000000 -1.000000 0.000000
vn 0.000000 -1.000000 0.000000
vn 0.000000 -1.000000 0.000000
vn 0.000000 -1.000000 0.000000
vn 0.000000 -1.000000 0.000000
vn 0.000000 -1.000000 0.000000
vn 0.000000 0.000000 -1.000000
vn 0.000000 0.000000 -1.000000
vn 0.000000 0.000000 -1.000000
vn 0.000000 0.000000 -1.000000
vn 0.000000 -1.000000 0.000000
vn 0.000000 -1.000000 0.000000
vn 0.000000 0.000000 1.000000
vn 0.000000 0.000000 1.000000
vn 0.000000 1.000000 0.000000
vn 0.000000 1.000000 0.000000
vn 0.000000 1.000000 0.000000
vn 0.000000 1.000000 0.000000
vn 0.000000 1.000000 0.000000
vn 0.000000 1.000000 0.000000
vn 0.000000 1.000000 0.000000
vn 0.000000 1.000000 0.000000
vn 0.000000 0.000000 -1.000000
vn 0.000000 0.000000 -1.000000
vn 0.000000 0.000000 -1.000000
vn 0.000000 0.000000 -1.000000
vn 0.000000 0.000000 1.000000
vn 0.000000 0.000000 1.000000
s 1
g group7 windows_asset10 windows mainFrame_r1
usemtl StingrayPBS4SG
f 125/173/337 126/174/338 290/175/339 271/176/340
s 2
f 280/177/341 281/178/342 132/179/343 131/180/344
s 3
f 190/181/345 191/182/346 126/174/347 125/173/348
s 4
f 126/174/349 191/182/350 289/183/351 290/175/352
s 5
f 271/176/353 272/184/354 190/181/355 125/173/356
f 134/185/357 275/186/358 276/187/359 138/188/360
s 3
f 135/189/361 134/185/362 138/188/363 139/190/364
s 4
f 285/191/365 286/192/366 135/189/367 139/190/368
s off
f 133/193/369 136/194/370 140/195/371 137/196/372
s 5
f 131/180/373 207/197/374 279/198/375 280/177/376
s 3
f 131/180/377 132/179/378 206/199/379 207/197/380
s off
f 323/200/381 324/201/382 325/202/383 326/203/384
s 1
f 127/204/385 128/205/386 142/206/387 141/207/388
s 4
f 128/205/389 192/208/390 193/209/391 142/206/392
s 13
f 136/194/393 133/193/394 144/210/395 143/211/396
s 5
f 220/212/397 189/213/398 127/204/399 141/207/400
s 15
f 137/196/401 140/195/402 145/214/403 146/215/404
s 4
f 204/216/405 205/217/406 130/218/407 147/219/408
s 2
f 130/218/409 129/220/410 148/221/411 147/219/412
s 5
f 129/220/413 208/222/414 209/223/415 148/221/416
s 1
f 141/207/388 142/206/387 150/224/417 149/225/418
s 4
f 142/206/392 193/209/391 194/226/419 150/224/420
s 13
f 143/211/396 144/210/395 152/227/421 151/228/422
s 5
f 219/229/423 220/212/397 141/207/400 149/225/424
s 15
f 146/215/404 145/214/403 153/230/425 154/231/426
s 4
f 203/232/427 204/216/405 147/219/408 155/233/428
s 2
f 147/219/412 148/221/411 156/234/429 155/233/430
s 5
f 148/221/416 209/223/415 210/235/431 156/234/432
s 1
f 149/225/418 150/224/417 158/236/433 157/237/434
s 4
f 150/224/420 194/226/419 195/238/435 158/236/436
s 13
f 151/228/422 152/227/421 160/239/437 159/240/438
s 5
f 218/241/439 219/229/423 149/225/424 157/237/440
s 15
f 154/231/426 153/230/425 161/242/441 162/243/442
s 4
f 202/244/443 203/232/427 155/233/428 163/245/444
s 2
f 155/233/430 156/234/429 164/246/445 163/245/446
s 5
f 156/234/432 210/235/431 211/247/447 164/246/448
s 1
f 157/237/434 158/236/433 166/248/449 165/249/450
s 4
f 158/236/436 195/238/435 196/250/451 166/248/452
s 13
f 159/240/438 160/239/437 168/251/453 167/252/454
s 5
f 217/253/455 218/241/439 157/237/440 165/249/456
s 15
f 162/243/442 161/242/441 169/254/457 170/255/458
s 4
f 201/256/459 202/244/443 163/245/444 171/257/460
s 2
f 163/245/446 164/246/445 172/258/461 171/257/462
s 5
f 164/246/448 211/247/447 212/259/463 172/258/464
s 19
f 165/249/465 166/248/466 174/260/467 173/261/468
s 4
f 166/248/452 196/250/451 197/262/469 174/260/470
s 20
f 167/252/471 168/251/472 176/263/473 175/264/474
s 5
f 216/265/475 217/253/455 165/249/456 173/261/476
s 21
f 170/255/477 169/254/478 177/266/479 178/267/480
s 4
f 200/268/481 201/256/459 171/257/460 179/269/482
s 2
f 171/257/462 172/258/461 180/270/483 179/269/484
s 5
f 172/258/464 212/259/463 213/271/485 180/270/486
s 19
f 173/261/468 174/260/467 182/272/487 181/273/488
s 4
f 174/260/470 197/262/469 198/274/489 182/272/490
s 20
f 175/264/474 176/263/473 184/275/491 183/276/492
s 5
f 215/277/493 216/265/475 173/261/476 181/273/494
s 21
f 178/267/480 177/266/479 185/278/495 186/279/496
s 4
f 199/280/497 200/268/481 179/269/482 187/281/498
s 2
f 179/269/484 180/270/483 188/282/499 187/281/500
s 5
f 180/270/486 213/271/485 214/283/501 188/282/502
s off
f 214/283/503 215/277/504 181/273/505 188/282/506
f 181/273/507 182/272/508 187/281/509 188/282/510
f 183/276/511 184/275/512 186/279/513 185/278/514
s 22
f 182/272/515 198/274/516 199/280/517 187/281/518
s 5
f 272/184/354 273/284/519 221/285/520 190/181/355
s 3
f 221/285/521 222/286/522 191/182/346 190/181/345
s 4
f 288/287/523 289/183/351 191/182/350 222/286/524
f 193/209/391 192/208/390 223/288/525 224/289/526
f 194/226/419 193/209/391 224/289/526 225/290/527
f 195/238/435 194/226/419 225/290/527 226/291/528
f 196/250/451 195/238/435 226/291/528 227/292/529
f 197/262/469 196/250/451 227/292/529 228/293/530
f 198/274/489 197/262/469 228/293/530 229/294/531
s 22
f 199/280/517 198/274/516 229/294/532 230/295/533
s 4
f 230/295/534 231/296/535 200/268/481 199/280/497
f 231/296/535 232/297/536 201/256/459 200/268/481
f 232/297/536 233/298/537 202/244/443 201/256/459
f 233/298/537 234/299/538 203/232/427 202/244/443
f 234/299/538 235/300/539 204/216/405 203/232/427
f 235/300/539 236/301/540 205/217/406 204/216/405
f 282/302/541 283/303/542 237/304/543 206/199/544
s 3
f 207/197/380 206/199/379 237/304/545 238/305/546
s 5
f 278/306/547 279/198/375 207/197/374 238/305/548
s 24
f 328/307/549 327/308/550 329/309/551 330/310/552
f 331/311/553 328/307/549 330/310/552 332/312/554
f 333/313/555 331/311/553 332/312/554 334/314/556
f 335/315/557 333/313/555 334/314/556 336/316/558
f 337/317/559 335/315/557 336/316/558 338/318/560
f 339/319/561 337/317/559 338/318/560 340/320/562
s 25
f 340/320/563 341/321/564 342/322/565 339/319/566
s 24
f 341/321/567 343/323/568 344/324/569 342/322/570
f 343/323/568 345/325/571 346/326/572 344/324/569
f 345/325/571 347/327/573 348/328/574 346/326/572
f 347/327/573 349/329/575 350/330/576 348/328/574
f 349/329/575 351/331/577 352/332/578 350/330/576
f 351/331/577 353/333/579 354/334/580 352/332/578
s 5
f 273/284/519 274/335/581 240/336/582 221/285/520
s 3
f 240/336/583 241/337/584 222/286/522 221/285/521
s 4
f 287/338/585 288/287/523 222/286/524 241/337/586
f 224/289/526 223/288/525 242/339/587 243/340/588
f 225/290/527 224/289/526 243/340/588 244/341/589
f 226/291/528 225/290/527 244/341/589 245/342/590
f 227/292/529 226/291/528 245/342/590 246/343/591
f 228/293/530 227/292/529 246/343/591 247/344/592
f 229/294/531 228/293/530 247/344/592 248/345/593
s 22
f 230/295/533 229/294/532 248/345/594 249/346/595
s 4
f 249/346/596 250/347/597 231/296/535 230/295/534
f 250/347/597 251/348/598 232/297/536 231/296/535
f 251/348/598 252/349/599 233/298/537 232/297/536
f 252/349/599 253/350/600 234/299/538 233/298/537
f 253/350/600 254/351/601 235/300/539 234/299/538
f 254/351/601 255/352/602 236/301/540 235/300/539
f 283/303/542 284/353/603 256/354/604 237/304/543
s 3
f 238/305/546 237/304/545 256/354/605 257/355/606
s 5
f 277/356/607 278/306/547 238/305/548 257/355/608
s 24
f 330/310/552 329/309/551 355/357/609 356/358/610
f 332/312/554 330/310/552 356/358/610 357/359/611
f 334/314/556 332/312/554 357/359/611 358/360/612
f 336/316/558 334/314/556 358/360/612 359/361/613
f 338/318/560 336/316/558 359/361/613 360/362/614
f 340/320/562 338/318/560 360/362/614 361/363/615
s 25
f 361/363/616 362/364/617 341/321/564 340/320/563
s 24
f 362/364/618 363/365/619 343/323/568 341/321/567
f 363/365/619 364/366/620 345/325/571 343/323/568
f 364/366/620 365/367/621 347/327/573 345/325/571
f 365/367/621 366/368/622 349/329/575 347/327/573
f 366/368/622 367/369/623 351/331/577 349/329/575
f 367/369/623 368/370/624 353/333/579 351/331/577
s 5
f 274/335/581 275/186/358 134/185/357 240/336/582
s 3
f 134/185/362 135/189/361 241/337/584 240/336/583
s 4
f 286/192/366 287/338/585 241/337/586 135/189/367
f 243/340/588 242/339/587 136/194/625 143/211/626
f 244/341/589 243/340/588 143/211/626 151/228/627
f 245/342/590 244/341/589 151/228/627 159/240/628
f 246/343/591 245/342/590 159/240/628 167/252/629
f 247/344/592 246/343/591 167/252/629 175/264/630
f 248/345/593 247/344/592 175/264/630 183/276/631
s 22
f 249/346/595 248/345/594 183/276/632 185/278/633
s 4
f 177/266/634 250/347/597 249/346/596 185/278/635
f 169/254/636 251/348/598 250/347/597 177/266/634
f 161/242/637 252/349/599 251/348/598 169/254/636
f 153/230/638 253/350/600 252/349/599 161/242/637
f 145/214/639 254/351/601 253/350/600 153/230/638
f 140/195/640 255/352/602 254/351/601 145/214/639
f 284/353/603 285/191/365 139/190/368 256/354/604
s 3
f 257/355/606 256/354/605 139/190/364 138/188/363
s 5
f 276/187/359 277/356/607 257/355/608 138/188/360
s 27
f 259/371/641 258/372/642 137/196/643 146/215/644
f 260/373/645 259/371/641 146/215/644 154/231/646
f 261/374/647 260/373/645 154/231/646 162/243/648
f 262/375/649 261/374/647 162/243/648 170/255/650
f 263/376/651 262/375/649 170/255/650 178/267/652
f 264/377/653 263/376/651 178/267/652 186/279/654
s off
f 184/275/655 265/378/656 264/377/657 186/279/658
s 27
f 176/263/659 266/379/660 265/378/661 184/275/662
f 168/251/663 267/380/664 266/379/660 176/263/659
f 160/239/665 268/381/666 267/380/664 168/251/663
f 152/227/667 269/382/668 268/381/666 160/239/665
f 144/210/669 270/383/670 269/382/668 152/227/667
f 133/193/671 239/384/672 270/383/670 144/210/669
s 5
f 291/385/673 292/386/674 272/184/354 271/176/353
s 24
f 369/387/675 370/388/676 371/389/677 372/390/678
f 370/388/676 373/391/679 374/392/680 371/389/677
f 373/391/679 375/393/681 376/394/682 374/392/680
f 377/395/683 376/394/682 375/393/681 378/396/684
f 378/396/684 379/397/685 380/398/686 377/395/683
f 379/397/685 381/399/687 382/400/688 380/398/686
f 381/399/687 383/401/689 384/402/690 382/400/688
s 5
f 280/177/376 279/198/375 293/403/691 294/404/692
s 2
f 294/404/693 295/405/694 281/178/342 280/177/341
s 4
f 295/405/695 296/406/696 282/302/541 281/178/697
f 296/406/696 297/407/698 283/303/542 282/302/541
f 297/407/698 298/408/699 284/353/603 283/303/542
f 298/408/699 299/409/700 285/191/365 284/353/603
f 299/409/700 300/410/701 286/192/366 285/191/365
f 300/410/701 301/411/702 287/338/585 286/192/366
f 301/411/702 302/412/703 288/287/523 287/338/585
f 302/412/703 303/413/704 289/183/351 288/287/523
f 290/175/352 289/183/351 303/413/704 304/414/705
s 1
f 271/176/340 290/175/339 304/414/706 291/385/707
s 5
f 305/415/708 306/416/709 292/386/674 291/385/673
s 24
f 385/417/710 386/418/711 370/388/676 369/387/675
f 386/418/711 387/419/712 373/391/679 370/388/676
f 387/419/712 388/420/713 375/393/681 373/391/679
f 378/396/684 375/393/681 388/420/713 389/421/714
f 389/421/714 390/422/715 379/397/685 378/396/684
f 390/422/715 391/423/716 381/399/687 379/397/685
f 391/423/716 392/424/717 383/401/689 381/399/687
s 5
f 294/404/692 293/403/691 311/425/718 312/426/719
s 2
f 312/426/720 313/427/721 295/405/694 294/404/693
s 4
f 313/427/722 314/428/723 296/406/696 295/405/695
f 314/428/723 315/429/724 297/407/698 296/406/696
f 315/429/724 316/430/725 298/408/699 297/407/698
f 316/430/725 317/431/726 299/409/700 298/408/699
f 317/431/726 318/432/727 300/410/701 299/409/700
f 318/432/727 319/433/728 301/411/702 300/410/701
f 319/433/728 320/434/729 302/412/703 301/411/702
f 320/434/729 321/435/730 303/413/704 302/412/703
f 304/414/705 303/413/704 321/435/730 322/436/731
s 1
f 291/385/707 304/414/706 322/436/732 305/415/733
s 5
f 189/213/398 306/416/709 305/415/708 127/204/399
s 24
f 353/333/579 386/418/711 385/417/710 354/334/580
f 368/370/624 387/419/712 386/418/711 353/333/579
s 27
f 133/193/671 308/437/734 307/438/735 239/384/672
f 309/439/736 308/437/734 133/193/671 137/196/643
f 258/372/642 310/440/737 309/439/736 137/196/643
s 24
f 329/309/551 391/423/716 390/422/715 355/357/609
f 327/308/550 392/424/717 391/423/716 329/309/551
s 5
f 312/426/719 311/425/718 208/222/414 129/220/413
s 2
f 129/220/410 130/218/409 313/427/721 312/426/720
s 4
f 205/217/406 314/428/723 313/427/722 130/218/407
f 236/301/540 315/429/724 314/428/723 205/217/406
f 255/352/602 316/430/725 315/429/724 236/301/540
f 140/195/640 317/431/726 316/430/725 255/352/602
f 136/194/625 318/432/727 317/431/726 140/195/640
f 242/339/587 319/433/728 318/432/727 136/194/625
f 223/288/525 320/434/729 319/433/728 242/339/587
f 192/208/390 321/435/730 320/434/729 223/288/525
f 322/436/731 321/435/730 192/208/390 128/205/389
s 1
f 305/415/733 322/436/732 128/205/386 127/204/385
s off
f 281/178/738 282/302/739 324/201/740 323/200/741
f 282/302/742 206/199/743 325/202/744 324/201/745
f 206/199/746 132/179/747 326/203/748 325/202/749
f 132/179/750 281/178/751 323/200/752 326/203/753
s 31
f 209/223/754 208/222/755 327/308/756 328/307/757
f 210/235/758 209/223/754 328/307/757 331/311/759
f 211/247/760 210/235/758 331/311/759 333/313/761
f 212/259/762 211/247/760 333/313/761 335/315/763
f 213/271/764 212/259/762 335/315/763 337/317/765
f 214/283/766 213/271/764 337/317/765 339/319/767
f 215/277/768 214/283/766 339/319/767 342/322/769
f 216/265/770 215/277/768 342/322/769 344/324/771
f 217/253/772 216/265/770 344/324/771 346/326/773
f 218/241/774 217/253/772 346/326/773 348/328/775
f 219/229/776 218/241/774 348/328/775 350/330/777
f 220/212/778 219/229/776 350/330/777 352/332/779
f 189/213/780 220/212/778 352/332/779 354/334/781
s 32
f 258/372/782 259/371/783 356/358/784 355/357/785
f 259/371/783 260/373/786 357/359/787 356/358/784
f 260/373/786 261/374/788 358/360/789 357/359/787
f 261/374/788 262/375/790 359/361/791 358/360/789
f 262/375/790 263/376/792 360/362/793 359/361/791
f 263/376/792 264/377/794 361/363/795 360/362/793
f 264/377/794 265/378/796 362/364/797 361/363/795
f 265/378/796 266/379/798 363/365/799 362/364/797
f 266/379/798 267/380/800 364/366/801 363/365/799
f 267/380/800 268/381/802 365/367/803 364/366/801
f 268/381/802 269/382/804 366/368/805 365/367/803
f 269/382/804 270/383/806 367/369/807 366/368/805
f 270/383/806 239/384/808 368/370/809 367/369/807
s 33
f 273/284/810 272/184/811 372/390/812 371/389/813
s 31
f 272/184/814 292/386/815 369/387/816 372/390/817
s 33
f 274/335/818 273/284/810 371/389/813 374/392/819
f 275/186/820 274/335/818 374/392/819 376/394/821
f 276/187/822 275/186/820 376/394/821 377/395/823
f 277/356/824 276/187/822 377/395/823 380/398/825
f 278/306/826 277/356/824 380/398/825 382/400/827
s 31
f 293/403/828 279/198/829 384/402/830 383/401/831
s 33
f 279/198/832 278/306/826 382/400/827 384/402/833
s 31
f 292/386/815 306/416/834 385/417/835 369/387/816
s 36
f 307/438/836 308/437/837 388/420/838 387/419/839
f 308/437/837 309/439/840 389/421/841 388/420/838
f 309/439/840 310/440/842 390/422/843 389/421/841
s 31
f 311/425/844 293/403/828 383/401/831 392/424/845
f 306/416/834 189/213/780 354/334/781 385/417/835
s 32
f 239/384/808 307/438/846 387/419/847 368/370/809
f 310/440/848 258/372/782 355/357/785 390/422/849
s 31
f 208/222/755 311/425/844 392/424/845 327/308/756
g default
v -3140.792214 74.760490 715.054460
v -3140.792214 74.760490 471.855012
v -3140.792214 101.492935 711.445583
v -3140.792214 101.492935 475.463933
v -3173.227952 101.492935 711.445583
v -3173.227952 101.492935 475.463933
v -3173.227952 74.760490 715.054460
v -3173.227952 74.760490 471.855012
v -3140.792214 74.760490 706.371332
v -3140.792214 101.492935 706.371332
v -3173.227952 101.492935 706.371332
v -3173.227952 74.760490 706.371332
v -3140.792214 74.760490 674.258543
v -3140.792214 101.492935 674.258543
v -3173.227952 101.492935 674.258543
v -3173.227952 74.760490 674.258543
v -3140.792214 74.760490 512.651060
v -3140.792214 101.492935 512.651147
v -3173.227952 101.492935 512.651147
v -3173.227952 74.760490 512.651060
v -3140.792214 74.760490 480.538227
v -3140.792214 101.492935 480.538315
v -3173.227952 101.492935 480.538315
v -3173.227952 74.760490 480.538227
v -3168.594207 101.492935 711.445583
v -3168.594207 74.760490 715.054460
v -3168.594207 74.760490 706.371332
v -3168.594207 74.760490 674.258543
v -3168.594207 74.760490 512.651060
v -3168.594207 74.760490 480.538227
v -3168.594207 74.760490 471.855012
v -3168.594207 101.492935 475.463933
v -3168.594207 101.492935 480.538315
v -3168.594207 101.492935 512.651147
v -3168.594207 101.492935 674.258543
v -3168.594207 101.492935 706.371332
v -3168.594207 116.354114 674.258543
v -3168.594207 116.354114 706.371332
v -3140.792214 116.354114 706.371332
v -3140.792214 116.354114 674.258543
v -3168.594207 116.354114 480.538315
v -3168.594207 116.354114 512.651147
v -3140.792214 116.354114 512.651147
v -3140.792214 116.354114 480.538315
v -3146.352771 101.492935 674.258543
v -3146.352771 101.492935 512.651147
v -3168.594207 116.354114 674.258543
v -3168.594207 116.354114 706.371332
v -3140.792214 116.354114 706.371332
v -3140.792214 116.354114 674.258543
v -3168.594207 116.354114 480.538315
v -3168.594207 116.354114 512.651147
v -3140.792214 116.354114 512.651147
v -3140.792214 116.354114 480.538315
v -3140.792214 101.492935 674.258543
v -3140.792214 101.492935 512.651147
v -3146.352771 101.492935 512.651147
v -3146.352771 101.492935 674.258543
v -3140.792214 101.492935 674.258543
v -3140.792214 101.492935 512.651147
v -3146.352771 101.492935 512.651147
v -3146.352771 101.492935 674.258543
v -3140.792214 306.256780 674.258543
v -3140.792214 306.256780 512.651147
v -3146.352771 306.256780 512.651147
v -3146.352771 306.256780 674.258543
v -3140.792214 291.096752 680.151653
v -3146.352771 291.096752 680.151653
v -3146.352771 291.096752 506.758081
v -3140.792214 291.096752 506.758081
v -3140.792214 220.568988 680.151653
v -3146.352771 220.568988 680.151653
v -3146.352771 220.568988 506.758081
v -3140.792214 220.568988 506.758081
v -3140.792214 208.072091 681.465090
v -3146.352771 208.072091 681.465090
v -3146.352771 208.072091 505.444601
v -3140.792214 208.072091 505.444601
v -3140.792214 116.385068 681.465090
v -3146.352771 116.385068 681.465090
v -3146.352771 116.385068 505.444601
v -3140.792214 116.385068 505.444601
v -3146.352771 101.492935 593.250294
v -3146.352771 101.492935 593.250294
v -3146.352771 101.492935 593.250294
v -3168.594207 101.492935 593.250294
v -3173.227952 101.492935 593.250294
v -3173.227952 74.760490 593.250294
v -3168.594207 74.760490 593.250294
v -3140.792214 74.760490 593.250294
v -3140.792214 101.492935 593.250294
v -3140.792214 101.492935 593.250294
v -3140.792214 101.492935 593.250294
v -3140.792214 116.385068 593.232022
v -3140.792214 208.072091 593.232022
v -3140.792214 220.568988 593.235379
v -3140.792214 291.096752 593.235379
v -3140.792214 306.256780 593.250294
v -3146.352771 306.256780 593.250294
v -3146.352771 208.072091 606.310484
v -3146.352771 116.385068 606.310484
v -3146.352771 101.492935 605.257833
v -3146.352771 101.492935 605.257833
v -3146.352771 101.492935 605.257833
v -3168.594207 101.492935 605.257833
v -3173.227952 101.492935 605.257833
v -3173.227952 74.760490 605.257833
v -3168.594207 74.760490 605.257833
v -3140.792214 74.760490 605.257833
v -3140.792214 101.492935 605.257833
v -3140.792214 101.492935 605.257833
v -3140.792214 101.492935 605.257833
v -3140.792214 116.385068 606.310484
v -3140.792214 208.072091 606.310484
v -3140.792214 220.568988 606.118601
v -3140.792214 291.096752 606.118601
v -3140.792214 306.256780 605.257833
v -3146.352771 306.256780 605.257833
v -3146.352771 291.096752 606.118601
v -3146.352771 220.568988 606.118601
v -3146.352771 208.072091 579.432691
v -3146.352771 116.385068 579.432691
v -3146.352771 101.492935 580.580890
v -3146.352771 101.492935 580.580890
v -3146.352771 101.492935 580.580890
v -3168.594207 101.492935 580.580890
v -3173.227952 101.492935 580.580890
v -3173.227952 74.760482 580.580890
v -3168.594207 74.760482 580.580890
v -3140.792214 74.760482 580.580890
v -3140.792214 101.492935 580.580890
v -3140.792214 101.492935 580.580890
v -3140.792214 101.492935 580.580890
v -3140.792214 116.385068 579.432691
v -3140.792214 208.072091 579.432691
v -3140.792214 220.568988 579.642017
v -3140.792214 291.096752 579.642017
v -3140.792214 306.256780 580.580890
v -3146.352771 306.256780 580.580890
v -3146.352771 291.096752 579.642017
v -3146.352771 220.568988 579.642017
v -3143.522446 116.385068 593.232022
v -3143.522446 116.385068 579.432691
v -3143.522446 208.072091 593.232022
v -3143.522446 208.072091 579.432691
v -3143.522446 101.492935 593.250294
v -3143.522446 101.492935 580.580890
v -3143.522446 291.096752 593.235379
v -3143.522446 291.096752 579.642017
v -3143.522446 306.256780 593.250294
v -3143.522446 306.256780 580.580890
v -3143.522446 220.568988 593.235379
v -3143.522446 220.568988 579.642017
v -3143.522446 116.385068 606.310484
v -3143.522446 208.072091 606.310484
v -3143.522446 101.492935 605.257833
v -3143.522446 291.096752 606.118601
v -3143.522446 306.256780 605.257833
v -3143.522446 220.568988 606.118601
v -3140.695763 101.492935 580.580890
v -3140.695763 116.385068 579.432691
v -3140.695763 101.492935 512.651147
v -3140.695763 116.385068 505.444601
vt 0.747860 0.254173
vt 0.744483 0.254181
vt 0.745057 0.264428
vt 0.747044 0.264416
vt 0.747574 0.261356
vt 0.749641 0.261346
vt 0.750095 0.260809
vt 0.748014 0.260819
vt 0.747392 0.250152
vt 0.750926 0.250152
vt 0.750470 0.250768
vt 0.746959 0.250768
vt 0.651559 0.264992
vt 0.650124 0.254407
vt 0.648705 0.250768
vt 0.650191 0.261837
vt 0.731926 0.254211
vt 0.732415 0.264505
vt 0.734717 0.267432
vt 0.747920 0.267339
vt 0.745379 0.270186
vt 0.732691 0.270289
vt 0.734773 0.260882
vt 0.734243 0.250152
vt 0.733899 0.250768
vt 0.704560 0.254277
vt 0.704865 0.264671
vt 0.732804 0.263908
vt 0.705035 0.264069
vt 0.705744 0.261563
vt 0.734423 0.261421
vt 0.705898 0.261019
vt 0.705571 0.250152
vt 0.705421 0.250768
vt 0.667034 0.264899
vt 0.666990 0.254367
vt 0.653731 0.254398
vt 0.653681 0.264980
vt 0.652369 0.268014
vt 0.666350 0.267915
vt 0.667058 0.270819
vt 0.653652 0.270927
vt 0.666164 0.250152
vt 0.666204 0.261208
vt 0.652180 0.261275
vt 0.652244 0.250152
vt 0.666287 0.250768
vt 0.652466 0.250768
vt 0.652404 0.261826
vt 0.649952 0.261285
vt 0.648457 0.250152
vt 0.666327 0.261758
vt 0.747920 0.267339
vt 0.734717 0.267432
vt 0.745379 0.270186
vt 0.732691 0.270289
vt 0.666350 0.267915
vt 0.652369 0.268014
vt 0.666897 0.264291
vt 0.667058 0.270819
vt 0.653652 0.270927
vt 0.736403 0.349596
vt 0.707343 0.349596
vt 0.707544 0.349596
vt 0.736847 0.349596
vt 0.704865 0.264671
vt 0.732415 0.264505
vt 0.666897 0.264291
vt 0.667034 0.264899
vt 0.732804 0.263908
vt 0.705035 0.264069
vt 0.704865 0.264671
vt 0.732415 0.264505
vt 0.666897 0.264291
vt 0.667034 0.264899
vt 0.732804 0.263908
vt 0.705035 0.264069
vt 0.705462 0.270521
vt 0.735549 0.270278
vt 0.663899 0.270293
vt 0.664061 0.270855
vt 0.735964 0.269725
vt 0.705638 0.269964
vt 0.738997 0.342961
vt 0.738537 0.342961
vt 0.707716 0.342961
vt 0.664792 0.342961
vt 0.664629 0.342961
vt 0.667247 0.349596
vt 0.667389 0.349596
vt 0.707515 0.342961
vt 0.737521 0.312793
vt 0.737082 0.312793
vt 0.706821 0.312793
vt 0.664716 0.312793
vt 0.664554 0.312793
vt 0.706631 0.312793
vt 0.737802 0.307570
vt 0.737362 0.307570
vt 0.706746 0.307570
vt 0.664142 0.307570
vt 0.663976 0.307570
vt 0.706557 0.307570
vt 0.694589 0.270336
vt 0.700226 0.270291
vt 0.701198 0.307570
vt 0.695424 0.307570
vt 0.694925 0.264436
vt 0.700079 0.264405
vt 0.694971 0.264128
vt 0.700147 0.264098
vt 0.700147 0.264098
vt 0.694971 0.264128
vt 0.694971 0.264128
vt 0.700147 0.264098
vt 0.700694 0.261588
vt 0.695346 0.261614
vt 0.700813 0.261043
vt 0.695427 0.261069
vt 0.700522 0.250152
vt 0.695176 0.250152
vt 0.695097 0.250768
vt 0.700407 0.250768
vt 0.694645 0.254300
vt 0.699744 0.254288
vt 0.700015 0.264700
vt 0.694881 0.264731
vt 0.700015 0.264700
vt 0.694881 0.264731
vt 0.700015 0.264700
vt 0.694881 0.264731
vt 0.700160 0.270564
vt 0.694546 0.270609
vt 0.701128 0.307570
vt 0.695376 0.307570
vt 0.701264 0.312793
vt 0.695580 0.312793
vt 0.702046 0.342961
vt 0.696254 0.342961
vt 0.702225 0.349596
vt 0.696805 0.349596
vt 0.702383 0.349596
vt 0.696916 0.349596
vt 0.696306 0.342961
vt 0.702123 0.342961
vt 0.702302 0.349596
vt 0.696859 0.349596
vt 0.695629 0.312793
vt 0.701336 0.312793
vt 0.705548 0.270249
vt 0.706649 0.307570
vt 0.704948 0.264377
vt 0.707613 0.342961
vt 0.707441 0.349596
vt 0.706724 0.312793
vt 0.694633 0.270051
vt 0.695473 0.307570
vt 0.694544 0.270619
vt 0.694879 0.264741
vt 0.667036 0.264909
vt 0.664064 0.270865
vt 0.696361 0.342961
vt 0.695679 0.312793
vn 1.000000 0.000000 0.000000
vn 1.000000 0.000000 0.000000
vn 1.000000 0.000000 0.000000
vn 1.000000 0.000000 0.000000
vn 0.000000 1.000000 0.000000
vn 0.000000 1.000000 0.000000
vn 0.000000 1.000000 0.000000
vn 0.000000 1.000000 0.000000
vn -1.000000 0.000000 -0.000000
vn -1.000000 0.000000 -0.000000
vn -1.000000 0.000000 -0.000000
vn -1.000000 0.000000 -0.000000
vn 0.000000 -1.000000 0.000000
vn 0.000000 -1.000000 0.000000
vn 0.000000 -1.000000 0.000000
vn 0.000000 -1.000000 0.000000
vn 0.000000 0.133788 -0.991010
vn 0.000000 0.133788 -0.991010
vn 0.000000 0.133788 -0.991010
vn 0.000000 0.133788 -0.991010
vn -0.000000 0.133786 0.991010
vn -0.000000 0.133786 0.991010
vn -0.000000 0.133786 0.991010
vn -0.000000 0.133786 0.991010
vn 1.000000 0.000000 0.000000
vn 1.000000 0.000000 0.000000
vn 0.000000 1.000000 0.000000
vn 0.000000 1.000000 0.000000
vn 0.000000 1.000000 0.000000
vn 0.000000 1.000000 0.000000
vn -1.000000 0.000000 -0.000000
vn -1.000000 0.000000 -0.000000
vn 0.000000 -1.000000 0.000000
vn 0.000000 -1.000000 0.000000
vn 1.000000 0.000000 0.000000
vn 1.000000 0.000000 0.000000
vn 0.000000 1.000000 0.000000
vn 0.000000 1.000000 0.000000
vn 0.000000 1.000000 0.000000
vn 0.000000 1.000000 0.000000
vn -1.000000 0.000000 -0.000000
vn -1.000000 0.000000 -0.000000
vn 0.000000 -1.000000 0.000000
vn 0.000000 -1.000000 0.000000
vn 1.000000 0.000000 0.000000
vn 1.000000 0.000000 0.000000
vn 1.000000 0.000000 0.000000
vn 1.000000 0.000000 0.000000
vn 0.000000 1.000000 0.000000
vn 0.000000 1.000000 0.000000
vn 0.000000 1.000000 0.000000
vn 0.000000 1.000000 0.000000
vn -1.000000 0.000000 -0.000000
vn -1.000000 0.000000 -0.000000
vn -1.000000 0.000000 -0.000000
vn -1.000000 0.000000 -0.000000
vn 0.000000 -1.000000 0.000000
vn 0.000000 -1.000000 -0.000000
vn 0.000000 -1.000000 -0.000000
vn 0.000000 -1.000000 0.000000
vn 1.000000 0.000000 0.000000
vn 1.000000 0.000000 0.000000
vn 0.000000 1.000000 0.000000
vn 0.000000 1.000000 0.000000
vn 0.000000 1.000000 0.000000
vn 0.000000 1.000000 0.000000
vn -1.000000 0.000000 -0.000000
vn -1.000000 0.000000 -0.000000
vn 0.000000 -1.000000 0.000000
vn 0.000000 -1.000000 0.000000
vn -0.000000 0.133786 0.991010
vn -0.000000 0.133786 0.991010
vn 0.000000 -1.000000 0.000000
vn 0.000000 -1.000000 0.000000
vn 0.000000 -1.000000 0.000000
vn 0.000000 -1.000000 0.000000
vn 0.000000 -1.000000 -0.000000
vn 0.000000 -1.000000 0.000000
vn 0.000000 -1.000000 0.000000
vn 0.000000 0.133788 -0.991010
vn 0.000000 0.133788 -0.991010
vn 0.000000 1.000000 0.000000
vn 0.000000 1.000000 0.000000
vn 0.000000 1.000000 0.000000
vn 0.000000 1.000000 0.000000
vn 0.000000 1.000000 0.000000
vn 0.000000 1.000000 0.000000
vn 0.000000 1.000000 0.000000
vn 0.000000 1.000000 0.000000
vn -1.000000 0.000000 -0.000000
vn -1.000000 0.000000 -0.000000
vn -1.000000 0.000000 -0.000000
vn -1.000000 0.000000 -0.000000
vn -0.000000 0.000000 1.000000
vn -0.000000 0.000000 1.000000
vn -0.000000 0.000000 1.000000
vn -0.000000 0.000000 1.000000
vn 1.000000 0.000000 0.000000
vn 1.000000 0.000000 0.000000
vn 0.000000 0.000000 -1.000000
vn 0.000000 0.000000 -1.000000
vn 0.000000 0.000000 -1.000000
vn 0.000000 0.000000 -1.000000
vn 0.000000 0.000000 -1.000000
vn -1.000000 0.000000 -0.000000
vn -1.000000 0.000000 -0.000000
vn -1.000000 0.000000 -0.000000
vn -1.000000 0.000000 -0.000000
vn -0.000000 0.000001 1.000000
vn -0.000000 0.000001 1.000000
vn -0.000000 0.000001 1.000000
vn -0.000000 0.000001 1.000000
vn -0.000000 0.000001 1.000000
vn 1.000000 0.000000 0.000000
vn 1.000000 0.000000 0.000000
vn 0.000000 0.000000 -1.000000
vn 0.000000 0.000000 -1.000000
vn 0.000000 0.000000 -1.000000
vn 0.000000 0.000000 -1.000000
vn 0.000000 1.000000 0.000000
vn 0.000000 1.000000 0.000000
vn 0.000000 1.000000 0.000000
vn 0.000000 1.000000 0.000000
vn 0.000000 0.000000 0.000000
vn 0.000000 0.000000 0.000000
vn 0.000000 0.000000 0.000000
vn 0.000000 0.000000 0.000000
vn 0.000000 0.000000 0.000000
vn 0.000000 0.000000 0.000000
vn 0.000000 0.000000 0.000000
vn 0.000000 0.000000 0.000000
vn 0.000000 0.000000 0.000000
vn 0.000000 0.000000 0.000000
vn 0.000000 0.000000 0.000000
vn 0.000000 0.000000 0.000000
vn 0.000000 0.000000 0.000000
vn 0.000000 0.000000 0.000000
vn 0.000000 0.000000 0.000000
vn 0.000000 0.000000 0.000000
vn 0.000000 0.000000 0.000000
vn 0.000000 0.000000 0.000000
vn 0.000000 0.000000 0.000000
vn 0.000000 0.000000 0.000000
vn 0.000000 0.000000 0.000000
vn 0.000000 0.000000 0.000000
vn 0.000000 0.000000 0.000000
vn 0.000000 0.000000 0.000000
vn 0.000000 0.000000 0.000000
vn 0.000000 0.000000 0.000000
vn 0.000000 0.000000 0.000000
vn 0.000000 0.000000 0.000000
vn 0.000000 0.000000 0.000000
vn 0.000000 0.000000 0.000000
vn 0.000000 0.000000 0.000000
vn 0.000000 0.000000 0.000000
vn 0.000000 0.000000 0.000000
vn 0.000000 0.000000 0.000000
vn 0.000000 0.000000 0.000000
vn 0.000000 0.000000 0.000000
vn 0.000000 0.000000 0.000000
vn 0.000000 0.000000 0.000000
vn 0.000000 0.000000 0.000000
vn 0.000000 0.000000 0.000000
vn 0.000000 0.000000 0.000000
vn 0.000000 0.000000 0.000000
vn 0.000000 0.000000 0.000000
vn 0.000000 0.000000 0.000000
vn 0.000000 0.000000 0.000000
vn 0.000000 0.000000 0.000000
vn 0.000000 0.000000 0.000000
vn 0.000000 0.000000 0.000000
vn 0.000000 0.000000 0.000000
vn 0.000000 0.000000 0.000000
vn 0.000000 0.000000 0.000000
vn 0.000000 0.000000 0.000000
vn 0.000000 0.000000 0.000000
vn 0.000000 0.000000 0.000000
vn 0.000000 0.000000 0.000000
vn 0.000000 0.000000 0.000000
vn 0.000000 0.000000 0.000000
vn 0.000000 0.000000 0.000000
vn 0.000000 0.000000 0.000000
vn 0.000000 0.000000 0.000000
vn 0.000000 0.000000 0.000000
vn 0.000000 0.000000 0.000000
vn 0.000000 0.000000 0.000000
vn 0.000000 0.000000 0.000000
vn 1.000000 0.000000 0.000000
vn 1.000000 0.000000 0.000000
vn 1.000000 0.000000 0.000000
vn 1.000000 0.000000 0.000000
vn 0.000000 -0.435594 -0.900143
vn 0.000000 -0.435594 -0.900143
vn 0.000000 -0.067463 -0.997722
vn 0.000000 -0.067463 -0.997722
vn -1.000000 0.000000 -0.000000
vn -1.000000 0.000000 -0.000000
vn -1.000000 0.000000 -0.000000
vn -1.000000 0.000000 -0.000000
vn -0.000000 -0.435594 0.900143
vn -0.000000 -0.435594 0.900143
vn -0.000000 -0.067463 0.997722
vn -0.000000 -0.067463 0.997722
vn -0.000000 0.068612 0.997643
vn -0.000000 0.068612 0.997643
vn -0.000000 0.362315 0.932056
vn -0.000000 0.362315 0.932056
vn -1.000000 0.000000 -0.000000
vn -1.000000 0.000000 -0.000000
vn -1.000000 0.000000 -0.000000
vn -1.000000 0.000000 -0.000000
vn 0.000000 0.068612 -0.997643
vn 0.000000 0.068612 -0.997643
vn 0.000000 0.362313 -0.932056
vn 0.000000 0.362313 -0.932056
vn 1.000000 0.000000 0.000000
vn 1.000000 0.000000 0.000000
vn 1.000000 0.000000 0.000000
vn 1.000000 0.000000 0.000000
vn -0.000000 0.015818 0.999875
vn -0.000000 0.015818 0.999875
vn -1.000000 0.000000 -0.000000
vn -1.000000 0.000000 -0.000000
vn 0.000000 0.015818 -0.999875
vn 0.000000 0.015818 -0.999875
vn 1.000000 0.000000 0.000000
vn 1.000000 0.000000 0.000000
vn -0.000000 0.012606 0.999921
vn -0.000000 0.012606 0.999921
vn -1.000000 0.000000 -0.000000
vn -1.000000 0.000000 -0.000000
vn 0.000000 0.012606 -0.999921
vn 0.000000 0.012606 -0.999921
vn 1.000000 0.000000 0.000000
vn 1.000000 0.000000 0.000000
vn -1.000000 0.000000 -0.000000
vn -1.000000 0.000000 -0.000000
vn -1.000000 0.000000 -0.000000
vn -1.000000 0.000000 -0.000000
vn -1.000000 0.000000 -0.000000
vn -1.000000 0.000000 -0.000000
vn 0.000000 0.000000 0.000000
vn 0.000000 0.000000 0.000000
vn 0.000000 0.000000 0.000000
vn 0.000000 0.000000 0.000000
vn 0.000000 0.000000 0.000000
vn 0.000000 0.000000 0.000000
vn 0.000000 0.000000 0.000000
vn 0.000000 0.000000 0.000000
vn 0.000000 1.000000 0.000000
vn 0.000000 1.000000 0.000000
vn 0.000000 1.000000 0.000000
vn 0.000000 1.000000 0.000000
vn 0.000000 1.000000 0.000000
vn 0.000000 1.000000 0.000000
vn -1.000000 0.000000 0.000000
vn -1.000000 0.000000 0.000000
vn -1.000000 0.000000 -0.000000
vn -1.000000 0.000000 -0.000000
vn -0.000000 -1.000000 0.000000
vn -0.000000 -1.000000 0.000000
vn -0.000000 -1.000000 0.000000
vn 0.000000 -1.000000 0.000000
vn -0.000000 -1.000000 0.000000
vn -0.000000 -1.000000 0.000000
vn 1.000000 0.000000 0.000000
vn 1.000000 0.000000 0.000000
vn 1.000000 0.000000 0.000000
vn 1.000000 0.000000 0.000000
vn 0.000000 0.000000 0.000000
vn 0.000000 0.000000 0.000000
vn 0.000000 0.000000 0.000000
vn 0.000000 0.000000 0.000000
vn 0.000000 0.000000 0.000000
vn 0.000000 0.000000 0.000000
vn 0.000000 0.000000 0.000000
vn 0.000000 0.000000 0.000000
vn 1.000000 0.000000 0.000000
vn 1.000000 0.000000 0.000000
vn 1.000000 0.000000 0.000000
vn 1.000000 0.000000 0.000000
vn 1.000000 0.000000 0.000000
vn 1.000000 0.000000 0.000000
vn 1.000000 0.000000 0.000000
vn 1.000000 0.000000 0.000000
vn 1.000000 0.000000 0.000000
vn 1.000000 0.000000 0.000000
vn 1.000000 0.000000 0.000000
vn 1.000000 0.000000 0.000000
vn 0.000000 1.000000 0.000000
vn 0.000000 1.000000 0.000000
vn 0.000000 1.000000 0.000000
vn 0.000000 1.000000 0.000000
vn -1.000000 0.000000 -0.000000
vn -1.000000 0.000000 -0.000000
vn -1.000000 0.000000 -0.000000
vn -1.000000 0.000000 -0.000000
vn -1.000000 0.000000 -0.000000
vn -1.000000 0.000000 -0.000000
vn -1.000000 0.000000 -0.000000
vn -1.000000 0.000000 -0.000000
vn -1.000000 0.000000 -0.000000
vn 0.000000 0.000000 0.000000
vn 0.000000 0.000000 0.000000
vn 0.000000 0.000000 0.000000
vn 0.000000 0.000000 0.000000
vn 0.000000 0.000000 0.000000
vn 0.000000 0.000000 0.000000
vn 0.000000 0.000000 0.000000
vn 0.000000 0.000000 0.000000
vn 0.000000 0.000000 0.000000
vn 0.000000 0.000000 0.000000
vn 0.000000 0.000000 0.000000
vn 0.000000 0.000000 0.000000
vn 0.000000 0.000000 0.000000
vn 0.000000 0.000000 0.000000
vn 0.000000 0.000000 0.000000
vn 0.000000 0.000000 0.000000
vn -1.000000 0.000000 -0.000000
vn -1.000000 0.000000 -0.000000
vn -1.000000 0.000000 -0.000000
vn -1.000000 0.000000 -0.000000
vn -1.000000 0.000000 -0.000000
vn -1.000000 0.000000 -0.000000
vn -1.000000 0.000000 -0.000000
vn -1.000000 0.000000 -0.000000
vn -1.000000 0.000000 -0.000000
vn 0.000000 0.000000 0.000000
vn 0.000000 0.000000 0.000000
vn 0.000000 0.000000 0.000000
vn 0.000000 0.000000 0.000000
vn 0.000000 0.000000 0.000000
vn 0.000000 0.000000 0.000000
vn 0.000000 0.000000 0.000000
vn 0.000000 0.000000 0.000000
vn 0.000000 1.000000 0.000000
vn 0.000000 0.000000 0.000000
vn 0.000000 0.000000 0.000000
vn 0.000000 0.000000 0.000000
vn 0.000000 0.000000 0.000000
vn 0.000000 0.000000 0.000000
vn 0.000000 0.000000 0.000000
vn 0.000000 0.000000 0.000000
vn 0.000000 0.000000 0.000000
vn 1.000000 0.000000 0.000000
vn 1.000000 0.000000 0.000000
vn 1.000000 0.000000 0.000000
vn 1.000000 0.000000 0.000000
vn 1.000000 0.000000 0.000000
vn 1.000000 0.000000 0.000000
vn 1.000000 0.000000 0.000000
vn 1.000000 0.000000 0.000000
vn 1.000000 0.000000 0.000000
vn 0.000000 1.000000 0.000000
vn 0.000000 1.000000 0.000000
vn -1.000000 0.000000 -0.000000
vn -1.000000 0.000000 -0.000000
vn -1.000000 0.000000 -0.000000
vn -1.000000 0.000000 -0.000000
vn -1.000000 0.000000 -0.000000
vn -1.000000 0.000000 -0.000000
vn -0.000000 -0.002009 0.999998
vn -0.000000 0.010773 0.999942
vn -0.000000 0.010773 0.999942
vn -0.000000 -0.002009 0.999998
vn 0.000000 1.000000 0.000000
vn 0.000000 1.000000 0.000000
vn 0.000000 1.000000 0.000000
vn 0.000000 1.000000 0.000000
vn -0.000000 0.076873 0.997041
vn -0.000000 0.076873 0.997041
vn 0.000000 -1.000000 0.000000
vn 0.000000 -1.000000 0.000000
vn 0.000000 -1.000000 0.000000
vn 0.000000 -1.000000 0.000000
vn -0.000000 -0.061812 0.998088
vn -0.000000 -0.010956 0.999940
vn -0.000000 -0.010956 0.999940
vn -0.000000 -0.061812 0.998088
vn -0.000000 -0.002521 0.999997
vn -0.000000 -0.002521 0.999997
vn 0.000000 0.009876 -0.999951
vn 0.000000 -0.001842 -0.999998
vn 0.000000 -0.001842 -0.999998
vn 0.000000 0.009876 -0.999951
vn 0.000000 1.000000 0.000000
vn 0.000000 1.000000 0.000000
vn 0.000000 0.070509 -0.997511
vn 0.000000 0.070509 -0.997511
vn 0.000000 -0.010045 -0.999950
vn 0.000000 -0.056688 -0.998392
vn 0.000000 -0.056688 -0.998392
vn 0.000000 -0.010045 -0.999950
vn 0.000000 -1.000000 0.000000
vn 0.000000 -1.000000 0.000000
vn 0.000000 -0.002311 -0.999997
vn 0.000000 -0.002311 -0.999997
vn -0.000000 0.076872 0.997041
vn -0.000000 0.076872 0.997041
vn -0.000000 0.076872 0.997041
vn -0.000000 0.076872 0.997041
vn 0.000000 -1.000000 0.000000
vn 0.000000 -1.000000 0.000000
vn 0.000000 -1.000000 0.000000
vn 0.000000 -1.000000 0.000000
vn 0.000000 -0.435591 -0.900145
vn 0.000000 -0.435591 -0.900145
vn 0.000000 -0.435591 -0.900145
vn 0.000000 -0.435591 -0.900145
vn 0.000000 1.000000 0.000000
vn 0.000000 1.000000 0.000000
vn 0.000000 1.000000 0.000000
vn 0.000000 1.000000 0.000000
s 1
g group7 windows_asset10 windows frame_back1
usemtl StingrayPBS4SG
f 393/441/850 401/442/851 402/443/852 395/444/853
s 2
f 395/444/854 402/443/855 428/445/856 417/446/857
s 3
f 397/447/858 403/448/859 404/449/860 399/450/861
s 4
f 401/442/862 393/441/863 418/451/864 419/452/865
s 5
f 396/453/866 394/454/867 423/455/868 424/456/869
s 6
f 393/441/870 395/444/871 417/446/872 418/451/873
s 1
f 402/443/852 401/442/851 405/457/874 406/458/875
s off
f 439/459/876 440/460/877 441/461/878 442/462/879
s 3
f 404/449/860 403/448/859 407/463/880 408/464/881
s 4
f 405/457/882 401/442/862 419/452/865 420/465/883
s 1
f 406/458/875 405/457/874 501/466/884 502/467/885
s 2
f 437/468/886 496/469/887 497/470/888 427/471/889
s 3
f 408/464/881 407/463/880 498/472/890 499/473/891
s 4
f 501/466/892 405/457/882 420/465/883 500/474/893
s 1
f 410/475/894 409/476/895 413/477/896 414/478/897
s off
f 443/479/898 444/480/899 445/481/900 446/482/901
s 3
f 412/483/902 411/484/903 415/485/904 416/486/905
s 4
f 413/477/906 409/476/907 421/487/908 422/488/909
s 1
f 414/478/897 413/477/896 394/454/910 396/453/911
s 2
f 414/478/912 396/453/913 424/456/914 425/489/915
s 3
f 416/486/905 415/485/904 398/490/916 400/491/917
s 4
f 394/454/918 413/477/906 422/488/909 423/455/919
s 6
f 399/450/920 418/451/873 417/446/872 397/447/921
s 4
f 399/450/922 404/449/923 419/452/865 418/451/864
f 419/452/865 404/449/923 408/464/924 420/465/883
f 500/474/893 420/465/883 408/464/924 499/473/925
f 421/487/908 412/483/926 416/486/927 422/488/909
f 423/455/919 422/488/909 416/486/927 400/491/928
s 5
f 424/456/869 423/455/868 400/491/929 398/490/930
s 2
f 415/485/931 425/489/915 424/456/914 398/490/932
f 415/485/931 411/484/933 426/492/934 425/489/915
f 407/463/935 427/471/889 497/470/888 498/472/936
f 407/463/935 403/448/937 428/445/856 427/471/889
f 417/446/857 428/445/856 403/448/937 397/447/938
s off
f 427/471/939 428/445/940 430/493/941 429/494/942
f 428/445/943 402/443/944 431/495/945 430/493/946
s 1
f 402/443/852 406/458/875 432/496/947 431/495/948
s off
f 406/458/949 437/468/950 427/471/951 429/494/952 432/496/953
f 425/489/954 426/492/955 434/497/956 433/498/957
f 426/492/958 438/499/959 410/475/960 435/500/961 434/497/962
s 1
f 410/475/894 414/478/897 436/501/963 435/500/964
s off
f 414/478/965 425/489/966 433/498/967 436/501/968
s 12
f 455/502/969 509/503/970 510/504/971 458/505/972
s off
f 429/494/973 430/493/974 440/460/975 439/459/976
f 430/493/977 431/495/978 441/461/979 440/460/980
f 431/495/981 432/496/982 442/462/983 441/461/984
f 432/496/985 429/494/986 439/459/987 442/462/988
f 433/498/989 434/497/990 444/480/991 443/479/992
f 434/497/993 435/500/994 445/481/995 444/480/996
f 435/500/997 436/501/998 446/482/999 445/481/1000
f 436/501/1001 433/498/1002 443/479/1003 446/482/1004
f 406/458/1005 502/467/1006 503/506/1007 447/507/1008
f 410/475/1009 438/499/1010 449/508/1011 448/509/1012
f 496/469/1013 437/468/1014 450/510/1015 495/511/1016
f 437/468/1017 406/458/1018 447/507/1019 450/510/1020
f 447/507/1021 503/506/1022 504/512/1023 451/513/1024
f 448/509/1025 449/508/1026 453/514/1027 452/515/1028
f 495/511/1029 450/510/1030 454/516/1031 494/517/1032
f 450/510/1033 447/507/1034 451/513/1035 454/516/1036
s 13
f 451/513/1037 504/512/1038 505/518/1039 471/519/1040
s 14
f 452/515/1041 453/514/1042 473/520/1043 474/521/1044
s 15
f 494/517/1045 454/516/1046 472/522/1047 493/523/1048
s 16
f 454/516/1049 451/513/1050 471/519/1051 472/522/1052
f 460/524/1053 459/525/1054 455/502/1055 458/505/1056
s 15
f 511/526/1057 460/524/1058 458/505/1059 510/504/1060
s 14
f 462/527/1061 461/528/1062 457/529/1063 456/530/1064
s 13
f 459/525/1065 508/531/1066 509/503/1067 455/502/1068
s 16
f 464/532/1069 463/533/1070 459/525/1054 460/524/1053
s 15
f 512/534/1071 464/532/1072 460/524/1058 511/526/1057
s 14
f 466/535/1073 465/536/1074 461/528/1062 462/527/1061
s 13
f 463/533/1075 507/537/1076 508/531/1066 459/525/1065
s 16
f 468/538/1077 467/539/1078 463/533/1070 464/532/1069
s 15
f 512/534/1071 492/540/1079 468/538/1080 464/532/1072
s 14
f 470/541/1081 469/542/1082 465/536/1074 466/535/1073
s 13
f 467/539/1083 506/543/1084 507/537/1076 463/533/1075
s 16
f 472/522/1052 471/519/1051 467/539/1078 468/538/1077
s 15
f 493/523/1048 472/522/1047 468/538/1080 492/540/1079
s 14
f 474/521/1044 473/520/1043 469/542/1082 470/541/1081
s 13
f 471/519/1040 505/518/1039 506/543/1084 467/539/1083
s 21
f 535/544/1085 534/545/1086 536/546/1087 537/547/1088
f 539/548/1089 538/549/1090 534/545/1086 535/544/1085
s off
f 516/550/1091 476/551/1092 475/552/1093 515/553/1094
f 517/554/1095 477/555/1096 476/551/1097 516/550/1098
s 2
f 478/556/1099 477/555/1100 517/554/1101 518/557/1102
f 479/558/1103 478/556/1099 518/557/1102 519/559/1104
s 3
f 480/560/1105 479/558/1106 519/559/1107 520/561/1108
s 4
f 521/562/1109 481/563/1110 480/560/1111 520/561/1112
f 522/564/1113 482/565/1114 481/563/1110 521/562/1109
s 1
f 483/566/1115 482/565/1116 522/564/1117 523/567/1118
s off
f 484/568/1119 483/566/1120 523/567/1121 524/569/1122
f 485/570/1123 484/568/1124 524/569/1125 525/571/1126
s 13
f 486/572/1127 485/570/1128 525/571/1129 526/573/1130
f 487/574/1131 486/572/1127 526/573/1130 527/575/1132
f 488/576/1133 487/574/1131 527/575/1132 528/577/1134
f 489/578/1135 488/576/1133 528/577/1134 529/579/1136
f 490/580/1137 489/578/1135 529/579/1136 530/581/1138
s 12
f 491/582/1139 490/580/1140 530/581/1141 531/583/1142
s 21
f 541/584/1143 540/585/1144 542/586/1145 543/587/1146
f 545/588/1147 544/589/1148 540/585/1144 541/584/1143
f 545/588/1147 537/547/1088 536/546/1087 544/589/1148
f 534/545/1086 546/590/1149 547/591/1150 536/546/1087
f 538/549/1090 548/592/1151 546/590/1149 534/545/1086
s off
f 476/551/1152 495/511/1153 494/517/1154 475/552/1155
f 477/555/1156 496/469/1157 495/511/1158 476/551/1159
s 2
f 497/470/888 496/469/887 477/555/1100 478/556/1099
f 498/472/936 497/470/888 478/556/1099 479/558/1103
s 3
f 499/473/891 498/472/890 479/558/1106 480/560/1105
s 4
f 481/563/1110 500/474/893 499/473/925 480/560/1111
f 482/565/1114 501/466/892 500/474/893 481/563/1110
s 1
f 502/467/885 501/466/884 482/565/1116 483/566/1115
s off
f 503/506/1160 502/467/1161 483/566/1162 484/568/1163
f 504/512/1164 503/506/1165 484/568/1166 485/570/1167
s 13
f 505/518/1039 504/512/1038 485/570/1128 486/572/1127
f 506/543/1084 505/518/1039 486/572/1127 487/574/1131
f 507/537/1076 506/543/1084 487/574/1131 488/576/1133
f 508/531/1066 507/537/1076 488/576/1133 489/578/1135
f 509/503/1067 508/531/1066 489/578/1135 490/580/1137
s 12
f 510/504/971 509/503/970 490/580/1140 491/582/1139
s 21
f 540/585/1144 549/593/1168 550/594/1169 542/586/1145
f 544/589/1148 551/595/1170 549/593/1168 540/585/1144
f 544/589/1148 536/546/1087 547/591/1150 551/595/1170
s 24
f 473/520/1171 514/596/1172 513/597/1173 469/542/1174
f 453/514/1175 515/553/1176 514/596/1172 473/520/1171
s off
f 449/508/1177 516/550/1178 515/553/1179 453/514/1180
f 438/499/1181 517/554/1182 516/550/1183 449/508/1184
s 2
f 518/557/1102 517/554/1101 438/499/1185 426/492/934
f 519/559/1104 518/557/1102 426/492/934 411/484/933
s 3
f 520/561/1108 519/559/1107 411/484/903 412/483/902
s 4
f 421/487/908 521/562/1109 520/561/1112 412/483/926
f 409/476/907 522/564/1113 521/562/1109 421/487/908
s 1
f 523/567/1118 522/564/1117 409/476/895 410/475/894
s off
f 524/569/1186 523/567/1187 410/475/1188 448/509/1189
f 525/571/1190 524/569/1191 448/509/1192 452/515/1193
f 553/598/1194 552/599/1195 554/600/1196 555/601/1197
s 13
f 527/575/1132 526/573/1130 474/521/1198 470/541/1199
f 528/577/1134 527/575/1132 470/541/1199 466/535/1200
f 529/579/1136 528/577/1134 466/535/1200 462/527/1201
f 530/581/1138 529/579/1136 462/527/1201 456/530/1202
s 12
f 531/583/1142 530/581/1141 456/530/1203 457/529/1204
s 24
f 461/528/1205 532/602/1206 531/583/1207 457/529/1208
f 465/536/1209 533/603/1210 532/602/1206 461/528/1205
f 469/542/1174 513/597/1173 533/603/1210 465/536/1209
s 26
f 513/597/1211 514/596/1212 535/544/1213 537/547/1214
s 27
f 515/553/1215 475/552/1216 538/549/1217 539/548/1218
s 26
f 514/596/1212 515/553/1219 539/548/1220 535/544/1213
s 28
f 491/582/1221 531/583/1222 543/587/1223 542/586/1224
s 26
f 531/583/1225 532/602/1226 541/584/1227 543/587/1228
f 532/602/1226 533/603/1229 545/588/1230 541/584/1227
f 533/603/1229 513/597/1211 537/547/1214 545/588/1230
s 30
f 493/523/1231 492/540/1232 547/591/1233 546/590/1234
s 27
f 475/552/1216 494/517/1235 548/592/1236 538/549/1217
s 30
f 494/517/1237 493/523/1231 546/590/1234 548/592/1238
f 511/526/1239 510/504/1240 550/594/1241 549/593/1242
s 28
f 510/504/1243 491/582/1221 542/586/1224 550/594/1244
s 30
f 512/534/1245 511/526/1239 549/593/1242 551/595/1246
f 492/540/1232 512/534/1245 551/595/1246 547/591/1233
s off
f 526/573/1247 525/571/1248 552/599/1249 553/598/1250
f 525/571/1251 452/515/1252 554/600/1253 552/599/1254
f 452/515/1255 474/521/1256 555/601/1257 554/600/1258
f 474/521/1259 526/573/1260 553/598/1261 555/601/1262
g default
v -3161.728194 102.883140 591.801318
v -3146.171016 102.883140 591.801318
v -3161.728194 115.662158 591.801318
v -3146.171016 115.662158 591.801318
v -3161.728194 115.662158 516.445573
v -3146.171016 115.662158 516.445573
v -3161.728194 102.883140 516.445573
v -3146.171016 102.883140 516.445573
v -3161.728194 115.662158 581.036133
v -3161.728194 102.883140 581.036133
v -3146.171016 102.883140 581.036133
v -3146.171016 115.662158 581.036133
v -3161.728194 115.662158 527.210574
v -3161.728194 102.883140 527.210574
v -3146.171016 102.883140 527.210574
v -3146.171016 115.662158 527.210574
v -3161.728194 258.593927 591.801318
v -3146.171016 258.593927 591.801318
v -3146.171016 258.593927 581.036133
v -3161.728194 258.593927 581.036133
v -3146.171016 258.593927 527.210574
v -3161.728194 258.593927 527.210574
v -3146.171016 258.593927 516.445573
v -3161.728194 258.593927 516.445573
v -3161.728194 274.444809 589.516951
v -3146.171016 274.444809 589.516951
v -3146.171016 268.702939 580.411033
v -3161.728194 268.702939 580.411033
v -3146.171016 268.506667 527.965974
v -3161.728194 268.506667 527.965974
v -3146.171016 274.009851 518.713658
v -3161.728194 274.009851 518.713658
v -3161.728194 284.267322 584.943203
v -3146.171016 284.267322 584.943203
v -3146.171016 275.573845 578.594053
v -3161.728194 275.573845 578.594053
v -3146.171016 275.270515 529.960075
v -3161.728194 275.270515 529.960075
v -3146.171016 283.440570 522.950457
v -3161.728194 283.440570 522.950457
v -3161.728194 292.236301 578.632366
v -3146.171016 292.236301 578.632366
v -3146.171016 282.844611 573.370828
v -3161.728194 282.844611 573.370828
v -3146.171016 281.881786 534.572182
v -3161.728194 281.881786 534.572182
v -3146.171016 292.104221 531.197398
v -3161.728194 292.104221 531.197398
v -3161.728194 298.581492 567.653862
v -3146.171016 298.581492 567.653862
v -3146.171016 287.998976 565.679077
v -3161.728194 287.998976 565.679077
v -3146.171016 288.010348 542.776073
v -3161.728194 288.010348 542.776073
v -3146.171016 298.555160 540.609633
v -3161.728194 298.555160 540.609633
v -3161.728194 300.738747 557.206079
v -3146.171016 300.738747 557.206079
v -3146.171016 289.977821 557.510051
v -3161.728194 289.977821 557.510051
v -3146.171016 290.019752 551.129442
v -3161.728194 290.019752 551.129442
v -3146.171016 300.779961 550.806474
v -3161.728194 300.779961 550.806474
v -3161.728194 115.662158 587.956799
v -3161.728194 102.883140 587.956799
v -3146.171016 102.883140 587.956799
v -3146.171016 115.662158 587.956799
v -3146.171016 258.593927 587.956799
v -3146.171016 273.009353 586.148880
v -3146.171016 282.093953 582.392348
v -3146.171016 289.888390 576.552485
v -3146.171016 295.935852 566.730447
v -3146.171016 298.048508 557.177885
v -3146.171016 298.089909 550.993898
v -3146.171016 295.918973 541.578857
v -3146.171016 289.548588 532.768955
v -3146.171016 281.398064 525.672592
v -3146.171016 272.634063 522.117696
v -3146.171016 258.593927 520.289999
v -3146.171016 115.662158 520.289999
v -3146.171016 102.883140 520.289999
v -3161.728194 102.883140 520.289999
v -3161.728194 115.662158 520.289999
v -3161.728194 258.593927 520.289999
v -3161.728194 272.634063 522.117696
v -3161.728194 281.398064 525.672592
v -3161.728194 289.548588 532.768955
v -3161.728194 295.918973 541.578857
v -3161.728194 298.089909 550.993898
v -3161.728194 298.048508 557.177885
v -3161.728194 295.935852 566.730447
v -3161.728194 289.888390 576.552485
v -3161.728194 282.093953 582.392348
v -3161.728194 273.009353 586.148880
v -3161.728194 258.593927 587.956799
v -3161.728194 102.883140 586.418771
v -3146.171016 102.883140 586.418771
v -3146.171016 115.662158 586.418771
v -3146.171016 258.593927 586.418771
v -3146.171016 271.573866 584.964038
v -3146.171016 279.920568 581.768628
v -3146.171016 287.540479 576.001574
v -3146.171016 293.290211 566.666424
v -3146.171016 295.358300 557.358042
v -3146.171016 295.399857 550.967958
v -3146.171016 293.282754 541.692829
v -3146.171016 286.992988 532.884768
v -3146.171016 279.355527 526.455266
v -3146.171016 271.258275 523.339839
v -3146.171016 258.593927 521.828073
v -3146.171016 115.662158 521.828073
v -3146.171016 102.883140 521.828073
v -3161.728194 102.883140 521.828073
v -3161.728194 115.662158 583.727452
v -3161.728194 102.883140 583.727452
v -3146.171016 102.883140 583.727452
v -3146.171016 115.662158 583.727452
v -3146.171016 258.593927 583.727452
v -3146.171016 270.138395 582.687535
v -3146.171016 277.747199 580.181340
v -3146.171016 285.192522 574.686200
v -3146.171016 290.644586 566.172728
v -3146.171016 292.668061 557.434023
v -3146.171016 292.709804 551.048677
v -3146.171016 290.646583 542.234498
v -3146.171016 284.437387 533.728476
v -3146.171016 277.313021 528.207625
v -3146.171016 269.882455 525.652861
v -3146.171016 258.593927 524.519301
v -3146.171016 115.662158 524.519301
v -3146.171016 102.883140 524.519301
v -3161.728194 102.883140 524.519301
v -3161.728194 115.662158 524.519301
v -3161.728194 258.593927 524.519301
v -3161.728194 269.882455 525.652861
v -3161.728194 277.313021 528.207625
v -3161.728194 284.437387 533.728476
v -3161.728194 290.646583 542.234498
v -3161.728194 292.709804 551.048677
v -3161.728194 292.668061 557.434023
v -3161.728194 290.644586 566.172728
v -3161.728194 285.192522 574.686200
v -3161.728194 277.747199 580.181340
v -3161.728194 270.138395 582.687535
v -3161.728194 258.593927 583.727452
v -3161.728194 108.420486 591.801318
v -3161.728194 108.420486 587.956799
v -3161.728194 108.420486 586.418771
v -3161.728194 108.420486 583.727452
v -3161.728194 108.420486 581.036133
v -3161.728194 108.420486 527.210574
v -3161.728194 108.420486 524.519301
v -3161.728194 108.420486 521.828073
v -3161.728194 108.420486 520.289999
v -3161.728194 108.420486 516.445573
v -3146.171016 108.420486 516.445573
v -3146.171016 108.420486 520.289999
v -3146.171016 108.420486 521.828073
v -3146.171016 108.420486 524.519301
v -3146.171016 108.420486 527.210574
v -3146.171016 108.420486 581.036133
v -3146.171016 108.420486 583.727452
v -3146.171016 108.420486 586.418771
v -3146.171016 108.420486 587.956799
v -3146.171016 108.420486 591.801318
v -3161.728194 110.119325 591.801318
v -3161.728194 110.119325 587.956799
v -3161.728194 110.119325 520.289999
v -3161.728194 110.119325 516.445573
v -3146.171016 110.119325 516.445573
v -3146.171016 110.119325 520.289999
v -3146.171016 110.119325 521.828073
v -3146.171016 110.119325 524.519301
v -3146.171016 110.119325 527.210574
v -3146.171016 110.119325 581.036133
v -3146.171016 110.119325 583.727452
v -3146.171016 110.119325 586.418771
v -3146.171016 110.119325 587.956799
v -3146.171016 110.119325 591.801318
v -3161.728194 112.467404 591.801318
v -3161.728194 112.467404 587.956799
v -3161.728194 112.467404 583.727452
v -3161.728194 112.467404 581.036133
v -3161.728194 112.467404 527.210574
v -3161.728194 112.467404 524.519301
v -3161.728194 112.467404 520.289999
v -3161.728194 112.467404 516.445573
v -3146.171016 112.467404 516.445573
v -3146.171016 112.467404 520.289999
v -3146.171016 112.467404 521.828073
v -3146.171016 112.467404 524.519301
v -3146.171016 112.467404 527.210574
v -3146.171016 112.467404 581.036133
v -3146.171016 112.467404 583.727452
v -3146.171016 112.467404 586.418771
v -3146.171016 112.467404 587.956799
v -3146.171016 112.467404 591.801318
v -3149.140734 108.420486 516.445573
v -3149.140734 108.420486 520.289999
v -3149.140734 102.883140 520.289999
v -3149.140734 102.883140 516.445573
v -3164.697912 115.662158 520.289999
v -3164.697912 258.593927 520.289999
v -3164.697912 115.662158 521.828073
v -3164.697912 258.593927 521.828073
v -3164.697912 272.634063 522.117696
v -3164.697912 271.258275 523.339839
v -3164.697912 281.398064 525.672592
v -3164.697912 279.355527 526.455266
v -3164.697912 289.548588 532.768955
v -3164.697912 286.992988 532.884768
v -3164.697912 295.918973 541.578857
v -3164.697912 293.282754 541.692829
v -3164.697912 298.089909 550.993898
v -3164.697912 295.399857 550.967958
v -3164.697912 295.358300 557.358042
v -3164.697912 298.048508 557.177885
v -3164.697912 293.290211 566.666424
v -3164.697912 295.935852 566.730447
v -3164.697912 287.540479 576.001574
v -3164.697912 289.888390 576.552485
v -3164.697912 279.920568 581.768628
v -3164.697912 282.093953 582.392348
v -3164.697912 271.573866 584.964038
v -3164.697912 273.009353 586.148880
v -3164.697912 258.593927 586.418771
v -3164.697912 258.593927 587.956799
v -3164.697912 115.662158 586.418771
v -3164.697912 115.662158 587.956799
v -3164.697912 115.662158 524.519301
v -3164.697912 258.593927 524.519301
v -3164.697912 269.882455 525.652861
v -3164.697912 277.313021 528.207625
v -3164.697912 284.437387 533.728476
v -3164.697912 290.646583 542.234498
v -3164.697912 292.709804 551.048677
v -3164.697912 292.668061 557.434023
v -3164.697912 290.644586 566.172728
v -3164.697912 285.192522 574.686200
v -3164.697912 277.747199 580.181340
v -3164.697912 270.138395 582.687535
v -3164.697912 258.593927 583.727452
v -3164.697912 115.662158 583.727452
v -3164.697912 110.119325 587.956799
v -3164.697912 110.119325 586.418771
v -3164.697912 108.420486 586.418771
v -3164.697912 108.420486 587.956799
v -3164.697912 110.119325 583.727452
v -3164.697912 108.420486 583.727452
v -3164.697912 110.119325 581.036133
v -3164.697912 108.420486 581.036133
v -3164.697912 108.420486 527.210574
v -3164.697912 110.119325 527.210574
v -3164.697912 110.119325 524.519301
v -3164.697912 108.420486 524.519301
v -3164.697912 110.119325 521.828073
v -3164.697912 108.420486 521.828073
v -3164.697912 110.119325 520.289999
v -3164.697912 108.420486 520.289999
v -3164.697912 112.467404 587.956799
v -3164.697912 112.467404 586.418771
v -3164.697912 112.467404 583.727452
v -3164.697912 112.467404 581.036133
v -3164.697912 112.467404 527.210574
v -3164.697912 112.467404 524.519301
v -3164.697912 112.467404 521.828073
v -3164.697912 112.467404 520.289999
vt 0.271111 0.060271
vt 0.276258 0.071800
vt 0.276315 0.082352
vt 0.271161 0.071084
vt 0.121453 0.081516
vt 0.130292 0.092255
vt 0.130491 0.081933
vt 0.121673 0.070945
vt 0.263309 0.060829
vt 0.268652 0.072329
vt 0.268696 0.082869
vt 0.263344 0.071628
vt 0.249313 0.061828
vt 0.249323 0.072606
vt 0.142396 0.080057
vt 0.142580 0.069452
vt 0.255007 0.073278
vt 0.150895 0.080515
vt 0.150731 0.090868
vt 0.255026 0.083796
vt 0.249335 0.086760
vt 0.255052 0.097608
vt 0.150515 0.104464
vt 0.142155 0.093984
vt 0.129123 0.070413
vt 0.128915 0.080996
vt 0.137762 0.081428
vt 0.128639 0.090247
vt 0.135956 0.089748
vt 0.136147 0.079368
vt 0.128843 0.079879
vt 0.271226 0.085284
vt 0.276391 0.096209
vt 0.277967 0.383735
vt 0.272587 0.380353
vt 0.268754 0.096710
vt 0.269955 0.383890
vt 0.249596 0.380811
vt 0.255584 0.384168
vt 0.264357 0.380517
vt 0.263391 0.085813
vt 0.146041 0.386286
vt 0.137147 0.383047
vt 0.132237 0.386552
vt 0.137330 0.105329
vt 0.130030 0.105808
vt 0.124596 0.386700
vt 0.121163 0.095398
vt 0.115146 0.383485
vt 0.128643 0.094894
vt 0.122985 0.383329
vt 0.273362 0.417427
vt 0.267826 0.414982
vt 0.266303 0.414471
vt 0.248281 0.402747
vt 0.254324 0.405516
vt 0.260577 0.411946
vt 0.147230 0.406809
vt 0.138337 0.404126
vt 0.135367 0.415577
vt 0.128507 0.418539
vt 0.119108 0.416183
vt 0.126150 0.413138
vt 0.263862 0.438534
vt 0.258046 0.436681
vt 0.258510 0.433941
vt 0.244406 0.417782
vt 0.250566 0.420143
vt 0.252553 0.431962
vt 0.151023 0.420856
vt 0.142208 0.418554
vt 0.142191 0.433796
vt 0.136645 0.438141
vt 0.127427 0.436317
vt 0.133125 0.431851
vt 0.250683 0.455757
vt 0.244490 0.454391
vt 0.246332 0.450751
vt 0.233237 0.433831
vt 0.239707 0.435754
vt 0.240026 0.449246
vt 0.160138 0.434606
vt 0.151542 0.432677
vt 0.156263 0.450807
vt 0.153000 0.456238
vt 0.144184 0.454908
vt 0.147541 0.449327
vt 0.227761 0.469555
vt 0.220929 0.468582
vt 0.225856 0.463881
vt 0.216812 0.445304
vt 0.223727 0.446911
vt 0.218979 0.462749
vt 0.176652 0.447370
vt 0.168475 0.445789
vt 0.174023 0.464182
vt 0.171978 0.469810
vt 0.163646 0.468853
vt 0.165753 0.463068
vt 0.206062 0.474303
vt 0.198637 0.473467
vt 0.206039 0.468534
vt 0.199453 0.449801
vt 0.206828 0.451281
vt 0.198621 0.467536
vt 0.193703 0.451483
vt 0.185976 0.450012
vt 0.193286 0.468696
vt 0.192853 0.474455
vt 0.185072 0.473625
vt 0.185524 0.467704
vt 0.260223 0.071846
vt 0.260193 0.061051
vt 0.265614 0.072540
vt 0.265653 0.083075
vt 0.265703 0.096910
vt 0.266755 0.383952
vt 0.263819 0.411456
vt 0.257197 0.429315
vt 0.245181 0.445730
vt 0.225739 0.458208
vt 0.206446 0.462772
vt 0.193279 0.462949
vt 0.174318 0.458574
vt 0.156573 0.445409
vt 0.143835 0.429497
vt 0.137863 0.412677
vt 0.135300 0.386493
vt 0.140255 0.105137
vt 0.137575 0.091761
vt 0.140494 0.091563
vt 0.140676 0.081225
vt 0.132108 0.070200
vt 0.131906 0.080788
vt 0.121161 0.382693
vt 0.126933 0.092840
vt 0.129945 0.092636
vt 0.124318 0.382630
vt 0.124333 0.412657
vt 0.126913 0.409661
vt 0.131337 0.431467
vt 0.133040 0.427027
vt 0.145820 0.449034
vt 0.146150 0.443458
vt 0.164121 0.462849
vt 0.164436 0.457053
vt 0.183993 0.467509
vt 0.183995 0.461569
vt 0.197585 0.461384
vt 0.197157 0.467339
vt 0.217509 0.456662
vt 0.217622 0.462526
vt 0.237599 0.443760
vt 0.238781 0.448949
vt 0.250026 0.426791
vt 0.251377 0.431571
vt 0.256886 0.408334
vt 0.259447 0.411448
vt 0.259949 0.379917
vt 0.263253 0.379851
vt 0.259190 0.083879
vt 0.262334 0.083666
vt 0.254768 0.072226
vt 0.254748 0.061440
vt 0.260306 0.072909
vt 0.260335 0.083436
vt 0.260373 0.097259
vt 0.261165 0.384060
vt 0.259066 0.408482
vt 0.253877 0.424723
vt 0.242441 0.440736
vt 0.224732 0.452553
vt 0.206637 0.457021
vt 0.193491 0.457211
vt 0.175486 0.452968
vt 0.158357 0.440004
vt 0.147430 0.425176
vt 0.142545 0.409744
vt 0.140666 0.386389
vt 0.145381 0.104801
vt 0.145608 0.091216
vt 0.145781 0.080870
vt 0.137339 0.069826
vt 0.137146 0.080423
vt 0.135222 0.092278
vt 0.129851 0.382520
vt 0.131746 0.406630
vt 0.136755 0.422563
vt 0.147999 0.437874
vt 0.165650 0.451261
vt 0.184223 0.455640
vt 0.197791 0.455441
vt 0.216477 0.450818
vt 0.234776 0.438599
vt 0.246604 0.422047
vt 0.251981 0.405264
vt 0.254176 0.380033
vt 0.253694 0.084251
vt 0.131632 0.383157
vt 0.136893 0.094338
vt 0.133525 0.407143
vt 0.138514 0.422993
vt 0.149706 0.438225
vt 0.167270 0.451542
vt 0.185750 0.455899
vt 0.199249 0.455701
vt 0.217837 0.451104
vt 0.236039 0.438951
vt 0.247803 0.422488
vt 0.253148 0.405794
vt 0.255328 0.380697
vt 0.254794 0.086392
vt 0.271176 0.074409
vt 0.263355 0.074950
vt 0.262300 0.072751
vt 0.259162 0.072970
vt 0.259153 0.069634
vt 0.262290 0.069414
vt 0.253677 0.073351
vt 0.253671 0.070018
vt 0.248202 0.073731
vt 0.248199 0.070401
vt 0.140755 0.077928
vt 0.140697 0.081205
vt 0.135420 0.081572
vt 0.135481 0.078298
vt 0.130152 0.081938
vt 0.130215 0.078667
vt 0.127145 0.082147
vt 0.127211 0.078877
vt 0.128851 0.084251
vt 0.121385 0.084767
vt 0.130230 0.095428
vt 0.137518 0.094938
vt 0.140438 0.094742
vt 0.145555 0.094397
vt 0.150680 0.094052
vt 0.255032 0.087030
vt 0.260344 0.086673
vt 0.265665 0.086315
vt 0.268709 0.086110
vt 0.276333 0.085597
vt 0.271197 0.079011
vt 0.263370 0.079547
vt 0.262315 0.077370
vt 0.259173 0.077586
vt 0.253684 0.077964
vt 0.248205 0.078340
vt 0.140617 0.085739
vt 0.135336 0.086103
vt 0.130064 0.086465
vt 0.127055 0.086672
vt 0.128763 0.088755
vt 0.121291 0.089266
vt 0.130145 0.099821
vt 0.137438 0.099335
vt 0.140361 0.099141
vt 0.145481 0.098800
vt 0.150610 0.098459
vt 0.255041 0.091507
vt 0.260356 0.091153
vt 0.265681 0.090798
vt 0.268728 0.090595
vt 0.276358 0.090088
vt 0.249330 0.080507
vt 0.254782 0.080134
vt 0.142261 0.087831
vt 0.137005 0.088191
vn 0.000000 0.000000 1.000000
vn 0.000000 0.000000 1.000000
vn 0.000000 0.000000 1.000000
vn 0.000000 0.000000 1.000000
vn 0.000000 0.000000 -1.000000
vn 0.000000 0.000000 -1.000000
vn 0.000000 0.000000 -1.000000
vn 0.000000 0.000000 -1.000000
vn 0.000000 -1.000000 0.000000
vn 0.000000 -1.000000 0.000000
vn 0.000000 -1.000000 0.000000
vn 0.000000 -1.000000 0.000000
vn 1.000000 0.000000 0.000000
vn 1.000000 0.000000 0.000000
vn 1.000000 0.000000 0.000000
vn 1.000000 0.000000 0.000000
vn -1.000000 0.000000 0.000000
vn -1.000000 0.000000 0.000000
vn -1.000000 0.000000 0.000000
vn -1.000000 0.000000 0.000000
vn -1.000000 0.000000 0.000000
vn -1.000000 0.000000 0.000000
vn -1.000000 0.000000 0.000000
vn -1.000000 0.000000 0.000000
vn 0.000000 -1.000000 0.000000
vn 0.000000 -1.000000 0.000000
vn 0.000000 -1.000000 0.000000
vn 0.000000 -1.000000 0.000000
vn 1.000000 0.000000 0.000000
vn 1.000000 0.000000 0.000000
vn 1.000000 0.000000 0.000000
vn 1.000000 0.000000 0.000000
vn 0.000000 1.000000 0.000000
vn 0.000000 1.000000 0.000000
vn 0.000000 1.000000 0.000000
vn 0.000000 1.000000 0.000000
vn -1.000000 0.000000 0.000000
vn -1.000000 0.000000 0.000000
vn -1.000000 0.000000 0.000000
vn -1.000000 0.000000 0.000000
vn 0.000000 -1.000000 0.000000
vn 0.000000 -1.000000 0.000000
vn 0.000000 -1.000000 0.000000
vn 0.000000 -1.000000 0.000000
vn 1.000000 0.000000 0.000000
vn 1.000000 0.000000 0.000000
vn 1.000000 0.000000 0.000000
vn 1.000000 0.000000 0.000000
vn 0.000000 0.000000 1.000000
vn 0.000000 0.000000 1.000000
vn 0.000000 0.014385 0.999896
vn 0.000000 0.014385 0.999896
vn 1.000000 0.000000 0.000000
vn 1.000000 0.000000 0.000000
vn 1.000000 0.000000 0.000000
vn 1.000000 0.000000 0.000000
vn 0.000000 0.000000 -1.000000
vn 0.000000 0.000000 -1.000000
vn 0.000000 -0.004084 -0.999992
vn 0.000000 -0.004084 -0.999992
vn -1.000000 0.000000 0.000000
vn -1.000000 0.000000 0.000000
vn -1.000000 0.000000 0.000000
vn -1.000000 0.000000 0.000000
vn 0.000000 0.000000 1.000000
vn 0.000000 0.000000 1.000000
vn 0.000000 -0.004942 0.999988
vn 0.000000 -0.004942 0.999988
vn 1.000000 0.000000 0.000000
vn 1.000000 0.000000 0.000000
vn 1.000000 0.000000 0.000000
vn 1.000000 0.000000 0.000000
vn 0.000000 0.000000 -1.000000
vn 0.000000 0.000000 -1.000000
vn 0.000000 0.014322 -0.999897
vn 0.000000 0.014322 -0.999897
vn -1.000000 0.000000 0.000000
vn -1.000000 0.000000 0.000000
vn -1.000000 0.000000 0.000000
vn -1.000000 0.000000 0.000000
vn 0.000000 0.258080 0.966124
vn 0.000000 0.258080 0.966124
vn 1.000000 0.000000 0.000000
vn 1.000000 0.000000 0.000000
vn 0.000000 -0.142357 -0.989815
vn 0.000000 -0.142357 -0.989815
vn -1.000000 0.000000 0.000000
vn -1.000000 0.000000 0.000000
vn 0.000000 -0.162676 0.986680
vn 0.000000 -0.162676 0.986680
vn 1.000000 0.000000 0.000000
vn 1.000000 0.000000 0.000000
vn 0.000000 0.253266 -0.967397
vn 0.000000 0.253266 -0.967397
vn -1.000000 0.000000 0.000000
vn -1.000000 0.000000 0.000000
vn 0.000000 0.521869 0.853026
vn 0.000000 0.521869 0.853026
vn 1.000000 0.000000 0.000000
vn 1.000000 0.000000 0.000000
vn 0.000000 -0.445662 -0.895201
vn 0.000000 -0.445662 -0.895201
vn -1.000000 0.000000 0.000000
vn -1.000000 -0.000000 0.000000
vn 0.000000 -0.442846 0.896598
vn 0.000000 -0.442846 0.896598
vn 1.000000 -0.000000 0.000000
vn 1.000000 -0.000000 0.000000
vn 0.000000 0.567883 -0.823109
vn 0.000000 0.567883 -0.823109
vn -1.000000 0.000000 0.000000
vn -1.000000 0.000000 0.000000
vn 0.000000 0.620828 0.783947
vn 0.000000 0.620828 0.783947
vn 1.000000 0.000000 0.000000
vn 1.000000 0.000000 0.000000
vn 0.000000 -0.583442 -0.812155
vn 0.000000 -0.583442 -0.812155
vn -1.000000 -0.000000 0.000000
vn -1.000000 0.000000 0.000000
vn 0.000000 -0.572148 0.820151
vn 0.000000 -0.572148 0.820151
vn 1.000000 -0.000000 0.000000
vn 1.000000 -0.000000 0.000000
vn 0.000000 0.759721 -0.650249
vn 0.000000 0.759721 -0.650249
vn -1.000000 0.000000 0.000000
vn -1.000000 0.000000 0.000000
vn 0.000000 0.865795 0.500399
vn 0.000000 0.865795 0.500399
vn 0.000000 0.929491 0.368844
vn 0.000000 0.929491 0.368844
vn 1.000000 0.000000 0.000000
vn 1.000000 0.000000 0.000000
vn 0.000000 -0.830725 -0.556683
vn 0.000000 -0.830725 -0.556683
vn 0.000000 -0.912010 -0.410167
vn 0.000000 -0.912010 -0.410167
vn -1.000000 0.000000 0.000000
vn -1.000000 -0.000000 0.000000
vn 0.000000 -0.801140 0.598476
vn 0.000000 -0.801140 0.598476
vn 0.000000 -0.897456 0.441104
vn 0.000000 -0.897456 0.441104
vn 1.000000 0.000000 0.000000
vn 1.000000 0.000000 0.000000
vn 0.000000 0.914492 -0.404603
vn 0.000000 0.914492 -0.404603
vn -1.000000 0.000000 0.000000
vn -1.000000 0.000000 0.000000
vn 0.000000 0.979341 0.202214
vn 0.000000 0.979341 0.202214
vn 1.000000 0.000000 0.000000
vn 1.000000 0.000000 0.000000
vn 0.000000 -0.971892 -0.235429
vn 0.000000 -0.971892 -0.235429
vn -1.000000 -0.000000 0.000000
vn -1.000000 -0.000000 0.000000
vn 0.000000 -0.972265 0.233880
vn 0.000000 -0.972265 0.233880
vn 1.000000 0.000000 0.000000
vn 1.000000 0.000000 0.000000
vn 0.000000 0.977015 -0.213171
vn 0.000000 0.977015 -0.213171
vn -1.000000 0.000000 0.000000
vn -1.000000 0.000000 0.000000
vn -1.000000 0.000000 0.000000
vn -1.000000 0.000000 0.000000
vn -1.000000 0.000000 0.000000
vn -1.000000 0.000000 0.000000
vn 0.000000 0.999979 0.006440
vn 0.000000 0.999979 0.006440
vn 0.000000 0.999979 0.006440
vn 0.000000 0.999979 0.006440
vn 0.000000 -0.999978 -0.006572
vn 0.000000 -0.999978 -0.006572
vn 0.000000 -0.999978 -0.006572
vn 0.000000 -0.999978 -0.006572
vn 1.000000 0.000000 0.000000
vn 1.000000 0.000000 0.000000
vn 1.000000 0.000000 0.000000
vn 1.000000 0.000000 0.000000
vn -1.000000 0.000000 0.000000
vn -1.000000 0.000000 0.000000
vn 0.000000 -1.000000 0.000000
vn 0.000000 -1.000000 0.000000
vn 1.000000 0.000000 0.000000
vn 1.000000 0.000000 0.000000
vn 1.000000 0.000000 0.000000
vn 1.000000 0.000000 0.000000
vn 1.000000 0.000000 0.000000
vn 1.000000 0.000000 0.000000
vn 1.000000 0.000000 0.000000
vn 1.000000 0.000000 0.000000
vn 1.000000 0.000000 0.000000
vn 1.000000 0.000000 0.000000
vn 1.000000 0.000000 0.000000
vn 1.000000 0.000000 0.000000
vn 1.000000 0.000000 0.000000
vn 1.000000 0.000000 0.000000
vn 1.000000 -0.000000 0.000000
vn 1.000000 0.000000 0.000000
vn 1.000000 0.000000 0.000000
vn 1.000000 0.000000 0.000000
vn 1.000000 0.000000 0.000000
vn 1.000000 0.000000 0.000000
vn 1.000000 0.000000 0.000000
vn 1.000000 0.000000 0.000000
vn 0.000000 -1.000000 0.000000
vn 0.000000 -1.000000 0.000000
vn -1.000000 0.000000 0.000000
vn -1.000000 0.000000 0.000000
vn -1.000000 0.000000 0.000000
vn -1.000000 0.000000 0.000000
vn -1.000000 0.000000 0.000000
vn -1.000000 0.000000 0.000000
vn -1.000000 0.000000 0.000000
vn -1.000000 0.000000 0.000000
vn -1.000000 -0.000000 0.000000
vn -1.000000 0.000000 0.000000
vn -1.000000 -0.000000 0.000000
vn -1.000000 -0.000000 0.000000
vn -1.000000 0.000000 0.000000
vn -1.000000 -0.000000 0.000000
vn -1.000000 0.000000 0.000000
vn -1.000000 0.000000 0.000000
vn -1.000000 0.000000 0.000000
vn -1.000000 0.000000 0.000000
vn -1.000000 0.000000 0.000000
vn -1.000000 0.000000 0.000000
vn -1.000000 0.000000 0.000000
vn -1.000000 -0.000000 0.000000
vn -1.000000 0.000000 0.000000
vn -1.000000 0.000000 0.000000
vn -1.000000 -0.000000 0.000000
vn -1.000000 0.000000 0.000000
vn -1.000000 -0.000000 0.000000
vn -1.000000 -0.000000 0.000000
vn -1.000000 0.000000 0.000000
vn -1.000000 -0.000000 0.000000
vn -1.000000 -0.000000 0.000000
vn -1.000000 0.000000 0.000000
vn -1.000000 0.000000 0.000000
vn -1.000000 0.000000 0.000000
vn -1.000000 0.000000 0.000000
vn -1.000000 0.000000 0.000000
vn 0.000000 -1.000000 0.000000
vn 0.000000 -1.000000 0.000000
vn 1.000000 0.000000 0.000000
vn 1.000000 0.000000 0.000000
vn 1.000000 0.000000 0.000000
vn 1.000000 0.000000 0.000000
vn 1.000000 0.000000 0.000000
vn 1.000000 0.000000 0.000000
vn 1.000000 0.000000 0.000000
vn 1.000000 0.000000 0.000000
vn 1.000000 0.000000 0.000000
vn 1.000000 0.000000 0.000000
vn 1.000000 0.000000 0.000000
vn 1.000000 0.000000 0.000000
vn 1.000000 0.000000 0.000000
vn 1.000000 0.000000 0.000000
vn 1.000000 0.000000 0.000000
vn 1.000000 0.000000 0.000000
vn 1.000000 0.000000 0.000000
vn 1.000000 0.000000 0.000000
vn 1.000000 0.000000 0.000000
vn 1.000000 0.000000 0.000000
vn 0.000000 -1.000000 0.000000
vn 0.000000 -1.000000 0.000000
vn -1.000000 0.000000 0.000000
vn -1.000000 0.000000 0.000000
vn -1.000000 0.000000 0.000000
vn -1.000000 0.000000 0.000000
vn -1.000000 -0.000000 0.000000
vn -1.000000 -0.000000 0.000000
vn -1.000000 0.000000 0.000000
vn -1.000000 -0.000000 0.000000
vn -1.000000 -0.000000 0.000000
vn -1.000000 0.000000 0.000000
vn -1.000000 0.000000 0.000000
vn -1.000000 -0.000000 0.000000
vn -1.000000 -0.000000 0.000000
vn -1.000000 0.000000 0.000000
vn -1.000000 0.000000 0.000000
vn -1.000000 -0.000000 0.000000
vn -1.000000 -0.000000 0.000000
vn -1.000000 0.000000 0.000000
vn 1.000000 0.000000 0.000000
vn 1.000000 0.000000 0.000000
vn 1.000000 0.000000 0.000000
vn 1.000000 0.000000 0.000000
vn 1.000000 0.000000 0.000000
vn 1.000000 0.000000 0.000000
vn 1.000000 0.000000 0.000000
vn 1.000000 0.000000 0.000000
vn 1.000000 0.000000 0.000000
vn 1.000000 0.000000 0.000000
vn 1.000000 0.000000 0.000000
vn 1.000000 0.000000 0.000000
vn 1.000000 0.000000 0.000000
vn 1.000000 0.000000 0.000000
vn 1.000000 0.000000 0.000000
vn 1.000000 0.000000 0.000000
vn -1.000000 -0.000000 0.000000
vn -1.000000 0.000000 0.000000
vn -1.000000 0.000000 0.000000
vn -1.000000 -0.000000 0.000000
vn -1.000000 0.000000 0.000000
vn -1.000000 -0.000000 0.000000
vn -1.000000 -0.000000 0.000000
vn -1.000000 0.000000 0.000000
vn -1.000000 -0.000000 0.000000
vn -1.000000 -0.000000 0.000000
vn -1.000000 -0.000000 0.000000
vn -1.000000 -0.000000 0.000000
vn -1.000000 -0.000000 0.000000
vn -1.000000 -0.000000 0.000000
vn -1.000000 0.000000 0.000000
vn -1.000000 0.000000 0.000000
vn -1.000000 0.000000 0.000000
vn -1.000000 0.000000 0.000000
vn -1.000000 -0.000000 0.000000
vn -1.000000 -0.000000 0.000000
vn -1.000000 0.000000 0.000000
vn -1.000000 0.000000 0.000000
vn -1.000000 -0.000000 0.000000
vn -1.000000 -0.000000 0.000000
vn -1.000000 0.000000 0.000000
vn -1.000000 -0.000000 0.000000
vn -1.000000 -0.000000 0.000000
vn -1.000000 0.000000 0.000000
vn -1.000000 -0.000000 0.000000
vn -1.000000 -0.000000 0.000000
vn -1.000000 0.000000 0.000000
vn -1.000000 0.000000 0.000000
vn -1.000000 0.000000 0.000000
vn -1.000000 0.000000 0.000000
vn -1.000000 0.000000 0.000000
vn -1.000000 0.000000 0.000000
vn -1.000000 0.000000 0.000000
vn -1.000000 0.000000 0.000000
vn -1.000000 0.000000 0.000000
vn -1.000000 0.000000 0.000000
vn -1.000000 0.000000 0.000000
vn -1.000000 0.000000 0.000000
vn -1.000000 0.000000 0.000000
vn -1.000000 0.000000 0.000000
vn -1.000000 0.000000 0.000000
vn -1.000000 0.000000 0.000000
vn -1.000000 0.000000 0.000000
vn -1.000000 0.000000 0.000000
vn -1.000000 0.000000 0.000000
vn -1.000000 0.000000 0.000000
vn -1.000000 0.000000 0.000000
vn -1.000000 0.000000 0.000000
vn 0.000000 0.000000 -1.000000
vn 0.000000 0.000000 -1.000000
vn 1.000000 0.000000 0.000000
vn 1.000000 0.000000 0.000000
vn 1.000000 0.000000 0.000000
vn 1.000000 0.000000 0.000000
vn 1.000000 0.000000 0.000000
vn 1.000000 0.000000 0.000000
vn 1.000000 0.000000 0.000000
vn 1.000000 0.000000 0.000000
vn 1.000000 0.000000 0.000000
vn 1.000000 0.000000 0.000000
vn 1.000000 0.000000 0.000000
vn 0.000000 0.000000 1.000000
vn 0.000000 0.000000 1.000000
vn -1.000000 0.000000 0.000000
vn -1.000000 0.000000 0.000000
vn -1.000000 0.000000 0.000000
vn -1.000000 0.000000 0.000000
vn -1.000000 0.000000 0.000000
vn -1.000000 0.000000 0.000000
vn -1.000000 0.000000 0.000000
vn -1.000000 0.000000 0.000000
vn -1.000000 0.000000 0.000000
vn -1.000000 0.000000 0.000000
vn -1.000000 0.000000 0.000000
vn -1.000000 0.000000 0.000000
vn 0.000000 0.000000 -1.000000
vn 0.000000 0.000000 -1.000000
vn 1.000000 0.000000 0.000000
vn 1.000000 0.000000 0.000000
vn 1.000000 0.000000 0.000000
vn 1.000000 0.000000 0.000000
vn 1.000000 0.000000 0.000000
vn 1.000000 0.000000 0.000000
vn 1.000000 0.000000 0.000000
vn 1.000000 0.000000 0.000000
vn 1.000000 0.000000 0.000000
vn 1.000000 0.000000 0.000000
vn 0.000000 0.000000 1.000000
vn 0.000000 0.000000 1.000000
vn -1.000000 0.000000 0.000000
vn -1.000000 0.000000 0.000000
vn -1.000000 0.000000 0.000000
vn -1.000000 0.000000 0.000000
vn 0.000000 -1.000000 0.000000
vn 0.000000 -1.000000 0.000000
vn 0.000000 -1.000000 0.000000
vn 0.000000 -1.000000 0.000000
vn 0.000000 0.000000 -1.000000
vn 0.000000 0.000000 -1.000000
vn 0.000000 0.000000 -1.000000
vn 0.000000 0.000000 -1.000000
vn 0.000000 1.000000 0.000000
vn 0.000000 1.000000 0.000000
vn 0.000000 1.000000 0.000000
vn 0.000000 1.000000 0.000000
vn 0.000000 0.000000 1.000000
vn 0.000000 0.000000 1.000000
vn 0.000000 0.000000 1.000000
vn 0.000000 0.000000 1.000000
vn 0.000000 0.011643 -0.999932
vn 0.000000 0.000000 -1.000000
vn 0.000000 0.000000 -1.000000
vn 0.000000 0.011643 -0.999932
vn 0.000000 0.229723 -0.973256
vn 0.000000 0.229723 -0.973256
vn 0.000000 0.532862 -0.846202
vn 0.000000 0.532862 -0.846202
vn 0.000000 0.738536 -0.674214
vn 0.000000 0.738536 -0.674214
vn 0.000000 0.905490 -0.424368
vn 0.000000 0.905490 -0.424368
vn 0.000000 0.990810 -0.135263
vn 0.000000 0.990810 -0.135263
vn 0.000000 0.990761 0.135618
vn 0.000000 0.990761 0.135618
vn 0.000000 0.921595 0.388154
vn 0.000000 0.921595 0.388154
vn 0.000000 0.749302 0.662229
vn 0.000000 0.749302 0.662229
vn 0.000000 0.494244 0.869323
vn 0.000000 0.494244 0.869323
vn 0.000000 0.230414 0.973093
vn 0.000000 0.230414 0.973093
vn 0.000000 0.011489 0.999934
vn 0.000000 0.011489 0.999934
vn 0.000000 0.000000 1.000000
vn 0.000000 0.000000 1.000000
vn 0.000000 0.000000 1.000000
vn 0.000000 -0.007350 0.999973
vn 0.000000 -0.007350 0.999973
vn 0.000000 0.000000 1.000000
vn 0.000000 -0.193319 0.981136
vn 0.000000 -0.193319 0.981136
vn 0.000000 -0.485163 0.874424
vn 0.000000 -0.485163 0.874424
vn 0.000000 -0.724792 0.688968
vn 0.000000 -0.724792 0.688968
vn 0.000000 -0.902360 0.430982
vn 0.000000 -0.902360 0.430982
vn 0.000000 -0.991272 0.131836
vn 0.000000 -0.991272 0.131836
vn 0.000000 -0.990805 -0.135296
vn 0.000000 -0.990805 -0.135296
vn 0.000000 -0.917563 -0.397590
vn 0.000000 -0.917563 -0.397590
vn 0.000000 -0.735683 -0.677326
vn 0.000000 -0.735683 -0.677326
vn 0.000000 -0.469330 -0.883023
vn 0.000000 -0.469330 -0.883023
vn 0.000000 -0.182050 -0.983289
vn 0.000000 -0.182050 -0.983289
vn 0.000000 -0.006732 -0.999977
vn 0.000000 -0.006732 -0.999977
vn 0.000000 0.000000 -1.000000
vn 0.000000 0.000000 -1.000000
vn 0.000000 -1.000000 0.000000
vn 0.000000 -1.000000 0.000000
vn 0.000000 -1.000000 0.000000
vn 0.000000 -1.000000 0.000000
vn 0.000000 0.000000 1.000000
vn 0.000000 0.000000 1.000000
vn 0.000000 0.000000 1.000000
vn 0.000000 0.000000 1.000000
vn 0.000000 -1.000000 0.000000
vn 0.000000 -1.000000 0.000000
vn 0.000000 -1.000000 0.000000
vn 0.000000 -1.000000 0.000000
vn 0.000000 -1.000000 0.000000
vn 0.000000 -1.000000 0.000000
vn 0.000000 -1.000000 0.000000
vn 0.000000 -1.000000 0.000000
vn 0.000000 -1.000000 0.000000
vn 0.000000 -1.000000 0.000000
vn 0.000000 0.000000 -1.000000
vn 0.000000 0.000000 -1.000000
vn 0.000000 0.000000 -1.000000
vn 0.000000 0.000000 -1.000000
vn 0.000000 -1.000000 0.000000
vn 0.000000 -1.000000 0.000000
vn 0.000000 0.000000 1.000000
vn 0.000000 0.000000 1.000000
vn 0.000000 1.000000 0.000000
vn 0.000000 1.000000 0.000000
vn 0.000000 1.000000 0.000000
vn 0.000000 1.000000 0.000000
vn 0.000000 1.000000 0.000000
vn 0.000000 1.000000 0.000000
vn 0.000000 1.000000 0.000000
vn 0.000000 1.000000 0.000000
vn 0.000000 0.000000 -1.000000
vn 0.000000 0.000000 -1.000000
vn 0.000000 0.000000 -1.000000
vn 0.000000 0.000000 -1.000000
vn 0.000000 0.000000 1.000000
vn 0.000000 0.000000 1.000000
s 1
g group7 windows_asset10 windows mainFrame_l1
usemtl StingrayPBS4SG
f 556/604/1263 557/605/1264 721/606/1265 702/607/1266
s 2
f 711/608/1267 712/609/1268 563/610/1269 562/611/1270
s 3
f 621/612/1271 622/613/1272 557/605/1273 556/604/1274
s 4
f 557/605/1275 622/613/1276 720/614/1277 721/606/1278
s 5
f 702/607/1279 703/615/1280 621/612/1281 556/604/1282
f 565/616/1283 706/617/1284 707/618/1285 569/619/1286
s 3
f 566/620/1287 565/616/1288 569/619/1289 570/621/1290
s 4
f 716/622/1291 717/623/1292 566/620/1293 570/621/1294
s off
f 564/624/1295 567/625/1296 571/626/1297 568/627/1298
s 5
f 562/611/1299 638/628/1300 710/629/1301 711/608/1302
s 3
f 562/611/1303 563/610/1304 637/630/1305 638/628/1306
s off
f 754/631/1307 755/632/1308 756/633/1309 757/634/1310
s 1
f 558/635/1311 559/636/1312 573/637/1313 572/638/1314
s 4
f 559/636/1315 623/639/1316 624/640/1317 573/637/1318
s 13
f 567/625/1319 564/624/1320 575/641/1321 574/642/1322
s 5
f 651/643/1323 620/644/1324 558/635/1325 572/638/1326
s 15
f 568/627/1327 571/626/1328 576/645/1329 577/646/1330
s 4
f 635/647/1331 636/648/1332 561/649/1333 578/650/1334
s 2
f 561/649/1335 560/651/1336 579/652/1337 578/650/1338
s 5
f 560/651/1339 639/653/1340 640/654/1341 579/652/1342
s 1
f 572/638/1314 573/637/1313 581/655/1343 580/656/1344
s 4
f 573/637/1318 624/640/1317 625/657/1345 581/655/1346
s 13
f 574/642/1322 575/641/1321 583/658/1347 582/659/1348
s 5
f 650/660/1349 651/643/1323 572/638/1326 580/656/1350
s 15
f 577/646/1330 576/645/1329 584/661/1351 585/662/1352
s 4
f 634/663/1353 635/647/1331 578/650/1334 586/664/1354
s 2
f 578/650/1338 579/652/1337 587/665/1355 586/664/1356
s 5
f 579/652/1342 640/654/1341 641/666/1357 587/665/1358
s 1
f 580/656/1344 581/655/1343 589/667/1359 588/668/1360
s 4
f 581/655/1346 625/657/1345 626/669/1361 589/667/1362
s 13
f 582/659/1348 583/658/1347 591/670/1363 590/671/1364
s 5
f 649/672/1365 650/660/1349 580/656/1350 588/668/1366
s 15
f 585/662/1352 584/661/1351 592/673/1367 593/674/1368
s 4
f 633/675/1369 634/663/1353 586/664/1354 594/676/1370
s 2
f 586/664/1356 587/665/1355 595/677/1371 594/676/1372
s 5
f 587/665/1358 641/666/1357 642/678/1373 595/677/1374
s 1
f 588/668/1360 589/667/1359 597/679/1375 596/680/1376
s 4
f 589/667/1362 626/669/1361 627/681/1377 597/679/1378
s 13
f 590/671/1364 591/670/1363 599/682/1379 598/683/1380
s 5
f 648/684/1381 649/672/1365 588/668/1366 596/680/1382
s 15
f 593/674/1368 592/673/1367 600/685/1383 601/686/1384
s 4
f 632/687/1385 633/675/1369 594/676/1370 602/688/1386
s 2
f 594/676/1372 595/677/1371 603/689/1387 602/688/1388
s 5
f 595/677/1374 642/678/1373 643/690/1389 603/689/1390
s 19
f 596/680/1391 597/679/1392 605/691/1393 604/692/1394
s 4
f 597/679/1378 627/681/1377 628/693/1395 605/691/1396
s 20
f 598/683/1397 599/682/1398 607/694/1399 606/695/1400
s 5
f 647/696/1401 648/684/1381 596/680/1382 604/692/1402
s 21
f 601/686/1403 600/685/1404 608/697/1405 609/698/1406
s 4
f 631/699/1407 632/687/1385 602/688/1386 610/700/1408
s 2
f 602/688/1388 603/689/1387 611/701/1409 610/700/1410
s 5
f 603/689/1390 643/690/1389 644/702/1411 611/701/1412
s 19
f 604/692/1394 605/691/1393 613/703/1413 612/704/1414
s 4
f 605/691/1396 628/693/1395 629/705/1415 613/703/1416
s 20
f 606/695/1400 607/694/1399 615/706/1417 614/707/1418
s 5
f 646/708/1419 647/696/1401 604/692/1402 612/704/1420
s 21
f 609/698/1406 608/697/1405 616/709/1421 617/710/1422
s 4
f 630/711/1423 631/699/1407 610/700/1408 618/712/1424
s 2
f 610/700/1410 611/701/1409 619/713/1425 618/712/1426
s 5
f 611/701/1412 644/702/1411 645/714/1427 619/713/1428
s off
f 645/714/1429 646/708/1430 612/704/1431 619/713/1432
f 612/704/1433 613/703/1434 618/712/1435 619/713/1436
f 614/707/1437 615/706/1438 617/710/1439 616/709/1440
s 22
f 613/703/1441 629/705/1442 630/711/1443 618/712/1444
s 5
f 703/615/1280 704/715/1445 652/716/1446 621/612/1281
s 3
f 652/716/1447 653/717/1448 622/613/1272 621/612/1271
s 4
f 719/718/1449 720/614/1277 622/613/1276 653/717/1450
f 624/640/1317 623/639/1316 654/719/1451 655/720/1452
f 625/657/1345 624/640/1317 655/720/1452 656/721/1453
f 626/669/1361 625/657/1345 656/721/1453 657/722/1454
f 627/681/1377 626/669/1361 657/722/1454 658/723/1455
f 628/693/1395 627/681/1377 658/723/1455 659/724/1456
f 629/705/1415 628/693/1395 659/724/1456 660/725/1457
s 22
f 630/711/1443 629/705/1442 660/725/1458 661/726/1459
s 4
f 661/726/1460 662/727/1461 631/699/1407 630/711/1423
f 662/727/1461 663/728/1462 632/687/1385 631/699/1407
f 663/728/1462 664/729/1463 633/675/1369 632/687/1385
f 664/729/1463 665/730/1464 634/663/1353 633/675/1369
f 665/730/1464 666/731/1465 635/647/1331 634/663/1353
f 666/731/1465 667/732/1466 636/648/1332 635/647/1331
f 713/733/1467 714/734/1468 668/735/1469 637/630/1470
s 3
f 638/628/1306 637/630/1305 668/735/1471 669/736/1472
s 5
f 709/737/1473 710/629/1301 638/628/1300 669/736/1474
s 24
f 759/738/1475 758/739/1476 760/740/1477 761/741/1478
f 762/742/1479 759/738/1475 761/741/1478 763/743/1480
f 764/744/1481 762/742/1479 763/743/1480 765/745/1482
f 766/746/1483 764/744/1481 765/745/1482 767/747/1484
f 768/748/1485 766/746/1483 767/747/1484 769/749/1486
f 770/750/1487 768/748/1485 769/749/1486 771/751/1488
s 25
f 771/751/1489 772/752/1490 773/753/1491 770/750/1492
s 24
f 772/752/1493 774/754/1494 775/755/1495 773/753/1496
f 774/754/1494 776/756/1497 777/757/1498 775/755/1495
f 776/756/1497 778/758/1499 779/759/1500 777/757/1498
f 778/758/1499 780/760/1501 781/761/1502 779/759/1500
f 780/760/1501 782/762/1503 783/763/1504 781/761/1502
f 782/762/1503 784/764/1505 785/765/1506 783/763/1504
s 5
f 704/715/1445 705/766/1507 671/767/1508 652/716/1446
s 3
f 671/767/1509 672/768/1510 653/717/1448 652/716/1447
s 4
f 718/769/1511 719/718/1449 653/717/1450 672/768/1512
f 655/720/1452 654/719/1451 673/770/1513 674/771/1514
f 656/721/1453 655/720/1452 674/771/1514 675/772/1515
f 657/722/1454 656/721/1453 675/772/1515 676/773/1516
f 658/723/1455 657/722/1454 676/773/1516 677/774/1517
f 659/724/1456 658/723/1455 677/774/1517 678/775/1518
f 660/725/1457 659/724/1456 678/775/1518 679/776/1519
s 22
f 661/726/1459 660/725/1458 679/776/1520 680/777/1521
s 4
f 680/777/1522 681/778/1523 662/727/1461 661/726/1460
f 681/778/1523 682/779/1524 663/728/1462 662/727/1461
f 682/779/1524 683/780/1525 664/729/1463 663/728/1462
f 683/780/1525 684/781/1526 665/730/1464 664/729/1463
f 684/781/1526 685/782/1527 666/731/1465 665/730/1464
f 685/782/1527 686/783/1528 667/732/1466 666/731/1465
f 714/734/1468 715/784/1529 687/785/1530 668/735/1469
s 3
f 669/736/1472 668/735/1471 687/785/1531 688/786/1532
s 5
f 708/787/1533 709/737/1473 669/736/1474 688/786/1534
s 24
f 761/741/1478 760/740/1477 786/788/1535 787/789/1536
f 763/743/1480 761/741/1478 787/789/1536 788/790/1537
f 765/745/1482 763/743/1480 788/790/1537 789/791/1538
f 767/747/1484 765/745/1482 789/791/1538 790/792/1539
f 769/749/1486 767/747/1484 790/792/1539 791/793/1540
f 771/751/1488 769/749/1486 791/793/1540 792/794/1541
s 25
f 792/794/1542 793/795/1543 772/752/1490 771/751/1489
s 24
f 793/795/1544 794/796/1545 774/754/1494 772/752/1493
f 794/796/1545 795/797/1546 776/756/1497 774/754/1494
f 795/797/1546 796/798/1547 778/758/1499 776/756/1497
f 796/798/1547 797/799/1548 780/760/1501 778/758/1499
f 797/799/1548 798/800/1549 782/762/1503 780/760/1501
f 798/800/1549 799/801/1550 784/764/1505 782/762/1503
s 5
f 705/766/1507 706/617/1284 565/616/1283 671/767/1508
s 3
f 565/616/1288 566/620/1287 672/768/1510 671/767/1509
s 4
f 717/623/1292 718/769/1511 672/768/1512 566/620/1293
f 674/771/1514 673/770/1513 567/625/1551 574/642/1552
f 675/772/1515 674/771/1514 574/642/1552 582/659/1553
f 676/773/1516 675/772/1515 582/659/1553 590/671/1554
f 677/774/1517 676/773/1516 590/671/1554 598/683/1555
f 678/775/1518 677/774/1517 598/683/1555 606/695/1556
f 679/776/1519 678/775/1518 606/695/1556 614/707/1557
s 22
f 680/777/1521 679/776/1520 614/707/1558 616/709/1559
s 4
f 608/697/1560 681/778/1523 680/777/1522 616/709/1561
f 600/685/1562 682/779/1524 681/778/1523 608/697/1560
f 592/673/1563 683/780/1525 682/779/1524 600/685/1562
f 584/661/1564 684/781/1526 683/780/1525 592/673/1563
f 576/645/1565 685/782/1527 684/781/1526 584/661/1564
f 571/626/1566 686/783/1528 685/782/1527 576/645/1565
f 715/784/1529 716/622/1291 570/621/1294 687/785/1530
s 3
f 688/786/1532 687/785/1531 570/621/1290 569/619/1289
s 5
f 707/618/1285 708/787/1533 688/786/1534 569/619/1286
s 27
f 690/802/1567 689/803/1568 568/627/1569 577/646/1570
f 691/804/1571 690/802/1567 577/646/1570 585/662/1572
f 692/805/1573 691/804/1571 585/662/1572 593/674/1574
f 693/806/1575 692/805/1573 593/674/1574 601/686/1576
f 694/807/1577 693/806/1575 601/686/1576 609/698/1578
f 695/808/1579 694/807/1577 609/698/1578 617/710/1580
s off
f 615/706/1581 696/809/1582 695/808/1583 617/710/1584
s 27
f 607/694/1585 697/810/1586 696/809/1587 615/706/1588
f 599/682/1589 698/811/1590 697/810/1586 607/694/1585
f 591/670/1591 699/812/1592 698/811/1590 599/682/1589
f 583/658/1593 700/813/1594 699/812/1592 591/670/1591
f 575/641/1595 701/814/1596 700/813/1594 583/658/1593
f 564/624/1597 670/815/1598 701/814/1596 575/641/1595
s 5
f 722/816/1599 723/817/1600 703/615/1280 702/607/1279
s 24
f 800/818/1601 801/819/1602 802/820/1603 803/821/1604
f 801/819/1602 804/822/1605 805/823/1606 802/820/1603
f 804/822/1605 806/824/1607 807/825/1608 805/823/1606
f 808/826/1609 807/825/1608 806/824/1607 809/827/1610
f 809/827/1610 810/828/1611 811/829/1612 808/826/1609
f 810/828/1611 812/830/1613 813/831/1614 811/829/1612
f 812/830/1613 814/832/1615 815/833/1616 813/831/1614
s 5
f 711/608/1302 710/629/1301 724/834/1617 725/835/1618
s 2
f 725/835/1619 726/836/1620 712/609/1268 711/608/1267
s 4
f 726/836/1621 727/837/1622 713/733/1467 712/609/1623
f 727/837/1622 728/838/1624 714/734/1468 713/733/1467
f 728/838/1624 729/839/1625 715/784/1529 714/734/1468
f 729/839/1625 730/840/1626 716/622/1291 715/784/1529
f 730/840/1626 731/841/1627 717/623/1292 716/622/1291
f 731/841/1627 732/842/1628 718/769/1511 717/623/1292
f 732/842/1628 733/843/1629 719/718/1449 718/769/1511
f 733/843/1629 734/844/1630 720/614/1277 719/718/1449
f 721/606/1278 720/614/1277 734/844/1630 735/845/1631
s 1
f 702/607/1266 721/606/1265 735/845/1632 722/816/1633
s 5
f 736/846/1634 737/847/1635 723/817/1600 722/816/1599
s 24
f 816/848/1636 817/849/1637 801/819/1602 800/818/1601
f 817/849/1637 818/850/1638 804/822/1605 801/819/1602
f 818/850/1638 819/851/1639 806/824/1607 804/822/1605
f 809/827/1610 806/824/1607 819/851/1639 820/852/1640
f 820/852/1640 821/853/1641 810/828/1611 809/827/1610
f 821/853/1641 822/854/1642 812/830/1613 810/828/1611
f 822/854/1642 823/855/1643 814/832/1615 812/830/1613
s 5
f 725/835/1618 724/834/1617 742/856/1644 743/857/1645
s 2
f 743/857/1646 744/858/1647 726/836/1620 725/835/1619
s 4
f 744/858/1648 745/859/1649 727/837/1622 726/836/1621
f 745/859/1649 746/860/1650 728/838/1624 727/837/1622
f 746/860/1650 747/861/1651 729/839/1625 728/838/1624
f 747/861/1651 748/862/1652 730/840/1626 729/839/1625
f 748/862/1652 749/863/1653 731/841/1627 730/840/1626
f 749/863/1653 750/864/1654 732/842/1628 731/841/1627
f 750/864/1654 751/865/1655 733/843/1629 732/842/1628
f 751/865/1655 752/866/1656 734/844/1630 733/843/1629
f 735/845/1631 734/844/1630 752/866/1656 753/867/1657
s 1
f 722/816/1633 735/845/1632 753/867/1658 736/846/1659
s 5
f 620/644/1324 737/847/1635 736/846/1634 558/635/1325
s 24
f 784/764/1505 817/849/1637 816/848/1636 785/765/1506
f 799/801/1550 818/850/1638 817/849/1637 784/764/1505
s 27
f 564/624/1597 739/868/1660 738/869/1661 670/815/1598
f 740/870/1662 739/868/1660 564/624/1597 568/627/1569
f 689/803/1568 741/871/1663 740/870/1662 568/627/1569
s 24
f 760/740/1477 822/854/1642 821/853/1641 786/788/1535
f 758/739/1476 823/855/1643 822/854/1642 760/740/1477
s 5
f 743/857/1645 742/856/1644 639/653/1340 560/651/1339
s 2
f 560/651/1336 561/649/1335 744/858/1647 743/857/1646
s 4
f 636/648/1332 745/859/1649 744/858/1648 561/649/1333
f 667/732/1466 746/860/1650 745/859/1649 636/648/1332
f 686/783/1528 747/861/1651 746/860/1650 667/732/1466
f 571/626/1566 748/862/1652 747/861/1651 686/783/1528
f 567/625/1551 749/863/1653 748/862/1652 571/626/1566
f 673/770/1513 750/864/1654 749/863/1653 567/625/1551
f 654/719/1451 751/865/1655 750/864/1654 673/770/1513
f 623/639/1316 752/866/1656 751/865/1655 654/719/1451
f 753/867/1657 752/866/1656 623/639/1316 559/636/1315
s 1
f 736/846/1659 753/867/1658 559/636/1312 558/635/1311
s off
f 712/609/1664 713/733/1665 755/632/1666 754/631/1667
f 713/733/1668 637/630/1669 756/633/1670 755/632/1671
f 637/630/1672 563/610/1673 757/634/1674 756/633/1675
f 563/610/1676 712/609/1677 754/631/1678 757/634/1679
s 31
f 640/654/1680 639/653/1681 758/739/1682 759/738/1683
f 641/666/1684 640/654/1680 759/738/1683 762/742/1685
f 642/678/1686 641/666/1684 762/742/1685 764/744/1687
f 643/690/1688 642/678/1686 764/744/1687 766/746/1689
f 644/702/1690 643/690/1688 766/746/1689 768/748/1691
f 645/714/1692 644/702/1690 768/748/1691 770/750/1693
f 646/708/1694 645/714/1692 770/750/1693 773/753/1695
f 647/696/1696 646/708/1694 773/753/1695 775/755/1697
f 648/684/1698 647/696/1696 775/755/1697 777/757/1699
f 649/672/1700 648/684/1698 777/757/1699 779/759/1701
f 650/660/1702 649/672/1700 779/759/1701 781/761/1703
f 651/643/1704 650/660/1702 781/761/1703 783/763/1705
f 620/644/1706 651/643/1704 783/763/1705 785/765/1707
s 32
f 689/803/1708 690/802/1709 787/789/1710 786/788/1711
f 690/802/1709 691/804/1712 788/790/1713 787/789/1710
f 691/804/1712 692/805/1714 789/791/1715 788/790/1713
f 692/805/1714 693/806/1716 790/792/1717 789/791/1715
f 693/806/1716 694/807/1718 791/793/1719 790/792/1717
f 694/807/1718 695/808/1720 792/794/1721 791/793/1719
f 695/808/1720 696/809/1722 793/795/1723 792/794/1721
f 696/809/1722 697/810/1724 794/796/1725 793/795/1723
f 697/810/1724 698/811/1726 795/797/1727 794/796/1725
f 698/811/1726 699/812/1728 796/798/1729 795/797/1727
f 699/812/1728 700/813/1730 797/799/1731 796/798/1729
f 700/813/1730 701/814/1732 798/800/1733 797/799/1731
f 701/814/1732 670/815/1734 799/801/1735 798/800/1733
s 33
f 704/715/1736 703/615/1737 803/821/1738 802/820/1739
s 31
f 703/615/1740 723/817/1741 800/818/1742 803/821/1743
s 33
f 705/766/1744 704/715/1736 802/820/1739 805/823/1745
f 706/617/1746 705/766/1744 805/823/1745 807/825/1747
f 707/618/1748 706/617/1746 807/825/1747 808/826/1749
f 708/787/1750 707/618/1748 808/826/1749 811/829/1751
f 709/737/1752 708/787/1750 811/829/1751 813/831/1753
s 31
f 724/834/1754 710/629/1755 815/833/1756 814/832/1757
s 33
f 710/629/1758 709/737/1752 813/831/1753 815/833/1759
s 31
f 723/817/1741 737/847/1760 816/848/1761 800/818/1742
s 36
f 738/869/1762 739/868/1763 819/851/1764 818/850/1765
f 739/868/1763 740/870/1766 820/852/1767 819/851/1764
f 740/870/1766 741/871/1768 821/853/1769 820/852/1767
s 31
f 742/856/1770 724/834/1754 814/832/1757 823/855/1771
f 737/847/1760 620/644/1706 785/765/1707 816/848/1761
s 32
f 670/815/1734 738/869/1772 818/850/1773 799/801/1735
f 741/871/1774 689/803/1708 786/788/1711 821/853/1775
s 31
f 639/653/1681 742/856/1770 823/855/1771 758/739/1682
g default
v -3150.455362 105.503802 519.145727
v -3150.455362 105.503802 590.155168
v -3150.455362 262.505909 519.145727
v -3150.455362 262.505909 590.155168
v -3147.305675 262.505909 519.145727
v -3147.305675 262.505909 590.155168
v -3147.305675 105.503802 519.145727
v -3147.305675 105.503802 590.155168
v -3150.455362 105.503802 527.035607
v -3150.455362 275.539263 527.035607
v -3147.305675 275.539263 527.035607
v -3147.305675 105.503802 527.035607
v -3150.455362 105.503802 534.925575
v -3150.455362 283.036104 534.925575
v -3147.305675 283.036104 534.925575
v -3147.305675 105.503802 534.925575
v -3150.455362 105.503802 542.815542
v -3150.455362 288.686830 542.815542
v -3147.305675 288.686830 542.815542
v -3147.305675 105.503802 542.815542
v -3150.455362 105.503802 550.705464
v -3150.455362 290.834086 550.705464
v -3147.305675 290.834086 550.705464
v -3147.305675 105.503802 550.705464
v -3150.455362 105.503802 558.595387
v -3150.455362 290.834086 558.595387
v -3147.305675 290.834086 558.595387
v -3147.305675 105.503802 558.595387
v -3150.455362 105.503802 566.485354
v -3150.455362 288.686830 566.485354
v -3147.305675 288.686830 566.485354
v -3147.305675 105.503802 566.485354
v -3150.455362 105.503802 574.375276
v -3150.455362 283.036104 574.375276
v -3147.305675 283.036104 574.375276
v -3147.305675 105.503802 574.375276
v -3150.455362 105.503802 582.265201
v -3150.455362 275.539263 582.265201
v -3147.305675 275.539263 582.265201
v -3147.305675 105.503802 582.265201
vt -0.621146 0.357776
vt -0.617789 0.357741
vt -0.616753 0.431386
vt -0.620447 0.425322
vt -0.616805 0.431423
vt -0.620474 0.425399
vt -0.617831 0.358235
vt -0.621166 0.358269
vt 0.713297 0.370866
vt -0.591043 0.357959
vt -0.588087 0.425350
vt -0.587840 0.425273
vt -0.614430 0.357706
vt -0.613054 0.434911
vt -0.613132 0.434924
vt -0.614493 0.358200
vt -0.611068 0.357672
vt -0.609344 0.437588
vt -0.609447 0.437583
vt -0.611152 0.358166
vt -0.607703 0.357637
vt -0.605653 0.438610
vt -0.605781 0.438598
vt -0.607807 0.358132
vt -0.604334 0.357602
vt -0.601980 0.438611
vt -0.602133 0.438599
vt -0.604460 0.358097
vt -0.600963 0.357567
vt -0.598337 0.437589
vt -0.598515 0.437584
vt -0.601110 0.358063
vt -0.597589 0.357532
vt -0.594758 0.434907
vt -0.594960 0.434920
vt -0.597757 0.358028
vt -0.594212 0.357497
vt -0.591232 0.431368
vt -0.591457 0.431405
vt -0.594401 0.357994
vt 0.711270 0.418975
vt 0.714296 0.415295
vt 0.710187 0.370858
vt -0.590832 0.357462
vt 0.708207 0.421089
vt 0.707077 0.370850
vt 0.705134 0.422680
vt 0.703967 0.370843
vt 0.702037 0.423280
vt 0.700857 0.370835
vt 0.698927 0.423272
vt 0.697747 0.370827
vt 0.695804 0.422656
vt 0.694638 0.370819
vt 0.692658 0.421049
vt 0.691527 0.370811
vt 0.689500 0.418920
vt 0.688418 0.370803
vt 0.685308 0.370796
vt 0.686307 0.415224
vn -1.000000 0.000000 0.000000
vn -1.000000 0.000000 -0.000000
vn -1.000000 0.000000 -0.000000
vn -1.000000 0.000000 0.000000
vn -0.000000 0.517864 -0.855463
vn -0.000000 0.609405 -0.792859
vn -0.000000 0.609405 -0.792859
vn -0.000000 0.517864 -0.855463
vn 1.000000 0.000000 -0.000000
vn 1.000000 0.000000 -0.000000
vn 1.000000 0.000000 -0.000000
vn 1.000000 0.000000 -0.000000
vn 0.000000 -1.000000 0.000000
vn 0.000000 -1.000000 0.000000
vn 0.000000 -1.000000 0.000000
vn 0.000000 -1.000000 0.000000
vn 0.000000 0.000000 1.000000
vn 0.000000 0.000000 1.000000
vn 0.000000 0.000000 1.000000
vn 0.000000 0.000000 1.000000
vn -0.000000 0.000000 -1.000000
vn -0.000000 0.000000 -1.000000
vn -0.000000 0.000000 -1.000000
vn -0.000000 0.000000 -1.000000
vn -1.000000 0.000000 0.000000
vn -1.000000 0.000000 0.000000
vn -0.000000 0.768278 -0.640116
vn -0.000000 0.768278 -0.640116
vn 1.000000 0.000000 0.000000
vn 1.000000 0.000000 -0.000000
vn 0.000000 -1.000000 0.000000
vn 0.000000 -1.000000 0.000000
vn -1.000000 0.000000 0.000000
vn -1.000000 0.000000 0.000000
vn -0.000000 0.896507 -0.443029
vn -0.000000 0.896507 -0.443029
vn 1.000000 0.000000 -0.000000
vn 1.000000 0.000000 -0.000000
vn 0.000000 -1.000000 0.000000
vn 0.000000 -1.000000 0.000000
vn -1.000000 0.000000 -0.000000
vn -1.000000 0.000000 -0.000000
vn -0.000000 0.990868 -0.134833
vn -0.000000 0.990868 -0.134833
vn 1.000000 0.000000 -0.000000
vn 1.000000 0.000000 -0.000000
vn 0.000000 -1.000000 0.000000
vn 0.000000 -1.000000 0.000000
vn -1.000000 0.000000 0.000000
vn -1.000000 0.000000 0.000000
vn 0.000000 0.990868 0.134833
vn 0.000000 0.990868 0.134833
vn 1.000000 0.000000 0.000000
vn 1.000000 0.000000 0.000000
vn 0.000000 -1.000000 0.000000
vn 0.000000 -1.000000 0.000000
vn -1.000000 0.000000 -0.000000
vn -1.000000 0.000000 -0.000000
vn 0.000000 0.896507 0.443029
vn 0.000000 0.896507 0.443029
vn 1.000000 0.000000 0.000000
vn 1.000000 0.000000 -0.000000
vn 0.000000 -1.000000 0.000000
vn 0.000000 -1.000000 0.000000
vn -1.000000 0.000000 -0.000000
vn -1.000000 0.000000 -0.000000
vn 0.000000 0.768276 0.640118
vn 0.000000 0.768276 0.640118
vn 1.000000 0.000000 -0.000000
vn 1.000000 0.000000 -0.000000
vn 0.000000 -1.000000 0.000000
vn 0.000000 -1.000000 0.000000
vn -1.000000 0.000000 0.000000
vn -1.000000 0.000000 0.000000
vn 0.000000 0.609406 0.792858
vn 0.000000 0.609406 0.792858
vn 1.000000 0.000000 0.000000
vn 1.000000 0.000000 0.000000
vn 0.000000 -1.000000 0.000000
vn 0.000000 -1.000000 0.000000
vn -1.000000 0.000000 -0.000000
vn -1.000000 0.000000 -0.000000
vn 0.000000 0.517868 0.855461
vn 0.000000 0.517868 0.855461
vn 1.000000 0.000000 -0.000000
vn 1.000000 0.000000 -0.000000
vn 0.000000 -1.000000 0.000000
vn 0.000000 -1.000000 0.000000
s 1
g group7 windows_asset10 windows windowpane_l1
usemtl StingrayPBS4SG
f 824/930/1776 832/929/1777 833/928/1778 826/931/1779
s 2
f 826/875/1780 833/874/1781 834/876/1782 828/877/1783
s 3
f 828/877/1784 834/876/1785 835/878/1786 830/879/1787
s 4
f 830/879/1788 835/878/1789 832/873/1790 824/872/1791
s off
f 825/915/1792 831/881/1793 829/882/1794 827/883/1795
f 830/879/1796 824/872/1797 826/875/1798 828/877/1799
s 1
f 833/928/1778 832/929/1777 836/927/1800 837/926/1801
s 2
f 834/876/1782 833/874/1781 837/885/1802 838/886/1803
s 3
f 835/878/1786 834/876/1785 838/886/1804 839/887/1805
s 4
f 832/873/1790 835/878/1789 839/887/1806 836/884/1807
s 1
f 837/926/1801 836/927/1800 840/925/1808 841/924/1809
s 2
f 838/886/1803 837/885/1802 841/889/1810 842/890/1811
s 3
f 839/887/1805 838/886/1804 842/890/1812 843/891/1813
s 4
f 836/884/1807 839/887/1806 843/891/1814 840/888/1815
s 1
f 841/924/1809 840/925/1808 844/923/1816 845/922/1817
s 2
f 842/890/1811 841/889/1810 845/893/1818 846/894/1819
s 3
f 843/891/1813 842/890/1812 846/894/1820 847/895/1821
s 4
f 840/888/1815 843/891/1814 847/895/1822 844/892/1823
s 1
f 845/922/1817 844/923/1816 848/921/1824 849/920/1825
s 2
f 846/894/1819 845/893/1818 849/897/1826 850/898/1827
s 3
f 847/895/1821 846/894/1820 850/898/1828 851/899/1829
s 4
f 844/892/1823 847/895/1822 851/899/1830 848/896/1831
s 1
f 849/920/1825 848/921/1824 852/919/1832 853/918/1833
s 2
f 850/898/1827 849/897/1826 853/901/1834 854/902/1835
s 3
f 851/899/1829 850/898/1828 854/902/1836 855/903/1837
s 4
f 848/896/1831 851/899/1830 855/903/1838 852/900/1839
s 1
f 853/918/1833 852/919/1832 856/917/1840 857/916/1841
s 2
f 854/902/1835 853/901/1834 857/905/1842 858/906/1843
s 3
f 855/903/1837 854/902/1836 858/906/1844 859/907/1845
s 4
f 852/900/1839 855/903/1838 859/907/1846 856/904/1847
s 1
f 857/916/1841 856/917/1840 860/914/1848 861/912/1849
s 2
f 858/906/1843 857/905/1842 861/909/1850 862/910/1851
s 3
f 859/907/1845 858/906/1844 862/910/1852 863/911/1853
s 4
f 856/904/1847 859/907/1846 863/911/1854 860/908/1855
s 1
f 861/912/1849 860/914/1848 825/880/1856 827/913/1857
s 2
f 862/910/1851 861/909/1850 827/883/1858 829/882/1859
s 3
f 863/911/1853 862/910/1852 829/882/1860 831/881/1861
s 4
f 860/908/1855 863/911/1854 831/881/1862 825/915/1863
g default
v -3163.240701 116.480693 507.610891
v -3140.586082 116.480693 507.610891
v -3163.240701 207.936087 507.610891
v -3140.586082 207.936087 507.610891
v -3163.240701 207.936087 486.497549
v -3140.586082 207.936087 486.497549
v -3163.240701 116.480693 486.497549
v -3140.586082 116.480693 486.497549
v -3163.240701 220.355766 507.610891
v -3140.586082 220.355766 507.610891
v -3140.586082 220.355766 486.497549
v -3163.240701 220.355766 486.497549
v -3163.240701 207.936087 512.943105
v -3140.586082 207.936087 512.943105
v -3140.586082 220.355766 512.943105
v -3163.240701 220.355766 512.943105
v -3163.240701 207.936087 481.165437
v -3140.586082 207.936087 481.165437
v -3163.240701 220.355766 481.165437
v -3140.586082 220.355766 481.165437
v -3163.240701 207.936087 507.610891
v -3163.240701 207.936087 486.497549
v -3163.240701 220.355766 507.610891
v -3163.240701 220.355766 486.497549
v -3163.240701 207.936087 512.943105
v -3163.240701 220.355766 512.943105
v -3163.240701 220.355766 481.165437
v -3163.240701 207.936087 481.165437
v -3167.710984 207.936087 507.610891
v -3167.710984 207.936087 486.497549
v -3167.710984 220.355766 507.610891
v -3167.710984 220.355766 486.497549
v -3167.710984 207.936087 512.943105
v -3167.710984 220.355766 512.943105
v -3167.710984 220.355766 481.165437
v -3167.710984 207.936087 481.165437
v -3163.240701 291.227800 507.610891
v -3140.586082 291.227800 507.610891
v -3140.586082 291.227800 486.497549
v -3163.240701 291.227800 486.497549
vt 0.401508 0.533069
vt 0.434932 0.509814
vt 0.214830 0.756004
vt 0.419588 0.739641
vt 0.422026 0.945050
vt 0.218959 0.983381
vt 0.354747 0.975122
vt 0.385612 0.948738
vt 0.363895 0.744045
vt 0.305053 0.741800
vt 0.267934 0.505294
vt 0.364221 0.537193
vt 0.428378 0.748979
vt 0.200274 0.756268
vt 0.483107 0.778455
vt 0.431482 0.777141
vt 0.313120 0.805645
vt 0.215446 0.789908
vt 0.305017 0.756285
vt 0.356291 0.755648
vt 0.359176 0.783829
vt 0.287639 0.788597
vt 0.369945 0.753146
vt 0.415341 0.750231
vt 0.417778 0.779579
vt 0.372115 0.782650
vt 0.423941 0.788542
vt 0.423574 0.753198
vt 0.424593 0.776634
vt 0.363991 0.779564
vt 0.363161 0.756100
vt 0.367678 0.793177
vt 0.419588 0.739643
vt 0.363895 0.744046
vt 0.367680 0.793176
vt 0.423940 0.788541
vt 0.428377 0.748978
vt 0.431481 0.777142
vt 0.359177 0.783828
vt 0.356292 0.755648
vt 0.446116 0.979105
vt 0.276596 0.982335
vt 0.273083 0.788862
vt 0.483239 0.793110
vt 0.287023 0.754693
vt 0.308634 0.791304
vt 0.272467 0.754957
vt 0.479322 0.743478
vt 0.200890 0.790173
vt 0.474830 0.729299
vt 0.335427 0.506560
vt 0.210297 0.506340
vn 0.000000 0.000000 1.000000
vn 0.000000 0.000000 1.000000
vn 0.000000 0.000000 1.000000
vn 0.000000 0.000000 1.000000
vn 0.000000 1.000000 0.000000
vn 0.000000 1.000000 0.000000
vn 0.000000 1.000000 0.000000
vn 0.000000 1.000000 0.000000
vn 0.000000 0.000000 -1.000000
vn 0.000000 0.000000 -1.000000
vn 0.000000 0.000000 -1.000000
vn 0.000000 0.000000 -1.000000
vn 0.000000 -1.000000 0.000000
vn 0.000000 -1.000000 0.000000
vn 0.000000 -1.000000 0.000000
vn 0.000000 -1.000000 0.000000
vn 1.000000 0.000000 0.000000
vn 1.000000 0.000000 0.000000
vn 1.000000 0.000000 0.000000
vn 1.000000 0.000000 0.000000
vn -1.000000 0.000000 0.000000
vn -1.000000 0.000000 0.000000
vn -1.000000 0.000000 0.000000
vn -1.000000 0.000000 0.000000
vn 0.000000 0.000000 1.000000
vn 0.000000 0.000000 1.000000
vn 0.000000 0.000000 1.000000
vn 0.000000 0.000000 1.000000
vn 1.000000 0.000000 0.000000
vn 1.000000 0.000000 0.000000
vn 0.000000 0.000000 -1.000000
vn 0.000000 0.000000 -1.000000
vn 0.000000 0.000000 -1.000000
vn 0.000000 0.000000 -1.000000
vn -1.000000 0.000000 0.000000
vn -1.000000 0.000000 0.000000
vn -1.000000 0.000000 0.000000
vn -1.000000 0.000000 0.000000
vn 0.000000 -1.000000 0.000000
vn 0.000000 -1.000000 0.000000
vn 0.000000 -1.000000 0.000000
vn 0.000000 -1.000000 0.000000
vn 1.000000 0.000000 0.000000
vn 1.000000 0.000000 0.000000
vn 1.000000 0.000000 0.000000
vn 1.000000 0.000000 0.000000
vn 0.000000 1.000000 0.000000
vn 0.000000 1.000000 0.000000
vn 0.000000 1.000000 0.000000
vn 0.000000 1.000000 0.000000
vn -1.000000 0.000000 0.000000
vn -1.000000 0.000000 0.000000
vn -1.000000 0.000000 0.000000
vn -1.000000 0.000000 0.000000
vn 0.000000 -1.000000 0.000000
vn 0.000000 -1.000000 0.000000
vn 0.000000 -1.000000 0.000000
vn 0.000000 -1.000000 0.000000
vn -1.000000 0.000000 0.000000
vn -1.000000 0.000000 0.000000
vn -1.000000 0.000000 0.000000
vn -1.000000 0.000000 0.000000
vn 0.000000 1.000000 0.000000
vn 0.000000 1.000000 0.000000
vn 0.000000 1.000000 0.000000
vn 0.000000 1.000000 0.000000
vn 1.000000 0.000000 0.000000
vn 1.000000 0.000000 0.000000
vn 1.000000 0.000000 0.000000
vn 1.000000 0.000000 0.000000
vn 0.000000 0.000000 0.000000
vn 0.000000 0.000000 0.000000
vn 0.000000 0.000000 0.000000
vn 0.000000 0.000000 0.000000
vn 0.000000 0.000000 0.000000
vn 0.000000 0.000000 0.000000
vn 0.000000 0.000000 0.000000
vn 0.000000 0.000000 0.000000
vn 0.000000 0.000000 0.000000
vn 0.000000 0.000000 0.000000
vn 0.000000 0.000000 0.000000
vn 0.000000 0.000000 0.000000
vn 0.000000 0.000000 0.000000
vn 0.000000 0.000000 0.000000
vn 0.000000 0.000000 0.000000
vn 0.000000 0.000000 0.000000
vn 0.000000 0.000000 0.000000
vn 0.000000 0.000000 0.000000
vn 0.000000 0.000000 0.000000
vn 0.000000 0.000000 0.000000
vn 0.000000 0.000000 0.000000
vn 0.000000 0.000000 0.000000
vn 0.000000 0.000000 0.000000
vn 0.000000 0.000000 0.000000
vn 0.000000 0.000000 0.000000
vn 0.000000 0.000000 0.000000
vn 0.000000 0.000000 0.000000
vn 0.000000 0.000000 0.000000
vn 0.000000 0.000000 0.000000
vn 0.000000 0.000000 0.000000
vn 0.000000 0.000000 0.000000
vn 0.000000 0.000000 0.000000
vn 0.000000 -1.000000 0.000000
vn 0.000000 -1.000000 0.000000
vn 0.000000 -1.000000 0.000000
vn 0.000000 -1.000000 0.000000
vn 0.000000 1.000000 0.000000
vn 0.000000 1.000000 0.000000
vn 0.000000 1.000000 0.000000
vn 0.000000 1.000000 0.000000
vn 0.000000 -1.000000 0.000000
vn 0.000000 -1.000000 0.000000
vn 0.000000 0.000000 1.000000
vn 0.000000 0.000000 1.000000
vn 0.000000 0.000000 1.000000
vn 0.000000 0.000000 1.000000
vn 0.000000 1.000000 0.000000
vn 0.000000 1.000000 0.000000
vn 0.000000 1.000000 0.000000
vn 0.000000 1.000000 0.000000
vn 0.000000 0.000000 -1.000000
vn 0.000000 0.000000 -1.000000
vn 0.000000 0.000000 -1.000000
vn 0.000000 0.000000 -1.000000
vn 0.000000 -1.000000 0.000000
vn 0.000000 -1.000000 0.000000
vn 0.000000 0.000000 1.000000
vn 0.000000 0.000000 1.000000
vn 0.000000 0.000000 1.000000
vn 0.000000 0.000000 1.000000
vn 1.000000 0.000000 0.000000
vn 1.000000 0.000000 0.000000
vn 0.000000 0.000000 -1.000000
vn 0.000000 0.000000 -1.000000
vn 0.000000 0.000000 -1.000000
vn 0.000000 0.000000 -1.000000
vn -1.000000 0.000000 0.000000
vn -1.000000 0.000000 0.000000
vn -1.000000 0.000000 0.000000
vn -1.000000 0.000000 0.000000
s off
g group7 windows_asset10 windows support_l2
usemtl StingrayPBS4SG
f 864/932/1864 865/933/1865 867/981/1866 866/935/1867
f 900/936/1868 901/972/1869 902/938/1870 903/939/1871
f 868/940/1872 869/941/1873 871/982/1874 870/943/1875
f 870/943/1876 871/982/1877 865/933/1878 864/932/1879
s 1
f 865/983/1880 871/942/1881 869/978/1882 867/934/1883
s off
f 870/943/1884 864/932/1885 866/935/1886 868/940/1887
f 876/944/1888 877/979/1889 878/946/1890 879/947/1891
s 1
f 867/934/1883 869/978/1882 874/974/1892 873/949/1893
s off
f 881/950/1894 880/951/1895 882/952/1896 883/977/1897
f 893/954/1898 892/955/1899 894/956/1900 895/957/1901
f 866/935/1902 867/981/1903 877/979/1904 876/944/1905
f 867/934/1906 873/949/1907 878/980/1908 877/945/1909
f 873/975/1910 872/958/1911 879/947/1912 878/946/1913
f 894/956/1914 892/955/1915 896/959/1916 897/960/1917
f 869/941/1918 868/940/1919 880/951/1920 881/950/1921
f 893/954/1922 895/957/1923 898/961/1924 899/962/1925
f 875/963/1926 874/948/1927 883/977/1928 882/952/1929
f 874/974/1930 869/978/1931 881/976/1932 883/953/1933
f 868/940/1934 866/935/1935 884/964/1936 885/965/1937
f 872/958/1938 875/963/1939 887/966/1940 886/967/1941
f 866/935/1942 876/944/1943 888/968/1944 884/964/1945
f 876/944/1946 879/947/1947 889/969/1948 888/968/1949
f 879/947/1950 872/958/1951 886/967/1952 889/969/1953
f 875/963/1954 882/952/1955 890/970/1956 887/966/1957
f 882/952/1958 880/951/1959 891/971/1960 890/970/1961
f 880/951/1962 868/940/1963 885/965/1964 891/971/1965
s 2
f 885/965/1966 884/964/1967 892/955/1968 893/954/1969
s 3
f 886/967/1970 887/966/1971 895/957/1972 894/956/1973
s 2
f 884/964/1967 888/968/1974 896/959/1975 892/955/1968
s off
f 888/968/1976 889/969/1977 897/960/1978 896/959/1979
s 3
f 889/969/1980 886/967/1970 894/956/1973 897/960/1981
f 887/966/1971 890/970/1982 898/961/1983 895/957/1972
s off
f 890/970/1984 891/971/1985 899/962/1986 898/961/1987
s 2
f 891/971/1988 885/965/1966 893/954/1969 899/962/1989
s off
f 872/958/1990 873/975/1991 901/972/1992 900/936/1993
s 1
f 873/949/1893 874/974/1892 902/973/1994 901/937/1995
s off
f 874/948/1996 875/963/1997 903/939/1998 902/938/1999
f 875/963/2000 872/958/2001 900/936/2002 903/939/2003
