# This file uses meters as units for non-parametric coordinates.

mtllib bigcoinpile.mtl
g default
v -3594.899655 70.416428 -205.307852
v -3599.921587 70.416428 -207.929677
v -3605.564576 70.416428 -208.430117
v -3610.969528 70.416428 -206.732985
v -3615.313589 70.416428 -203.096655
v -3617.935414 70.416428 -198.074723
v -3618.435854 70.416428 -192.431733
v -3616.738721 70.416428 -187.026781
v -3613.102389 70.416428 -182.682721
v -3608.080456 70.416428 -180.060897
v -3602.437466 70.416428 -179.560458
v -3597.032514 70.416428 -181.257592
v -3592.688456 70.416428 -184.893925
v -3590.066632 70.416428 -189.915858
v -3589.566195 70.416428 -195.558848
v -3591.263329 70.416428 -200.963799
v -3594.899655 73.506878 -205.307852
v -3599.921587 73.506878 -207.929677
v -3605.564576 73.506878 -208.430117
v -3610.969528 73.506878 -206.732985
v -3615.313589 73.506878 -203.096655
v -3617.935414 73.506878 -198.074723
v -3618.435854 73.506878 -192.431733
v -3616.738721 73.506878 -187.026781
v -3613.102389 73.506878 -182.682721
v -3608.080456 73.506878 -180.060897
v -3602.437466 73.506878 -179.560458
v -3597.032514 73.506878 -181.257592
v -3592.688456 73.506878 -184.893925
v -3590.066632 73.506878 -189.915858
v -3589.566195 73.506878 -195.558848
v -3591.263329 73.506878 -200.963799
v -3604.001024 70.416428 -193.995288
v -3604.001024 73.506878 -193.995288
vt 0.901341 0.331391
vt 0.805642 0.178433
vt 0.662417 0.076230
vt 0.493471 0.040341
vt 0.324526 0.076230
vt 0.181301 0.178433
vt 0.085601 0.331390
vt 0.051995 0.511816
vt 0.085601 0.692242
vt 0.181301 0.845199
vt 0.324526 0.947402
vt 0.493471 0.983291
vt 0.662416 0.947402
vt 0.805642 0.845199
vt 0.901341 0.692242
vt 0.934947 0.511816
vt 0.160892 0.390895
vt 0.166870 0.390895
vt 0.172848 0.390895
vt 0.178827 0.390895
vt 0.184805 0.390895
vt 0.190784 0.390895
vt 0.196762 0.390895
vt 0.202741 0.390895
vt 0.208719 0.390895
vt 0.214697 0.390895
vt 0.220676 0.390895
vt 0.226654 0.390895
vt 0.232633 0.390895
vt 0.238611 0.390895
vt 0.244590 0.390895
vt 0.250568 0.390895
vt 0.256546 0.390895
vt 0.160892 0.597454
vt 0.166870 0.597454
vt 0.172848 0.597454
vt 0.178827 0.597454
vt 0.184805 0.597454
vt 0.190784 0.597454
vt 0.196762 0.597454
vt 0.202741 0.597454
vt 0.208719 0.597454
vt 0.214697 0.597454
vt 0.220676 0.597454
vt 0.226654 0.597454
vt 0.232633 0.597454
vt 0.238611 0.597454
vt 0.244590 0.597454
vt 0.250568 0.597454
vt 0.256546 0.597454
vt 0.901341 0.331391
vt 0.805642 0.178433
vt 0.662417 0.076230
vt 0.493471 0.040341
vt 0.324526 0.076230
vt 0.181301 0.178433
vt 0.085601 0.331390
vt 0.051995 0.511816
vt 0.085601 0.692242
vt 0.181301 0.845199
vt 0.324526 0.947402
vt 0.493471 0.983291
vt 0.662416 0.947402
vt 0.805642 0.845199
vt 0.901341 0.692242
vt 0.934947 0.511816
vt 0.493471 0.511816
vt 0.493471 0.511816
vn 0.626848 0.000000 -0.779142
vn 0.280967 0.000000 -0.959717
vn 0.280967 0.000000 -0.959717
vn 0.626848 0.000000 -0.779142
vn -0.107688 0.000000 -0.994185
vn -0.107688 0.000000 -0.994185
vn -0.479949 0.000000 -0.877297
vn -0.479949 0.000000 -0.877297
vn -0.779142 0.000000 -0.626848
vn -0.779142 0.000000 -0.626848
vn -0.959717 0.000000 -0.280967
vn -0.959717 0.000000 -0.280967
vn -0.994185 0.000000 0.107688
vn -0.994185 0.000000 0.107688
vn -0.877296 0.000000 0.479949
vn -0.877296 0.000000 0.479949
vn -0.626848 0.000000 0.779142
vn -0.626848 0.000000 0.779142
vn -0.280967 0.000000 0.959717
vn -0.280967 0.000000 0.959717
vn 0.107689 0.000000 0.994185
vn 0.107689 0.000000 0.994185
vn 0.479949 0.000000 0.877296
vn 0.479949 0.000000 0.877296
vn 0.779142 0.000000 0.626847
vn 0.779142 0.000000 0.626847
vn 0.959718 0.000000 0.280967
vn 0.959718 0.000000 0.280967
vn 0.994185 0.000000 -0.107689
vn 0.994185 0.000000 -0.107689
vn 0.877296 0.000000 -0.479949
vn 0.877296 0.000000 -0.479949
vn 0.000000 -1.000000 0.000000
vn 0.000000 -1.000000 0.000000
vn -0.000000 -1.000000 -0.000000
vn -0.000000 -1.000000 -0.000000
vn -0.000000 -1.000000 -0.000000
vn -0.000000 -1.000000 -0.000000
vn -0.000000 -1.000000 -0.000000
vn 0.000000 -1.000000 0.000000
vn 0.000000 -1.000000 0.000000
vn 0.000000 -1.000000 0.000000
vn 0.000000 -1.000000 0.000000
vn -0.000000 -1.000000 -0.000000
vn -0.000000 -1.000000 -0.000000
vn -0.000000 -1.000000 -0.000000
vn -0.000000 -1.000000 -0.000000
vn 0.000000 -1.000000 0.000000
vn 0.000000 -1.000000 0.000000
vn 0.000000 1.000000 0.000000
vn 0.000000 1.000000 0.000000
vn 0.000000 1.000000 0.000000
vn 0.000000 1.000000 0.000000
vn 0.000000 1.000000 0.000000
vn -0.000000 1.000000 -0.000000
vn 0.000000 1.000000 0.000000
vn 0.000000 1.000000 0.000000
vn 0.000000 1.000000 0.000000
vn 0.000000 1.000000 0.000000
vn 0.000000 1.000000 0.000000
vn 0.000000 1.000000 0.000000
vn 0.000000 1.000000 0.000000
vn -0.000000 1.000000 -0.000000
vn 0.000000 1.000000 0.000000
vn 0.000000 1.000000 0.000000
vn 0.000000 1.000000 0.000000
s 1
g pCylinder79
usemtl lambert7SG
f 1/17/1 2/18/2 18/35/3 17/34/4
f 2/18/2 3/19/5 19/36/6 18/35/3
f 3/19/5 4/20/7 20/37/8 19/36/6
f 4/20/7 5/21/9 21/38/10 20/37/8
f 5/21/9 6/22/11 22/39/12 21/38/10
f 6/22/11 7/23/13 23/40/14 22/39/12
f 7/23/13 8/24/15 24/41/16 23/40/14
f 8/24/15 9/25/17 25/42/18 24/41/16
f 9/25/17 10/26/19 26/43/20 25/42/18
f 10/26/19 11/27/21 27/44/22 26/43/20
f 11/27/21 12/28/23 28/45/24 27/44/22
f 12/28/23 13/29/25 29/46/26 28/45/24
f 13/29/25 14/30/27 30/47/28 29/46/26
f 14/30/27 15/31/29 31/48/30 30/47/28
f 15/31/29 16/32/31 32/49/32 31/48/30
f 16/32/31 1/33/1 17/50/4 32/49/32
s 2
f 2/2/33 1/1/34 33/67/35
f 3/3/36 2/2/33 33/67/35
f 4/4/37 3/3/36 33/67/35
f 5/5/38 4/4/37 33/67/35
f 6/6/39 5/5/38 33/67/35
f 7/7/40 6/6/39 33/67/35
f 8/8/41 7/7/40 33/67/35
f 9/9/42 8/8/41 33/67/35
f 10/10/43 9/9/42 33/67/35
f 11/11/44 10/10/43 33/67/35
f 12/12/45 11/11/44 33/67/35
f 13/13/46 12/12/45 33/67/35
f 14/14/47 13/13/46 33/67/35
f 15/15/48 14/14/47 33/67/35
f 16/16/49 15/15/48 33/67/35
f 1/1/34 16/16/49 33/67/35
s 3
f 17/65/50 18/64/51 34/68/52
f 18/64/51 19/63/53 34/68/52
f 19/63/53 20/62/54 34/68/52
f 20/62/54 21/61/55 34/68/52
f 21/61/55 22/60/56 34/68/52
f 22/60/56 23/59/57 34/68/52
f 23/59/57 24/58/58 34/68/52
f 24/58/58 25/57/59 34/68/52
f 25/57/59 26/56/60 34/68/52
f 26/56/60 27/55/61 34/68/52
f 27/55/61 28/54/62 34/68/52
f 28/54/62 29/53/63 34/68/52
f 29/53/63 30/52/64 34/68/52
f 30/52/64 31/51/65 34/68/52
f 31/51/65 32/66/66 34/68/52
f 32/66/66 17/65/50 34/68/52
g default
v -3640.557556 76.782142 -160.893205
v -3640.811367 76.782142 -155.233758
v -3638.880082 76.782142 -149.907981
v -3635.057720 76.782142 -145.726675
v -3629.926203 76.782142 -143.326406
v -3624.266755 76.782142 -143.072594
v -3618.940978 76.782142 -145.003880
v -3614.759672 76.782142 -148.826243
v -3612.359405 76.782142 -153.957762
v -3612.105594 76.782142 -159.617210
v -3614.036881 76.782142 -164.942987
v -3617.859244 76.782142 -169.124291
v -3622.990763 76.782142 -171.524557
v -3628.650211 76.782142 -171.778367
v -3633.975987 76.782142 -169.847079
v -3638.157292 76.782142 -166.024716
v -3640.557556 79.872592 -160.893205
v -3640.811367 79.872592 -155.233758
v -3638.880082 79.872592 -149.907981
v -3635.057720 79.872592 -145.726675
v -3629.926203 79.872592 -143.326406
v -3624.266755 79.872592 -143.072594
v -3618.940978 79.872592 -145.003880
v -3614.759672 79.872592 -148.826243
v -3612.359405 79.872592 -153.957762
v -3612.105594 79.872592 -159.617210
v -3614.036881 79.872592 -164.942987
v -3617.859244 79.872592 -169.124291
v -3622.990763 79.872592 -171.524557
v -3628.650211 79.872592 -171.778367
v -3633.975987 79.872592 -169.847079
v -3638.157292 79.872592 -166.024716
v -3626.458481 76.782142 -157.425481
v -3626.458481 79.872592 -157.425481
vt 0.901341 0.331391
vt 0.805642 0.178433
vt 0.662417 0.076230
vt 0.493471 0.040341
vt 0.324526 0.076230
vt 0.181301 0.178433
vt 0.085601 0.331390
vt 0.051995 0.511816
vt 0.085601 0.692242
vt 0.181301 0.845199
vt 0.324526 0.947402
vt 0.493471 0.983291
vt 0.662416 0.947402
vt 0.805642 0.845199
vt 0.901341 0.692242
vt 0.934947 0.511816
vt 0.160892 0.390895
vt 0.166870 0.390895
vt 0.172848 0.390895
vt 0.178827 0.390895
vt 0.184805 0.390895
vt 0.190784 0.390895
vt 0.196762 0.390895
vt 0.202741 0.390895
vt 0.208719 0.390895
vt 0.214697 0.390895
vt 0.220676 0.390895
vt 0.226654 0.390895
vt 0.232633 0.390895
vt 0.238611 0.390895
vt 0.244590 0.390895
vt 0.250568 0.390895
vt 0.256546 0.390895
vt 0.160892 0.597454
vt 0.166870 0.597454
vt 0.172848 0.597454
vt 0.178827 0.597454
vt 0.184805 0.597454
vt 0.190784 0.597454
vt 0.196762 0.597454
vt 0.202741 0.597454
vt 0.208719 0.597454
vt 0.214697 0.597454
vt 0.220676 0.597454
vt 0.226654 0.597454
vt 0.232633 0.597454
vt 0.238611 0.597454
vt 0.244590 0.597454
vt 0.250568 0.597454
vt 0.256546 0.597454
vt 0.901341 0.331391
vt 0.805642 0.178433
vt 0.662417 0.076230
vt 0.493471 0.040341
vt 0.324526 0.076230
vt 0.181301 0.178433
vt 0.085601 0.331390
vt 0.051995 0.511816
vt 0.085601 0.692242
vt 0.181301 0.845199
vt 0.324526 0.947402
vt 0.493471 0.983291
vt 0.662416 0.947402
vt 0.805642 0.845199
vt 0.901341 0.692242
vt 0.934947 0.511816
vt 0.493471 0.511816
vt 0.493471 0.511816
vn -0.971060 0.000000 -0.238836
vn -0.988541 0.000000 0.150953
vn -0.988541 0.000000 0.150953
vn -0.971060 0.000000 -0.238836
vn -0.855525 0.000000 0.517761
vn -0.855525 0.000000 0.517761
vn -0.592264 0.000000 0.805744
vn -0.592264 0.000000 0.805744
vn -0.238836 0.000000 0.971060
vn -0.238836 0.000000 0.971060
vn 0.150953 0.000000 0.988541
vn 0.150953 0.000000 0.988541
vn 0.517761 0.000000 0.855525
vn 0.517761 0.000000 0.855525
vn 0.805744 0.000000 0.592264
vn 0.805744 0.000000 0.592264
vn 0.971060 0.000000 0.238836
vn 0.971060 0.000000 0.238836
vn 0.988541 0.000000 -0.150953
vn 0.988541 0.000000 -0.150953
vn 0.855525 0.000000 -0.517761
vn 0.855525 0.000000 -0.517761
vn 0.592264 0.000000 -0.805744
vn 0.592264 0.000000 -0.805744
vn 0.238836 0.000000 -0.971060
vn 0.238836 0.000000 -0.971060
vn -0.150953 0.000000 -0.988541
vn -0.150953 0.000000 -0.988541
vn -0.517761 0.000000 -0.855525
vn -0.517761 0.000000 -0.855525
vn -0.805744 0.000000 -0.592264
vn -0.805744 0.000000 -0.592264
vn 0.000000 -1.000000 0.000000
vn 0.000000 -1.000000 0.000000
vn -0.000000 -1.000000 0.000000
vn -0.000000 -1.000000 0.000000
vn -0.000000 -1.000000 0.000000
vn -0.000000 -1.000000 0.000000
vn -0.000000 -1.000000 0.000000
vn 0.000000 -1.000000 0.000000
vn 0.000000 -1.000000 0.000000
vn 0.000000 -1.000000 0.000000
vn 0.000000 -1.000000 0.000000
vn -0.000000 -1.000000 0.000000
vn -0.000000 -1.000000 0.000000
vn -0.000000 -1.000000 0.000000
vn -0.000000 -1.000000 0.000000
vn 0.000000 -1.000000 0.000000
vn 0.000000 -1.000000 0.000000
vn 0.000000 1.000000 -0.000000
vn 0.000000 1.000000 -0.000000
vn 0.000000 1.000000 -0.000000
vn 0.000000 1.000000 -0.000000
vn 0.000000 1.000000 -0.000000
vn -0.000000 1.000000 0.000000
vn 0.000000 1.000000 -0.000000
vn 0.000000 1.000000 -0.000000
vn 0.000000 1.000000 -0.000000
vn 0.000000 1.000000 -0.000000
vn 0.000000 1.000000 -0.000000
vn 0.000000 1.000000 -0.000000
vn 0.000000 1.000000 -0.000000
vn -0.000000 1.000000 0.000000
vn 0.000000 1.000000 -0.000000
vn 0.000000 1.000000 -0.000000
vn 0.000000 1.000000 -0.000000
s 1
g pCylinder71 group5
usemtl lambert7SG
f 35/85/67 36/86/68 52/103/69 51/102/70
f 36/86/68 37/87/71 53/104/72 52/103/69
f 37/87/71 38/88/73 54/105/74 53/104/72
f 38/88/73 39/89/75 55/106/76 54/105/74
f 39/89/75 40/90/77 56/107/78 55/106/76
f 40/90/77 41/91/79 57/108/80 56/107/78
f 41/91/79 42/92/81 58/109/82 57/108/80
f 42/92/81 43/93/83 59/110/84 58/109/82
f 43/93/83 44/94/85 60/111/86 59/110/84
f 44/94/85 45/95/87 61/112/88 60/111/86
f 45/95/87 46/96/89 62/113/90 61/112/88
f 46/96/89 47/97/91 63/114/92 62/113/90
f 47/97/91 48/98/93 64/115/94 63/114/92
f 48/98/93 49/99/95 65/116/96 64/115/94
f 49/99/95 50/100/97 66/117/98 65/116/96
f 50/100/97 35/101/67 51/118/70 66/117/98
s 2
f 36/70/99 35/69/100 67/135/101
f 37/71/102 36/70/99 67/135/101
f 38/72/103 37/71/102 67/135/101
f 39/73/104 38/72/103 67/135/101
f 40/74/105 39/73/104 67/135/101
f 41/75/106 40/74/105 67/135/101
f 42/76/107 41/75/106 67/135/101
f 43/77/108 42/76/107 67/135/101
f 44/78/109 43/77/108 67/135/101
f 45/79/110 44/78/109 67/135/101
f 46/80/111 45/79/110 67/135/101
f 47/81/112 46/80/111 67/135/101
f 48/82/113 47/81/112 67/135/101
f 49/83/114 48/82/113 67/135/101
f 50/84/115 49/83/114 67/135/101
f 35/69/100 50/84/115 67/135/101
s 3
f 51/133/116 52/132/117 68/136/118
f 52/132/117 53/131/119 68/136/118
f 53/131/119 54/130/120 68/136/118
f 54/130/120 55/129/121 68/136/118
f 55/129/121 56/128/122 68/136/118
f 56/128/122 57/127/123 68/136/118
f 57/127/123 58/126/124 68/136/118
f 58/126/124 59/125/125 68/136/118
f 59/125/125 60/124/126 68/136/118
f 60/124/126 61/123/127 68/136/118
f 61/123/127 62/122/128 68/136/118
f 62/122/128 63/121/129 68/136/118
f 63/121/129 64/120/130 68/136/118
f 64/120/130 65/119/131 68/136/118
f 65/119/131 66/134/132 68/136/118
f 66/134/132 51/133/116 68/136/118
g default
v -3594.899655 70.416428 -161.845353
v -3599.921587 70.416428 -164.467177
v -3605.564576 70.416428 -164.967618
v -3610.969528 70.416428 -163.270486
v -3615.313589 70.416428 -159.634155
v -3617.935414 70.416428 -154.612223
v -3618.435854 70.416428 -148.969234
v -3616.738721 70.416428 -143.564282
v -3613.102389 70.416428 -139.220222
v -3608.080456 70.416428 -136.598397
v -3602.437466 70.416428 -136.097959
v -3597.032514 70.416428 -137.795093
v -3592.688456 70.416428 -141.431426
v -3590.066632 70.416428 -146.453358
v -3589.566195 70.416428 -152.096348
v -3591.263329 70.416428 -157.501300
v -3594.899655 73.506878 -161.845353
v -3599.921587 73.506878 -164.467177
v -3605.564576 73.506878 -164.967618
v -3610.969528 73.506878 -163.270486
v -3615.313589 73.506878 -159.634155
v -3617.935414 73.506878 -154.612223
v -3618.435854 73.506878 -148.969234
v -3616.738721 73.506878 -143.564282
v -3613.102389 73.506878 -139.220222
v -3608.080456 73.506878 -136.598397
v -3602.437466 73.506878 -136.097959
v -3597.032514 73.506878 -137.795093
v -3592.688456 73.506878 -141.431426
v -3590.066632 73.506878 -146.453358
v -3589.566195 73.506878 -152.096348
v -3591.263329 73.506878 -157.501300
v -3604.001024 70.416428 -150.532789
v -3604.001024 73.506878 -150.532789
vt 0.901341 0.331391
vt 0.805642 0.178433
vt 0.662417 0.076230
vt 0.493471 0.040341
vt 0.324526 0.076230
vt 0.181301 0.178433
vt 0.085601 0.331390
vt 0.051995 0.511816
vt 0.085601 0.692242
vt 0.181301 0.845199
vt 0.324526 0.947402
vt 0.493471 0.983291
vt 0.662416 0.947402
vt 0.805642 0.845199
vt 0.901341 0.692242
vt 0.934947 0.511816
vt 0.160892 0.390895
vt 0.166870 0.390895
vt 0.172848 0.390895
vt 0.178827 0.390895
vt 0.184805 0.390895
vt 0.190784 0.390895
vt 0.196762 0.390895
vt 0.202741 0.390895
vt 0.208719 0.390895
vt 0.214697 0.390895
vt 0.220676 0.390895
vt 0.226654 0.390895
vt 0.232633 0.390895
vt 0.238611 0.390895
vt 0.244590 0.390895
vt 0.250568 0.390895
vt 0.256546 0.390895
vt 0.160892 0.597454
vt 0.166870 0.597454
vt 0.172848 0.597454
vt 0.178827 0.597454
vt 0.184805 0.597454
vt 0.190784 0.597454
vt 0.196762 0.597454
vt 0.202741 0.597454
vt 0.208719 0.597454
vt 0.214697 0.597454
vt 0.220676 0.597454
vt 0.226654 0.597454
vt 0.232633 0.597454
vt 0.238611 0.597454
vt 0.244590 0.597454
vt 0.250568 0.597454
vt 0.256546 0.597454
vt 0.901341 0.331391
vt 0.805642 0.178433
vt 0.662417 0.076230
vt 0.493471 0.040341
vt 0.324526 0.076230
vt 0.181301 0.178433
vt 0.085601 0.331390
vt 0.051995 0.511816
vt 0.085601 0.692242
vt 0.181301 0.845199
vt 0.324526 0.947402
vt 0.493471 0.983291
vt 0.662416 0.947402
vt 0.805642 0.845199
vt 0.901341 0.692242
vt 0.934947 0.511816
vt 0.493471 0.511816
vt 0.493471 0.511816
vn 0.626848 0.000000 -0.779142
vn 0.280967 0.000000 -0.959717
vn 0.280967 0.000000 -0.959717
vn 0.626848 0.000000 -0.779142
vn -0.107688 0.000000 -0.994185
vn -0.107688 0.000000 -0.994185
vn -0.479949 0.000000 -0.877297
vn -0.479949 0.000000 -0.877297
vn -0.779142 0.000000 -0.626848
vn -0.779142 0.000000 -0.626848
vn -0.959717 0.000000 -0.280967
vn -0.959717 0.000000 -0.280967
vn -0.994185 0.000000 0.107688
vn -0.994185 0.000000 0.107688
vn -0.877296 0.000000 0.479949
vn -0.877296 0.000000 0.479949
vn -0.626848 0.000000 0.779142
vn -0.626848 0.000000 0.779142
vn -0.280967 0.000000 0.959717
vn -0.280967 0.000000 0.959717
vn 0.107689 0.000000 0.994185
vn 0.107689 0.000000 0.994185
vn 0.479949 0.000000 0.877296
vn 0.479949 0.000000 0.877296
vn 0.779142 0.000000 0.626847
vn 0.779142 0.000000 0.626847
vn 0.959718 0.000000 0.280967
vn 0.959718 0.000000 0.280967
vn 0.994185 0.000000 -0.107689
vn 0.994185 0.000000 -0.107689
vn 0.877296 0.000000 -0.479949
vn 0.877296 0.000000 -0.479949
vn 0.000000 -1.000000 0.000000
vn 0.000000 -1.000000 0.000000
vn -0.000000 -1.000000 -0.000000
vn -0.000000 -1.000000 -0.000000
vn -0.000000 -1.000000 -0.000000
vn -0.000000 -1.000000 -0.000000
vn -0.000000 -1.000000 -0.000000
vn 0.000000 -1.000000 0.000000
vn 0.000000 -1.000000 0.000000
vn 0.000000 -1.000000 0.000000
vn 0.000000 -1.000000 0.000000
vn -0.000000 -1.000000 -0.000000
vn -0.000000 -1.000000 -0.000000
vn -0.000000 -1.000000 -0.000000
vn -0.000000 -1.000000 -0.000000
vn 0.000000 -1.000000 0.000000
vn 0.000000 -1.000000 0.000000
vn 0.000000 1.000000 0.000000
vn 0.000000 1.000000 0.000000
vn 0.000000 1.000000 0.000000
vn 0.000000 1.000000 0.000000
vn 0.000000 1.000000 0.000000
vn -0.000000 1.000000 -0.000000
vn 0.000000 1.000000 0.000000
vn 0.000000 1.000000 0.000000
vn 0.000000 1.000000 0.000000
vn 0.000000 1.000000 0.000000
vn 0.000000 1.000000 0.000000
vn 0.000000 1.000000 0.000000
vn 0.000000 1.000000 0.000000
vn -0.000000 1.000000 -0.000000
vn 0.000000 1.000000 0.000000
vn 0.000000 1.000000 0.000000
vn 0.000000 1.000000 0.000000
s 1
g pCylinder78
usemtl lambert7SG
f 69/153/133 70/154/134 86/171/135 85/170/136
f 70/154/134 71/155/137 87/172/138 86/171/135
f 71/155/137 72/156/139 88/173/140 87/172/138
f 72/156/139 73/157/141 89/174/142 88/173/140
f 73/157/141 74/158/143 90/175/144 89/174/142
f 74/158/143 75/159/145 91/176/146 90/175/144
f 75/159/145 76/160/147 92/177/148 91/176/146
f 76/160/147 77/161/149 93/178/150 92/177/148
f 77/161/149 78/162/151 94/179/152 93/178/150
f 78/162/151 79/163/153 95/180/154 94/179/152
f 79/163/153 80/164/155 96/181/156 95/180/154
f 80/164/155 81/165/157 97/182/158 96/181/156
f 81/165/157 82/166/159 98/183/160 97/182/158
f 82/166/159 83/167/161 99/184/162 98/183/160
f 83/167/161 84/168/163 100/185/164 99/184/162
f 84/168/163 69/169/133 85/186/136 100/185/164
s 2
f 70/138/165 69/137/166 101/203/167
f 71/139/168 70/138/165 101/203/167
f 72/140/169 71/139/168 101/203/167
f 73/141/170 72/140/169 101/203/167
f 74/142/171 73/141/170 101/203/167
f 75/143/172 74/142/171 101/203/167
f 76/144/173 75/143/172 101/203/167
f 77/145/174 76/144/173 101/203/167
f 78/146/175 77/145/174 101/203/167
f 79/147/176 78/146/175 101/203/167
f 80/148/177 79/147/176 101/203/167
f 81/149/178 80/148/177 101/203/167
f 82/150/179 81/149/178 101/203/167
f 83/151/180 82/150/179 101/203/167
f 84/152/181 83/151/180 101/203/167
f 69/137/166 84/152/181 101/203/167
s 3
f 85/201/182 86/200/183 102/204/184
f 86/200/183 87/199/185 102/204/184
f 87/199/185 88/198/186 102/204/184
f 88/198/186 89/197/187 102/204/184
f 89/197/187 90/196/188 102/204/184
f 90/196/188 91/195/189 102/204/184
f 91/195/189 92/194/190 102/204/184
f 92/194/190 93/193/191 102/204/184
f 93/193/191 94/192/192 102/204/184
f 94/192/192 95/191/193 102/204/184
f 95/191/193 96/190/194 102/204/184
f 96/190/194 97/189/195 102/204/184
f 97/189/195 98/188/196 102/204/184
f 98/188/196 99/187/197 102/204/184
f 99/187/197 100/202/198 102/204/184
f 100/202/198 85/201/182 102/204/184
g default
v -3599.023691 73.716097 -150.880738
v -3599.277502 73.716097 -145.221291
v -3597.346217 73.716097 -139.895514
v -3593.523856 73.716097 -135.714208
v -3588.392338 73.716097 -133.313939
v -3582.732891 73.716097 -133.060128
v -3577.407113 73.716097 -134.991413
v -3573.225808 73.716097 -138.813776
v -3570.825541 73.716097 -143.945295
v -3570.571730 73.716097 -149.604743
v -3572.503017 73.716097 -154.930520
v -3576.325380 73.716097 -159.111824
v -3581.456899 73.716097 -161.512090
v -3587.116346 73.716097 -161.765900
v -3592.442123 73.716097 -159.834612
v -3596.623427 73.716097 -156.012249
v -3599.023691 76.806548 -150.880738
v -3599.277502 76.806548 -145.221291
v -3597.346217 76.806548 -139.895514
v -3593.523856 76.806548 -135.714208
v -3588.392338 76.806548 -133.313939
v -3582.732891 76.806548 -133.060128
v -3577.407113 76.806548 -134.991413
v -3573.225808 76.806548 -138.813776
v -3570.825541 76.806548 -143.945295
v -3570.571730 76.806548 -149.604743
v -3572.503017 76.806548 -154.930520
v -3576.325380 76.806548 -159.111824
v -3581.456899 76.806548 -161.512090
v -3587.116346 76.806548 -161.765900
v -3592.442123 76.806548 -159.834612
v -3596.623427 76.806548 -156.012249
v -3584.924616 73.716097 -147.413014
v -3584.924616 76.806548 -147.413014
vt 0.901341 0.331391
vt 0.805642 0.178433
vt 0.662417 0.076230
vt 0.493471 0.040341
vt 0.324526 0.076230
vt 0.181301 0.178433
vt 0.085601 0.331390
vt 0.051995 0.511816
vt 0.085601 0.692242
vt 0.181301 0.845199
vt 0.324526 0.947402
vt 0.493471 0.983291
vt 0.662416 0.947402
vt 0.805642 0.845199
vt 0.901341 0.692242
vt 0.934947 0.511816
vt 0.160892 0.390895
vt 0.166870 0.390895
vt 0.172848 0.390895
vt 0.178827 0.390895
vt 0.184805 0.390895
vt 0.190784 0.390895
vt 0.196762 0.390895
vt 0.202741 0.390895
vt 0.208719 0.390895
vt 0.214697 0.390895
vt 0.220676 0.390895
vt 0.226654 0.390895
vt 0.232633 0.390895
vt 0.238611 0.390895
vt 0.244590 0.390895
vt 0.250568 0.390895
vt 0.256546 0.390895
vt 0.160892 0.597454
vt 0.166870 0.597454
vt 0.172848 0.597454
vt 0.178827 0.597454
vt 0.184805 0.597454
vt 0.190784 0.597454
vt 0.196762 0.597454
vt 0.202741 0.597454
vt 0.208719 0.597454
vt 0.214697 0.597454
vt 0.220676 0.597454
vt 0.226654 0.597454
vt 0.232633 0.597454
vt 0.238611 0.597454
vt 0.244590 0.597454
vt 0.250568 0.597454
vt 0.256546 0.597454
vt 0.901341 0.331391
vt 0.805642 0.178433
vt 0.662417 0.076230
vt 0.493471 0.040341
vt 0.324526 0.076230
vt 0.181301 0.178433
vt 0.085601 0.331390
vt 0.051995 0.511816
vt 0.085601 0.692242
vt 0.181301 0.845199
vt 0.324526 0.947402
vt 0.493471 0.983291
vt 0.662416 0.947402
vt 0.805642 0.845199
vt 0.901341 0.692242
vt 0.934947 0.511816
vt 0.493471 0.511816
vt 0.493471 0.511816
vn -0.971060 0.000000 -0.238836
vn -0.988541 0.000000 0.150953
vn -0.988541 0.000000 0.150953
vn -0.971060 0.000000 -0.238836
vn -0.855525 0.000000 0.517761
vn -0.855525 0.000000 0.517761
vn -0.592264 0.000000 0.805744
vn -0.592264 0.000000 0.805744
vn -0.238836 0.000000 0.971060
vn -0.238836 0.000000 0.971060
vn 0.150953 0.000000 0.988541
vn 0.150953 0.000000 0.988541
vn 0.517761 0.000000 0.855525
vn 0.517761 0.000000 0.855525
vn 0.805744 0.000000 0.592264
vn 0.805744 0.000000 0.592264
vn 0.971060 0.000000 0.238836
vn 0.971060 0.000000 0.238836
vn 0.988541 0.000000 -0.150953
vn 0.988541 0.000000 -0.150953
vn 0.855525 0.000000 -0.517761
vn 0.855525 0.000000 -0.517761
vn 0.592264 0.000000 -0.805744
vn 0.592264 0.000000 -0.805744
vn 0.238836 0.000000 -0.971060
vn 0.238836 0.000000 -0.971060
vn -0.150953 0.000000 -0.988541
vn -0.150953 0.000000 -0.988541
vn -0.517761 0.000000 -0.855525
vn -0.517761 0.000000 -0.855525
vn -0.805744 0.000000 -0.592264
vn -0.805744 0.000000 -0.592264
vn 0.000000 -1.000000 0.000000
vn 0.000000 -1.000000 0.000000
vn -0.000000 -1.000000 0.000000
vn -0.000000 -1.000000 0.000000
vn -0.000000 -1.000000 0.000000
vn -0.000000 -1.000000 0.000000
vn -0.000000 -1.000000 0.000000
vn 0.000000 -1.000000 0.000000
vn 0.000000 -1.000000 0.000000
vn 0.000000 -1.000000 0.000000
vn 0.000000 -1.000000 0.000000
vn -0.000000 -1.000000 0.000000
vn -0.000000 -1.000000 0.000000
vn -0.000000 -1.000000 0.000000
vn -0.000000 -1.000000 0.000000
vn 0.000000 -1.000000 0.000000
vn 0.000000 -1.000000 0.000000
vn 0.000000 1.000000 -0.000000
vn 0.000000 1.000000 -0.000000
vn 0.000000 1.000000 -0.000000
vn 0.000000 1.000000 -0.000000
vn 0.000000 1.000000 -0.000000
vn -0.000000 1.000000 0.000000
vn 0.000000 1.000000 -0.000000
vn 0.000000 1.000000 -0.000000
vn 0.000000 1.000000 -0.000000
vn 0.000000 1.000000 -0.000000
vn 0.000000 1.000000 -0.000000
vn 0.000000 1.000000 -0.000000
vn 0.000000 1.000000 -0.000000
vn -0.000000 1.000000 0.000000
vn 0.000000 1.000000 -0.000000
vn 0.000000 1.000000 -0.000000
vn 0.000000 1.000000 -0.000000
s 1
g group5 pCylinder66
usemtl lambert7SG
f 103/221/199 104/222/200 120/239/201 119/238/202
f 104/222/200 105/223/203 121/240/204 120/239/201
f 105/223/203 106/224/205 122/241/206 121/240/204
f 106/224/205 107/225/207 123/242/208 122/241/206
f 107/225/207 108/226/209 124/243/210 123/242/208
f 108/226/209 109/227/211 125/244/212 124/243/210
f 109/227/211 110/228/213 126/245/214 125/244/212
f 110/228/213 111/229/215 127/246/216 126/245/214
f 111/229/215 112/230/217 128/247/218 127/246/216
f 112/230/217 113/231/219 129/248/220 128/247/218
f 113/231/219 114/232/221 130/249/222 129/248/220
f 114/232/221 115/233/223 131/250/224 130/249/222
f 115/233/223 116/234/225 132/251/226 131/250/224
f 116/234/225 117/235/227 133/252/228 132/251/226
f 117/235/227 118/236/229 134/253/230 133/252/228
f 118/236/229 103/237/199 119/254/202 134/253/230
s 2
f 104/206/231 103/205/232 135/271/233
f 105/207/234 104/206/231 135/271/233
f 106/208/235 105/207/234 135/271/233
f 107/209/236 106/208/235 135/271/233
f 108/210/237 107/209/236 135/271/233
f 109/211/238 108/210/237 135/271/233
f 110/212/239 109/211/238 135/271/233
f 111/213/240 110/212/239 135/271/233
f 112/214/241 111/213/240 135/271/233
f 113/215/242 112/214/241 135/271/233
f 114/216/243 113/215/242 135/271/233
f 115/217/244 114/216/243 135/271/233
f 116/218/245 115/217/244 135/271/233
f 117/219/246 116/218/245 135/271/233
f 118/220/247 117/219/246 135/271/233
f 103/205/232 118/220/247 135/271/233
s 3
f 119/269/248 120/268/249 136/272/250
f 120/268/249 121/267/251 136/272/250
f 121/267/251 122/266/252 136/272/250
f 122/266/252 123/265/253 136/272/250
f 123/265/253 124/264/254 136/272/250
f 124/264/254 125/263/255 136/272/250
f 125/263/255 126/262/256 136/272/250
f 126/262/256 127/261/257 136/272/250
f 127/261/257 128/260/258 136/272/250
f 128/260/258 129/259/259 136/272/250
f 129/259/259 130/258/260 136/272/250
f 130/258/260 131/257/261 136/272/250
f 131/257/261 132/256/262 136/272/250
f 132/256/262 133/255/263 136/272/250
f 133/255/263 134/270/264 136/272/250
f 134/270/264 119/269/248 136/272/250
g default
v -3581.353831 73.716097 -174.288919
v -3581.607642 73.716097 -168.629472
v -3579.676357 73.716097 -163.303695
v -3575.853996 73.716097 -159.122389
v -3570.722478 73.716097 -156.722120
v -3565.063030 73.716097 -156.468308
v -3559.737253 73.716097 -158.399594
v -3555.555948 73.716097 -162.221956
v -3553.155680 73.716097 -167.353475
v -3552.901869 73.716097 -173.012923
v -3554.833156 73.716097 -178.338700
v -3558.655519 73.716097 -182.520005
v -3563.787039 73.716097 -184.920271
v -3569.446486 73.716097 -185.174081
v -3574.772263 73.716097 -183.242792
v -3578.953567 73.716097 -179.420429
v -3581.353831 76.806548 -174.288919
v -3581.607642 76.806548 -168.629472
v -3579.676357 76.806548 -163.303695
v -3575.853996 76.806548 -159.122389
v -3570.722478 76.806548 -156.722120
v -3565.063030 76.806548 -156.468308
v -3559.737253 76.806548 -158.399594
v -3555.555948 76.806548 -162.221956
v -3553.155680 76.806548 -167.353475
v -3552.901869 76.806548 -173.012923
v -3554.833156 76.806548 -178.338700
v -3558.655519 76.806548 -182.520005
v -3563.787039 76.806548 -184.920271
v -3569.446486 76.806548 -185.174081
v -3574.772263 76.806548 -183.242792
v -3578.953567 76.806548 -179.420429
v -3567.254756 73.716097 -170.821195
v -3567.254756 76.806548 -170.821195
vt 0.901341 0.331391
vt 0.805642 0.178433
vt 0.662417 0.076230
vt 0.493471 0.040341
vt 0.324526 0.076230
vt 0.181301 0.178433
vt 0.085601 0.331390
vt 0.051995 0.511816
vt 0.085601 0.692242
vt 0.181301 0.845199
vt 0.324526 0.947402
vt 0.493471 0.983291
vt 0.662416 0.947402
vt 0.805642 0.845199
vt 0.901341 0.692242
vt 0.934947 0.511816
vt 0.160892 0.390895
vt 0.166870 0.390895
vt 0.172848 0.390895
vt 0.178827 0.390895
vt 0.184805 0.390895
vt 0.190784 0.390895
vt 0.196762 0.390895
vt 0.202741 0.390895
vt 0.208719 0.390895
vt 0.214697 0.390895
vt 0.220676 0.390895
vt 0.226654 0.390895
vt 0.232633 0.390895
vt 0.238611 0.390895
vt 0.244590 0.390895
vt 0.250568 0.390895
vt 0.256546 0.390895
vt 0.160892 0.597454
vt 0.166870 0.597454
vt 0.172848 0.597454
vt 0.178827 0.597454
vt 0.184805 0.597454
vt 0.190784 0.597454
vt 0.196762 0.597454
vt 0.202741 0.597454
vt 0.208719 0.597454
vt 0.214697 0.597454
vt 0.220676 0.597454
vt 0.226654 0.597454
vt 0.232633 0.597454
vt 0.238611 0.597454
vt 0.244590 0.597454
vt 0.250568 0.597454
vt 0.256546 0.597454
vt 0.901341 0.331391
vt 0.805642 0.178433
vt 0.662417 0.076230
vt 0.493471 0.040341
vt 0.324526 0.076230
vt 0.181301 0.178433
vt 0.085601 0.331390
vt 0.051995 0.511816
vt 0.085601 0.692242
vt 0.181301 0.845199
vt 0.324526 0.947402
vt 0.493471 0.983291
vt 0.662416 0.947402
vt 0.805642 0.845199
vt 0.901341 0.692242
vt 0.934947 0.511816
vt 0.493471 0.511816
vt 0.493471 0.511816
vn -0.971060 0.000000 -0.238836
vn -0.988541 0.000000 0.150953
vn -0.988541 0.000000 0.150953
vn -0.971060 0.000000 -0.238836
vn -0.855525 0.000000 0.517761
vn -0.855525 0.000000 0.517761
vn -0.592264 0.000000 0.805744
vn -0.592264 0.000000 0.805744
vn -0.238836 0.000000 0.971060
vn -0.238836 0.000000 0.971060
vn 0.150953 0.000000 0.988541
vn 0.150953 0.000000 0.988541
vn 0.517761 0.000000 0.855525
vn 0.517761 0.000000 0.855525
vn 0.805744 0.000000 0.592264
vn 0.805744 0.000000 0.592264
vn 0.971060 0.000000 0.238836
vn 0.971060 0.000000 0.238836
vn 0.988541 0.000000 -0.150953
vn 0.988541 0.000000 -0.150953
vn 0.855525 0.000000 -0.517761
vn 0.855525 0.000000 -0.517761
vn 0.592264 0.000000 -0.805744
vn 0.592264 0.000000 -0.805744
vn 0.238836 0.000000 -0.971060
vn 0.238836 0.000000 -0.971060
vn -0.150953 0.000000 -0.988541
vn -0.150953 0.000000 -0.988541
vn -0.517761 0.000000 -0.855525
vn -0.517761 0.000000 -0.855525
vn -0.805744 0.000000 -0.592264
vn -0.805744 0.000000 -0.592264
vn 0.000000 -1.000000 0.000000
vn 0.000000 -1.000000 0.000000
vn -0.000000 -1.000000 0.000000
vn -0.000000 -1.000000 0.000000
vn -0.000000 -1.000000 0.000000
vn -0.000000 -1.000000 0.000000
vn -0.000000 -1.000000 0.000000
vn 0.000000 -1.000000 0.000000
vn 0.000000 -1.000000 0.000000
vn 0.000000 -1.000000 0.000000
vn 0.000000 -1.000000 0.000000
vn -0.000000 -1.000000 0.000000
vn -0.000000 -1.000000 0.000000
vn -0.000000 -1.000000 0.000000
vn -0.000000 -1.000000 0.000000
vn 0.000000 -1.000000 0.000000
vn 0.000000 -1.000000 0.000000
vn 0.000000 1.000000 -0.000000
vn 0.000000 1.000000 -0.000000
vn 0.000000 1.000000 -0.000000
vn 0.000000 1.000000 -0.000000
vn 0.000000 1.000000 -0.000000
vn -0.000000 1.000000 0.000000
vn 0.000000 1.000000 -0.000000
vn 0.000000 1.000000 -0.000000
vn 0.000000 1.000000 -0.000000
vn 0.000000 1.000000 -0.000000
vn 0.000000 1.000000 -0.000000
vn 0.000000 1.000000 -0.000000
vn 0.000000 1.000000 -0.000000
vn -0.000000 1.000000 0.000000
vn 0.000000 1.000000 -0.000000
vn 0.000000 1.000000 -0.000000
vn 0.000000 1.000000 -0.000000
s 1
g group5 pCylinder72
usemtl lambert7SG
f 137/289/265 138/290/266 154/307/267 153/306/268
f 138/290/266 139/291/269 155/308/270 154/307/267
f 139/291/269 140/292/271 156/309/272 155/308/270
f 140/292/271 141/293/273 157/310/274 156/309/272
f 141/293/273 142/294/275 158/311/276 157/310/274
f 142/294/275 143/295/277 159/312/278 158/311/276
f 143/295/277 144/296/279 160/313/280 159/312/278
f 144/296/279 145/297/281 161/314/282 160/313/280
f 145/297/281 146/298/283 162/315/284 161/314/282
f 146/298/283 147/299/285 163/316/286 162/315/284
f 147/299/285 148/300/287 164/317/288 163/316/286
f 148/300/287 149/301/289 165/318/290 164/317/288
f 149/301/289 150/302/291 166/319/292 165/318/290
f 150/302/291 151/303/293 167/320/294 166/319/292
f 151/303/293 152/304/295 168/321/296 167/320/294
f 152/304/295 137/305/265 153/322/268 168/321/296
s 2
f 138/274/297 137/273/298 169/339/299
f 139/275/300 138/274/297 169/339/299
f 140/276/301 139/275/300 169/339/299
f 141/277/302 140/276/301 169/339/299
f 142/278/303 141/277/302 169/339/299
f 143/279/304 142/278/303 169/339/299
f 144/280/305 143/279/304 169/339/299
f 145/281/306 144/280/305 169/339/299
f 146/282/307 145/281/306 169/339/299
f 147/283/308 146/282/307 169/339/299
f 148/284/309 147/283/308 169/339/299
f 149/285/310 148/284/309 169/339/299
f 150/286/311 149/285/310 169/339/299
f 151/287/312 150/286/311 169/339/299
f 152/288/313 151/287/312 169/339/299
f 137/273/298 152/288/313 169/339/299
s 3
f 153/337/314 154/336/315 170/340/316
f 154/336/315 155/335/317 170/340/316
f 155/335/317 156/334/318 170/340/316
f 156/334/318 157/333/319 170/340/316
f 157/333/319 158/332/320 170/340/316
f 158/332/320 159/331/321 170/340/316
f 159/331/321 160/330/322 170/340/316
f 160/330/322 161/329/323 170/340/316
f 161/329/323 162/328/324 170/340/316
f 162/328/324 163/327/325 170/340/316
f 163/327/325 164/326/326 170/340/316
f 164/326/326 165/325/327 170/340/316
f 165/325/327 166/324/328 170/340/316
f 166/324/328 167/323/329 170/340/316
f 167/323/329 168/338/330 170/340/316
f 168/338/330 153/337/314 170/340/316
g default
v -3602.748215 73.716097 -193.500861
v -3603.002026 73.716097 -187.841413
v -3601.070741 73.716097 -182.515636
v -3597.248379 73.716097 -178.334330
v -3592.116862 73.716097 -175.934061
v -3586.457414 73.716097 -175.680250
v -3581.131637 73.716097 -177.611535
v -3576.950331 73.716097 -181.433898
v -3574.550064 73.716097 -186.565417
v -3574.296253 73.716097 -192.224865
v -3576.227540 73.716097 -197.550642
v -3580.049903 73.716097 -201.731946
v -3585.181422 73.716097 -204.132212
v -3590.840870 73.716097 -204.386022
v -3596.166646 73.716097 -202.454734
v -3600.347951 73.716097 -198.632371
v -3602.748215 76.806548 -193.500861
v -3603.002026 76.806548 -187.841413
v -3601.070741 76.806548 -182.515636
v -3597.248379 76.806548 -178.334330
v -3592.116862 76.806548 -175.934061
v -3586.457414 76.806548 -175.680250
v -3581.131637 76.806548 -177.611535
v -3576.950331 76.806548 -181.433898
v -3574.550064 76.806548 -186.565417
v -3574.296253 76.806548 -192.224865
v -3576.227540 76.806548 -197.550642
v -3580.049903 76.806548 -201.731946
v -3585.181422 76.806548 -204.132212
v -3590.840870 76.806548 -204.386022
v -3596.166646 76.806548 -202.454734
v -3600.347951 76.806548 -198.632371
v -3588.649140 73.716097 -190.033136
v -3588.649140 76.806548 -190.033136
vt 0.901341 0.331391
vt 0.805642 0.178433
vt 0.662417 0.076230
vt 0.493471 0.040341
vt 0.324526 0.076230
vt 0.181301 0.178433
vt 0.085601 0.331390
vt 0.051995 0.511816
vt 0.085601 0.692242
vt 0.181301 0.845199
vt 0.324526 0.947402
vt 0.493471 0.983291
vt 0.662416 0.947402
vt 0.805642 0.845199
vt 0.901341 0.692242
vt 0.934947 0.511816
vt 0.160892 0.390895
vt 0.166870 0.390895
vt 0.172848 0.390895
vt 0.178827 0.390895
vt 0.184805 0.390895
vt 0.190784 0.390895
vt 0.196762 0.390895
vt 0.202741 0.390895
vt 0.208719 0.390895
vt 0.214697 0.390895
vt 0.220676 0.390895
vt 0.226654 0.390895
vt 0.232633 0.390895
vt 0.238611 0.390895
vt 0.244590 0.390895
vt 0.250568 0.390895
vt 0.256546 0.390895
vt 0.160892 0.597454
vt 0.166870 0.597454
vt 0.172848 0.597454
vt 0.178827 0.597454
vt 0.184805 0.597454
vt 0.190784 0.597454
vt 0.196762 0.597454
vt 0.202741 0.597454
vt 0.208719 0.597454
vt 0.214697 0.597454
vt 0.220676 0.597454
vt 0.226654 0.597454
vt 0.232633 0.597454
vt 0.238611 0.597454
vt 0.244590 0.597454
vt 0.250568 0.597454
vt 0.256546 0.597454
vt 0.901341 0.331391
vt 0.805642 0.178433
vt 0.662417 0.076230
vt 0.493471 0.040341
vt 0.324526 0.076230
vt 0.181301 0.178433
vt 0.085601 0.331390
vt 0.051995 0.511816
vt 0.085601 0.692242
vt 0.181301 0.845199
vt 0.324526 0.947402
vt 0.493471 0.983291
vt 0.662416 0.947402
vt 0.805642 0.845199
vt 0.901341 0.692242
vt 0.934947 0.511816
vt 0.493471 0.511816
vt 0.493471 0.511816
vn -0.971060 0.000000 -0.238836
vn -0.988541 0.000000 0.150953
vn -0.988541 0.000000 0.150953
vn -0.971060 0.000000 -0.238836
vn -0.855525 0.000000 0.517761
vn -0.855525 0.000000 0.517761
vn -0.592264 0.000000 0.805744
vn -0.592264 0.000000 0.805744
vn -0.238836 0.000000 0.971060
vn -0.238836 0.000000 0.971060
vn 0.150953 0.000000 0.988541
vn 0.150953 0.000000 0.988541
vn 0.517761 0.000000 0.855525
vn 0.517761 0.000000 0.855525
vn 0.805744 0.000000 0.592264
vn 0.805744 0.000000 0.592264
vn 0.971060 0.000000 0.238836
vn 0.971060 0.000000 0.238836
vn 0.988541 0.000000 -0.150953
vn 0.988541 0.000000 -0.150953
vn 0.855525 0.000000 -0.517761
vn 0.855525 0.000000 -0.517761
vn 0.592264 0.000000 -0.805744
vn 0.592264 0.000000 -0.805744
vn 0.238836 0.000000 -0.971060
vn 0.238836 0.000000 -0.971060
vn -0.150953 0.000000 -0.988541
vn -0.150953 0.000000 -0.988541
vn -0.517761 0.000000 -0.855525
vn -0.517761 0.000000 -0.855525
vn -0.805744 0.000000 -0.592264
vn -0.805744 0.000000 -0.592264
vn 0.000000 -1.000000 0.000000
vn 0.000000 -1.000000 0.000000
vn -0.000000 -1.000000 0.000000
vn -0.000000 -1.000000 0.000000
vn -0.000000 -1.000000 0.000000
vn -0.000000 -1.000000 0.000000
vn -0.000000 -1.000000 0.000000
vn 0.000000 -1.000000 0.000000
vn 0.000000 -1.000000 0.000000
vn 0.000000 -1.000000 0.000000
vn 0.000000 -1.000000 0.000000
vn -0.000000 -1.000000 0.000000
vn -0.000000 -1.000000 0.000000
vn -0.000000 -1.000000 0.000000
vn -0.000000 -1.000000 0.000000
vn 0.000000 -1.000000 0.000000
vn 0.000000 -1.000000 0.000000
vn 0.000000 1.000000 -0.000000
vn 0.000000 1.000000 -0.000000
vn 0.000000 1.000000 -0.000000
vn 0.000000 1.000000 -0.000000
vn 0.000000 1.000000 -0.000000
vn -0.000000 1.000000 0.000000
vn 0.000000 1.000000 -0.000000
vn 0.000000 1.000000 -0.000000
vn 0.000000 1.000000 -0.000000
vn 0.000000 1.000000 -0.000000
vn 0.000000 1.000000 -0.000000
vn 0.000000 1.000000 -0.000000
vn 0.000000 1.000000 -0.000000
vn -0.000000 1.000000 0.000000
vn 0.000000 1.000000 -0.000000
vn 0.000000 1.000000 -0.000000
vn 0.000000 1.000000 -0.000000
s 1
g group5 pCylinder67
usemtl lambert7SG
f 171/357/331 172/358/332 188/375/333 187/374/334
f 172/358/332 173/359/335 189/376/336 188/375/333
f 173/359/335 174/360/337 190/377/338 189/376/336
f 174/360/337 175/361/339 191/378/340 190/377/338
f 175/361/339 176/362/341 192/379/342 191/378/340
f 176/362/341 177/363/343 193/380/344 192/379/342
f 177/363/343 178/364/345 194/381/346 193/380/344
f 178/364/345 179/365/347 195/382/348 194/381/346
f 179/365/347 180/366/349 196/383/350 195/382/348
f 180/366/349 181/367/351 197/384/352 196/383/350
f 181/367/351 182/368/353 198/385/354 197/384/352
f 182/368/353 183/369/355 199/386/356 198/385/354
f 183/369/355 184/370/357 200/387/358 199/386/356
f 184/370/357 185/371/359 201/388/360 200/387/358
f 185/371/359 186/372/361 202/389/362 201/388/360
f 186/372/361 171/373/331 187/390/334 202/389/362
s 2
f 172/342/363 171/341/364 203/407/365
f 173/343/366 172/342/363 203/407/365
f 174/344/367 173/343/366 203/407/365
f 175/345/368 174/344/367 203/407/365
f 176/346/369 175/345/368 203/407/365
f 177/347/370 176/346/369 203/407/365
f 178/348/371 177/347/370 203/407/365
f 179/349/372 178/348/371 203/407/365
f 180/350/373 179/349/372 203/407/365
f 181/351/374 180/350/373 203/407/365
f 182/352/375 181/351/374 203/407/365
f 183/353/376 182/352/375 203/407/365
f 184/354/377 183/353/376 203/407/365
f 185/355/378 184/354/377 203/407/365
f 186/356/379 185/355/378 203/407/365
f 171/341/364 186/356/379 203/407/365
s 3
f 187/405/380 188/404/381 204/408/382
f 188/404/381 189/403/383 204/408/382
f 189/403/383 190/402/384 204/408/382
f 190/402/384 191/401/385 204/408/382
f 191/401/385 192/400/386 204/408/382
f 192/400/386 193/399/387 204/408/382
f 193/399/387 194/398/388 204/408/382
f 194/398/388 195/397/389 204/408/382
f 195/397/389 196/396/390 204/408/382
f 196/396/390 197/395/391 204/408/382
f 197/395/391 198/394/392 204/408/382
f 198/394/392 199/393/393 204/408/382
f 199/393/393 200/392/394 204/408/382
f 200/392/394 201/391/395 204/408/382
f 201/391/395 202/406/396 204/408/382
f 202/406/396 187/405/380 204/408/382
g default
v -3612.082724 76.782142 -160.867497
v -3612.336536 76.782142 -155.208049
v -3610.405251 76.782142 -149.882272
v -3606.582889 76.782142 -145.700966
v -3601.451372 76.782142 -143.300697
v -3595.791924 76.782142 -143.046886
v -3590.466146 76.782142 -144.978171
v -3586.284841 76.782142 -148.800534
v -3583.884574 76.782142 -153.932053
v -3583.630763 76.782142 -159.591501
v -3585.562050 76.782142 -164.917278
v -3589.384413 76.782142 -169.098582
v -3594.515932 76.782142 -171.498848
v -3600.175380 76.782142 -171.752659
v -3605.501156 76.782142 -169.821370
v -3609.682461 76.782142 -165.999007
v -3612.082724 79.872592 -160.867497
v -3612.336536 79.872592 -155.208049
v -3610.405251 79.872592 -149.882272
v -3606.582889 79.872592 -145.700966
v -3601.451372 79.872592 -143.300697
v -3595.791924 79.872592 -143.046886
v -3590.466146 79.872592 -144.978171
v -3586.284841 79.872592 -148.800534
v -3583.884574 79.872592 -153.932053
v -3583.630763 79.872592 -159.591501
v -3585.562050 79.872592 -164.917278
v -3589.384413 79.872592 -169.098582
v -3594.515932 79.872592 -171.498848
v -3600.175380 79.872592 -171.752659
v -3605.501156 79.872592 -169.821370
v -3609.682461 79.872592 -165.999007
v -3597.983649 76.782142 -157.399772
v -3597.983649 79.872592 -157.399772
vt 0.901341 0.331391
vt 0.805642 0.178433
vt 0.662417 0.076230
vt 0.493471 0.040341
vt 0.324526 0.076230
vt 0.181301 0.178433
vt 0.085601 0.331390
vt 0.051995 0.511816
vt 0.085601 0.692242
vt 0.181301 0.845199
vt 0.324526 0.947402
vt 0.493471 0.983291
vt 0.662416 0.947402
vt 0.805642 0.845199
vt 0.901341 0.692242
vt 0.934947 0.511816
vt 0.160892 0.390895
vt 0.166870 0.390895
vt 0.172848 0.390895
vt 0.178827 0.390895
vt 0.184805 0.390895
vt 0.190784 0.390895
vt 0.196762 0.390895
vt 0.202741 0.390895
vt 0.208719 0.390895
vt 0.214697 0.390895
vt 0.220676 0.390895
vt 0.226654 0.390895
vt 0.232633 0.390895
vt 0.238611 0.390895
vt 0.244590 0.390895
vt 0.250568 0.390895
vt 0.256546 0.390895
vt 0.160892 0.597454
vt 0.166870 0.597454
vt 0.172848 0.597454
vt 0.178827 0.597454
vt 0.184805 0.597454
vt 0.190784 0.597454
vt 0.196762 0.597454
vt 0.202741 0.597454
vt 0.208719 0.597454
vt 0.214697 0.597454
vt 0.220676 0.597454
vt 0.226654 0.597454
vt 0.232633 0.597454
vt 0.238611 0.597454
vt 0.244590 0.597454
vt 0.250568 0.597454
vt 0.256546 0.597454
vt 0.901341 0.331391
vt 0.805642 0.178433
vt 0.662417 0.076230
vt 0.493471 0.040341
vt 0.324526 0.076230
vt 0.181301 0.178433
vt 0.085601 0.331390
vt 0.051995 0.511816
vt 0.085601 0.692242
vt 0.181301 0.845199
vt 0.324526 0.947402
vt 0.493471 0.983291
vt 0.662416 0.947402
vt 0.805642 0.845199
vt 0.901341 0.692242
vt 0.934947 0.511816
vt 0.493471 0.511816
vt 0.493471 0.511816
vn -0.971060 0.000000 -0.238836
vn -0.988541 0.000000 0.150953
vn -0.988541 0.000000 0.150953
vn -0.971060 0.000000 -0.238836
vn -0.855525 0.000000 0.517761
vn -0.855525 0.000000 0.517761
vn -0.592264 0.000000 0.805744
vn -0.592264 0.000000 0.805744
vn -0.238836 0.000000 0.971060
vn -0.238836 0.000000 0.971060
vn 0.150953 0.000000 0.988541
vn 0.150953 0.000000 0.988541
vn 0.517761 0.000000 0.855525
vn 0.517761 0.000000 0.855525
vn 0.805744 0.000000 0.592264
vn 0.805744 0.000000 0.592264
vn 0.971060 0.000000 0.238836
vn 0.971060 0.000000 0.238836
vn 0.988541 0.000000 -0.150953
vn 0.988541 0.000000 -0.150953
vn 0.855525 0.000000 -0.517761
vn 0.855525 0.000000 -0.517761
vn 0.592264 0.000000 -0.805744
vn 0.592264 0.000000 -0.805744
vn 0.238836 0.000000 -0.971060
vn 0.238836 0.000000 -0.971060
vn -0.150953 0.000000 -0.988541
vn -0.150953 0.000000 -0.988541
vn -0.517761 0.000000 -0.855525
vn -0.517761 0.000000 -0.855525
vn -0.805744 0.000000 -0.592264
vn -0.805744 0.000000 -0.592264
vn 0.000000 -1.000000 0.000000
vn 0.000000 -1.000000 0.000000
vn -0.000000 -1.000000 0.000000
vn -0.000000 -1.000000 0.000000
vn -0.000000 -1.000000 0.000000
vn -0.000000 -1.000000 0.000000
vn -0.000000 -1.000000 0.000000
vn 0.000000 -1.000000 0.000000
vn 0.000000 -1.000000 0.000000
vn 0.000000 -1.000000 0.000000
vn 0.000000 -1.000000 0.000000
vn -0.000000 -1.000000 0.000000
vn -0.000000 -1.000000 0.000000
vn -0.000000 -1.000000 0.000000
vn -0.000000 -1.000000 0.000000
vn 0.000000 -1.000000 0.000000
vn 0.000000 -1.000000 0.000000
vn 0.000000 1.000000 -0.000000
vn 0.000000 1.000000 -0.000000
vn 0.000000 1.000000 -0.000000
vn 0.000000 1.000000 -0.000000
vn 0.000000 1.000000 -0.000000
vn -0.000000 1.000000 0.000000
vn 0.000000 1.000000 -0.000000
vn 0.000000 1.000000 -0.000000
vn 0.000000 1.000000 -0.000000
vn 0.000000 1.000000 -0.000000
vn 0.000000 1.000000 -0.000000
vn 0.000000 1.000000 -0.000000
vn 0.000000 1.000000 -0.000000
vn -0.000000 1.000000 0.000000
vn 0.000000 1.000000 -0.000000
vn 0.000000 1.000000 -0.000000
vn 0.000000 1.000000 -0.000000
s 1
g group5 pCylinder77
usemtl lambert7SG
f 205/425/397 206/426/398 222/443/399 221/442/400
f 206/426/398 207/427/401 223/444/402 222/443/399
f 207/427/401 208/428/403 224/445/404 223/444/402
f 208/428/403 209/429/405 225/446/406 224/445/404
f 209/429/405 210/430/407 226/447/408 225/446/406
f 210/430/407 211/431/409 227/448/410 226/447/408
f 211/431/409 212/432/411 228/449/412 227/448/410
f 212/432/411 213/433/413 229/450/414 228/449/412
f 213/433/413 214/434/415 230/451/416 229/450/414
f 214/434/415 215/435/417 231/452/418 230/451/416
f 215/435/417 216/436/419 232/453/420 231/452/418
f 216/436/419 217/437/421 233/454/422 232/453/420
f 217/437/421 218/438/423 234/455/424 233/454/422
f 218/438/423 219/439/425 235/456/426 234/455/424
f 219/439/425 220/440/427 236/457/428 235/456/426
f 220/440/427 205/441/397 221/458/400 236/457/428
s 2
f 206/410/429 205/409/430 237/475/431
f 207/411/432 206/410/429 237/475/431
f 208/412/433 207/411/432 237/475/431
f 209/413/434 208/412/433 237/475/431
f 210/414/435 209/413/434 237/475/431
f 211/415/436 210/414/435 237/475/431
f 212/416/437 211/415/436 237/475/431
f 213/417/438 212/416/437 237/475/431
f 214/418/439 213/417/438 237/475/431
f 215/419/440 214/418/439 237/475/431
f 216/420/441 215/419/440 237/475/431
f 217/421/442 216/420/441 237/475/431
f 218/422/443 217/421/442 237/475/431
f 219/423/444 218/422/443 237/475/431
f 220/424/445 219/423/444 237/475/431
f 205/409/430 220/424/445 237/475/431
s 3
f 221/473/446 222/472/447 238/476/448
f 222/472/447 223/471/449 238/476/448
f 223/471/449 224/470/450 238/476/448
f 224/470/450 225/469/451 238/476/448
f 225/469/451 226/468/452 238/476/448
f 226/468/452 227/467/453 238/476/448
f 227/467/453 228/466/454 238/476/448
f 228/466/454 229/465/455 238/476/448
f 229/465/455 230/464/456 238/476/448
f 230/464/456 231/463/457 238/476/448
f 231/463/457 232/462/458 238/476/448
f 232/462/458 233/461/459 238/476/448
f 233/461/459 234/460/460 238/476/448
f 234/460/460 235/459/461 238/476/448
f 235/459/461 236/474/462 238/476/448
f 236/474/462 221/473/446 238/476/448
g default
v -3626.825032 73.716097 -158.712574
v -3627.078843 73.716097 -153.053127
v -3625.147558 73.716097 -147.727350
v -3621.325196 73.716097 -143.546044
v -3616.193679 73.716097 -141.145775
v -3610.534231 73.716097 -140.891963
v -3605.208454 73.716097 -142.823249
v -3601.027148 73.716097 -146.645611
v -3598.626881 73.716097 -151.777130
v -3598.373070 73.716097 -157.436579
v -3600.304357 73.716097 -162.762356
v -3604.126720 73.716097 -166.943660
v -3609.258239 73.716097 -169.343926
v -3614.917687 73.716097 -169.597736
v -3620.243463 73.716097 -167.666448
v -3624.424768 73.716097 -163.844085
v -3626.825032 76.806548 -158.712574
v -3627.078843 76.806548 -153.053127
v -3625.147558 76.806548 -147.727350
v -3621.325196 76.806548 -143.546044
v -3616.193679 76.806548 -141.145775
v -3610.534231 76.806548 -140.891963
v -3605.208454 76.806548 -142.823249
v -3601.027148 76.806548 -146.645611
v -3598.626881 76.806548 -151.777130
v -3598.373070 76.806548 -157.436579
v -3600.304357 76.806548 -162.762356
v -3604.126720 76.806548 -166.943660
v -3609.258239 76.806548 -169.343926
v -3614.917687 76.806548 -169.597736
v -3620.243463 76.806548 -167.666448
v -3624.424768 76.806548 -163.844085
v -3612.725957 73.716097 -155.244850
v -3612.725957 76.806548 -155.244850
vt 0.901341 0.331391
vt 0.805642 0.178433
vt 0.662417 0.076230
vt 0.493471 0.040341
vt 0.324526 0.076230
vt 0.181301 0.178433
vt 0.085601 0.331390
vt 0.051995 0.511816
vt 0.085601 0.692242
vt 0.181301 0.845199
vt 0.324526 0.947402
vt 0.493471 0.983291
vt 0.662416 0.947402
vt 0.805642 0.845199
vt 0.901341 0.692242
vt 0.934947 0.511816
vt 0.160892 0.390895
vt 0.166870 0.390895
vt 0.172848 0.390895
vt 0.178827 0.390895
vt 0.184805 0.390895
vt 0.190784 0.390895
vt 0.196762 0.390895
vt 0.202741 0.390895
vt 0.208719 0.390895
vt 0.214697 0.390895
vt 0.220676 0.390895
vt 0.226654 0.390895
vt 0.232633 0.390895
vt 0.238611 0.390895
vt 0.244590 0.390895
vt 0.250568 0.390895
vt 0.256546 0.390895
vt 0.160892 0.597454
vt 0.166870 0.597454
vt 0.172848 0.597454
vt 0.178827 0.597454
vt 0.184805 0.597454
vt 0.190784 0.597454
vt 0.196762 0.597454
vt 0.202741 0.597454
vt 0.208719 0.597454
vt 0.214697 0.597454
vt 0.220676 0.597454
vt 0.226654 0.597454
vt 0.232633 0.597454
vt 0.238611 0.597454
vt 0.244590 0.597454
vt 0.250568 0.597454
vt 0.256546 0.597454
vt 0.901341 0.331391
vt 0.805642 0.178433
vt 0.662417 0.076230
vt 0.493471 0.040341
vt 0.324526 0.076230
vt 0.181301 0.178433
vt 0.085601 0.331390
vt 0.051995 0.511816
vt 0.085601 0.692242
vt 0.181301 0.845199
vt 0.324526 0.947402
vt 0.493471 0.983291
vt 0.662416 0.947402
vt 0.805642 0.845199
vt 0.901341 0.692242
vt 0.934947 0.511816
vt 0.493471 0.511816
vt 0.493471 0.511816
vn -0.971060 0.000000 -0.238836
vn -0.988541 0.000000 0.150953
vn -0.988541 0.000000 0.150953
vn -0.971060 0.000000 -0.238836
vn -0.855525 0.000000 0.517761
vn -0.855525 0.000000 0.517761
vn -0.592264 0.000000 0.805744
vn -0.592264 0.000000 0.805744
vn -0.238836 0.000000 0.971060
vn -0.238836 0.000000 0.971060
vn 0.150953 0.000000 0.988541
vn 0.150953 0.000000 0.988541
vn 0.517761 0.000000 0.855525
vn 0.517761 0.000000 0.855525
vn 0.805744 0.000000 0.592264
vn 0.805744 0.000000 0.592264
vn 0.971060 0.000000 0.238836
vn 0.971060 0.000000 0.238836
vn 0.988541 0.000000 -0.150953
vn 0.988541 0.000000 -0.150953
vn 0.855525 0.000000 -0.517761
vn 0.855525 0.000000 -0.517761
vn 0.592264 0.000000 -0.805744
vn 0.592264 0.000000 -0.805744
vn 0.238836 0.000000 -0.971060
vn 0.238836 0.000000 -0.971060
vn -0.150953 0.000000 -0.988541
vn -0.150953 0.000000 -0.988541
vn -0.517761 0.000000 -0.855525
vn -0.517761 0.000000 -0.855525
vn -0.805744 0.000000 -0.592264
vn -0.805744 0.000000 -0.592264
vn 0.000000 -1.000000 0.000000
vn 0.000000 -1.000000 0.000000
vn -0.000000 -1.000000 0.000000
vn -0.000000 -1.000000 0.000000
vn -0.000000 -1.000000 0.000000
vn -0.000000 -1.000000 0.000000
vn -0.000000 -1.000000 0.000000
vn 0.000000 -1.000000 0.000000
vn 0.000000 -1.000000 0.000000
vn 0.000000 -1.000000 0.000000
vn 0.000000 -1.000000 0.000000
vn -0.000000 -1.000000 0.000000
vn -0.000000 -1.000000 0.000000
vn -0.000000 -1.000000 0.000000
vn -0.000000 -1.000000 0.000000
vn 0.000000 -1.000000 0.000000
vn 0.000000 -1.000000 0.000000
vn 0.000000 1.000000 -0.000000
vn 0.000000 1.000000 -0.000000
vn 0.000000 1.000000 -0.000000
vn 0.000000 1.000000 -0.000000
vn 0.000000 1.000000 -0.000000
vn -0.000000 1.000000 0.000000
vn 0.000000 1.000000 -0.000000
vn 0.000000 1.000000 -0.000000
vn 0.000000 1.000000 -0.000000
vn 0.000000 1.000000 -0.000000
vn 0.000000 1.000000 -0.000000
vn 0.000000 1.000000 -0.000000
vn 0.000000 1.000000 -0.000000
vn -0.000000 1.000000 0.000000
vn 0.000000 1.000000 -0.000000
vn 0.000000 1.000000 -0.000000
vn 0.000000 1.000000 -0.000000
s 1
g group5 pCylinder70
usemtl lambert7SG
f 239/493/463 240/494/464 256/511/465 255/510/466
f 240/494/464 241/495/467 257/512/468 256/511/465
f 241/495/467 242/496/469 258/513/470 257/512/468
f 242/496/469 243/497/471 259/514/472 258/513/470
f 243/497/471 244/498/473 260/515/474 259/514/472
f 244/498/473 245/499/475 261/516/476 260/515/474
f 245/499/475 246/500/477 262/517/478 261/516/476
f 246/500/477 247/501/479 263/518/480 262/517/478
f 247/501/479 248/502/481 264/519/482 263/518/480
f 248/502/481 249/503/483 265/520/484 264/519/482
f 249/503/483 250/504/485 266/521/486 265/520/484
f 250/504/485 251/505/487 267/522/488 266/521/486
f 251/505/487 252/506/489 268/523/490 267/522/488
f 252/506/489 253/507/491 269/524/492 268/523/490
f 253/507/491 254/508/493 270/525/494 269/524/492
f 254/508/493 239/509/463 255/526/466 270/525/494
s 2
f 240/478/495 239/477/496 271/543/497
f 241/479/498 240/478/495 271/543/497
f 242/480/499 241/479/498 271/543/497
f 243/481/500 242/480/499 271/543/497
f 244/482/501 243/481/500 271/543/497
f 245/483/502 244/482/501 271/543/497
f 246/484/503 245/483/502 271/543/497
f 247/485/504 246/484/503 271/543/497
f 248/486/505 247/485/504 271/543/497
f 249/487/506 248/486/505 271/543/497
f 250/488/507 249/487/506 271/543/497
f 251/489/508 250/488/507 271/543/497
f 252/490/509 251/489/508 271/543/497
f 253/491/510 252/490/509 271/543/497
f 254/492/511 253/491/510 271/543/497
f 239/477/496 254/492/511 271/543/497
s 3
f 255/541/512 256/540/513 272/544/514
f 256/540/513 257/539/515 272/544/514
f 257/539/515 258/538/516 272/544/514
f 258/538/516 259/537/517 272/544/514
f 259/537/517 260/536/518 272/544/514
f 260/536/518 261/535/519 272/544/514
f 261/535/519 262/534/520 272/544/514
f 262/534/520 263/533/521 272/544/514
f 263/533/521 264/532/522 272/544/514
f 264/532/522 265/531/523 272/544/514
f 265/531/523 266/530/524 272/544/514
f 266/530/524 267/529/525 272/544/514
f 267/529/525 268/528/526 272/544/514
f 268/528/526 269/527/527 272/544/514
f 269/527/527 270/542/528 272/544/514
f 270/542/528 255/541/512 272/544/514
g default
v -3612.721136 76.782142 -190.075506
v -3612.974947 76.782142 -184.416059
v -3611.043662 76.782142 -179.090282
v -3607.221301 76.782142 -174.908976
v -3602.089783 76.782142 -172.508707
v -3596.430335 76.782142 -172.254895
v -3591.104558 76.782142 -174.186181
v -3586.923253 76.782142 -178.008543
v -3584.522985 76.782142 -183.140062
v -3584.269174 76.782142 -188.799511
v -3586.200461 76.782142 -194.125287
v -3590.022825 76.782142 -198.306592
v -3595.154344 76.782142 -200.706858
v -3600.813791 76.782142 -200.960668
v -3606.139568 76.782142 -199.029380
v -3610.320872 76.782142 -195.207017
v -3612.721136 79.872592 -190.075506
v -3612.974947 79.872592 -184.416059
v -3611.043662 79.872592 -179.090282
v -3607.221301 79.872592 -174.908976
v -3602.089783 79.872592 -172.508707
v -3596.430335 79.872592 -172.254895
v -3591.104558 79.872592 -174.186181
v -3586.923253 79.872592 -178.008543
v -3584.522985 79.872592 -183.140062
v -3584.269174 79.872592 -188.799511
v -3586.200461 79.872592 -194.125287
v -3590.022825 79.872592 -198.306592
v -3595.154344 79.872592 -200.706858
v -3600.813791 79.872592 -200.960668
v -3606.139568 79.872592 -199.029380
v -3610.320872 79.872592 -195.207017
v -3598.622061 76.782142 -186.607782
v -3598.622061 79.872592 -186.607782
vt 0.901341 0.331391
vt 0.805642 0.178433
vt 0.662417 0.076230
vt 0.493471 0.040341
vt 0.324526 0.076230
vt 0.181301 0.178433
vt 0.085601 0.331390
vt 0.051995 0.511816
vt 0.085601 0.692242
vt 0.181301 0.845199
vt 0.324526 0.947402
vt 0.493471 0.983291
vt 0.662416 0.947402
vt 0.805642 0.845199
vt 0.901341 0.692242
vt 0.934947 0.511816
vt 0.160892 0.390895
vt 0.166870 0.390895
vt 0.172848 0.390895
vt 0.178827 0.390895
vt 0.184805 0.390895
vt 0.190784 0.390895
vt 0.196762 0.390895
vt 0.202741 0.390895
vt 0.208719 0.390895
vt 0.214697 0.390895
vt 0.220676 0.390895
vt 0.226654 0.390895
vt 0.232633 0.390895
vt 0.238611 0.390895
vt 0.244590 0.390895
vt 0.250568 0.390895
vt 0.256546 0.390895
vt 0.160892 0.597454
vt 0.166870 0.597454
vt 0.172848 0.597454
vt 0.178827 0.597454
vt 0.184805 0.597454
vt 0.190784 0.597454
vt 0.196762 0.597454
vt 0.202741 0.597454
vt 0.208719 0.597454
vt 0.214697 0.597454
vt 0.220676 0.597454
vt 0.226654 0.597454
vt 0.232633 0.597454
vt 0.238611 0.597454
vt 0.244590 0.597454
vt 0.250568 0.597454
vt 0.256546 0.597454
vt 0.901341 0.331391
vt 0.805642 0.178433
vt 0.662417 0.076230
vt 0.493471 0.040341
vt 0.324526 0.076230
vt 0.181301 0.178433
vt 0.085601 0.331390
vt 0.051995 0.511816
vt 0.085601 0.692242
vt 0.181301 0.845199
vt 0.324526 0.947402
vt 0.493471 0.983291
vt 0.662416 0.947402
vt 0.805642 0.845199
vt 0.901341 0.692242
vt 0.934947 0.511816
vt 0.493471 0.511816
vt 0.493471 0.511816
vn -0.971060 0.000000 -0.238836
vn -0.988541 0.000000 0.150953
vn -0.988541 0.000000 0.150953
vn -0.971060 0.000000 -0.238836
vn -0.855525 0.000000 0.517761
vn -0.855525 0.000000 0.517761
vn -0.592264 0.000000 0.805744
vn -0.592264 0.000000 0.805744
vn -0.238836 0.000000 0.971060
vn -0.238836 0.000000 0.971060
vn 0.150953 0.000000 0.988541
vn 0.150953 0.000000 0.988541
vn 0.517761 0.000000 0.855525
vn 0.517761 0.000000 0.855525
vn 0.805744 0.000000 0.592264
vn 0.805744 0.000000 0.592264
vn 0.971060 0.000000 0.238836
vn 0.971060 0.000000 0.238836
vn 0.988541 0.000000 -0.150953
vn 0.988541 0.000000 -0.150953
vn 0.855525 0.000000 -0.517761
vn 0.855525 0.000000 -0.517761
vn 0.592264 0.000000 -0.805744
vn 0.592264 0.000000 -0.805744
vn 0.238836 0.000000 -0.971060
vn 0.238836 0.000000 -0.971060
vn -0.150953 0.000000 -0.988541
vn -0.150953 0.000000 -0.988541
vn -0.517761 0.000000 -0.855525
vn -0.517761 0.000000 -0.855525
vn -0.805744 0.000000 -0.592264
vn -0.805744 0.000000 -0.592264
vn 0.000000 -1.000000 0.000000
vn 0.000000 -1.000000 0.000000
vn -0.000000 -1.000000 0.000000
vn -0.000000 -1.000000 0.000000
vn -0.000000 -1.000000 0.000000
vn -0.000000 -1.000000 0.000000
vn -0.000000 -1.000000 0.000000
vn 0.000000 -1.000000 0.000000
vn 0.000000 -1.000000 0.000000
vn 0.000000 -1.000000 0.000000
vn 0.000000 -1.000000 0.000000
vn -0.000000 -1.000000 0.000000
vn -0.000000 -1.000000 0.000000
vn -0.000000 -1.000000 0.000000
vn -0.000000 -1.000000 0.000000
vn 0.000000 -1.000000 0.000000
vn 0.000000 -1.000000 0.000000
vn 0.000000 1.000000 -0.000000
vn 0.000000 1.000000 -0.000000
vn 0.000000 1.000000 -0.000000
vn 0.000000 1.000000 -0.000000
vn 0.000000 1.000000 -0.000000
vn -0.000000 1.000000 0.000000
vn 0.000000 1.000000 -0.000000
vn 0.000000 1.000000 -0.000000
vn 0.000000 1.000000 -0.000000
vn 0.000000 1.000000 -0.000000
vn 0.000000 1.000000 -0.000000
vn 0.000000 1.000000 -0.000000
vn 0.000000 1.000000 -0.000000
vn -0.000000 1.000000 0.000000
vn 0.000000 1.000000 -0.000000
vn 0.000000 1.000000 -0.000000
vn 0.000000 1.000000 -0.000000
s 1
g group5 pCylinder65
usemtl lambert7SG
f 273/561/529 274/562/530 290/579/531 289/578/532
f 274/562/530 275/563/533 291/580/534 290/579/531
f 275/563/533 276/564/535 292/581/536 291/580/534
f 276/564/535 277/565/537 293/582/538 292/581/536
f 277/565/537 278/566/539 294/583/540 293/582/538
f 278/566/539 279/567/541 295/584/542 294/583/540
f 279/567/541 280/568/543 296/585/544 295/584/542
f 280/568/543 281/569/545 297/586/546 296/585/544
f 281/569/545 282/570/547 298/587/548 297/586/546
f 282/570/547 283/571/549 299/588/550 298/587/548
f 283/571/549 284/572/551 300/589/552 299/588/550
f 284/572/551 285/573/553 301/590/554 300/589/552
f 285/573/553 286/574/555 302/591/556 301/590/554
f 286/574/555 287/575/557 303/592/558 302/591/556
f 287/575/557 288/576/559 304/593/560 303/592/558
f 288/576/559 273/577/529 289/594/532 304/593/560
s 2
f 274/546/561 273/545/562 305/611/563
f 275/547/564 274/546/561 305/611/563
f 276/548/565 275/547/564 305/611/563
f 277/549/566 276/548/565 305/611/563
f 278/550/567 277/549/566 305/611/563
f 279/551/568 278/550/567 305/611/563
f 280/552/569 279/551/568 305/611/563
f 281/553/570 280/552/569 305/611/563
f 282/554/571 281/553/570 305/611/563
f 283/555/572 282/554/571 305/611/563
f 284/556/573 283/555/572 305/611/563
f 285/557/574 284/556/573 305/611/563
f 286/558/575 285/557/574 305/611/563
f 287/559/576 286/558/575 305/611/563
f 288/560/577 287/559/576 305/611/563
f 273/545/562 288/560/577 305/611/563
s 3
f 289/609/578 290/608/579 306/612/580
f 290/608/579 291/607/581 306/612/580
f 291/607/581 292/606/582 306/612/580
f 292/606/582 293/605/583 306/612/580
f 293/605/583 294/604/584 306/612/580
f 294/604/584 295/603/585 306/612/580
f 295/603/585 296/602/586 306/612/580
f 296/602/586 297/601/587 306/612/580
f 297/601/587 298/600/588 306/612/580
f 298/600/588 299/599/589 306/612/580
f 299/599/589 300/598/590 306/612/580
f 300/598/590 301/597/591 306/612/580
f 301/597/591 302/596/592 306/612/580
f 302/596/592 303/595/593 306/612/580
f 303/595/593 304/610/594 306/612/580
f 304/610/594 289/609/578 306/612/580
g default
v -3648.443773 73.716097 -162.145483
v -3648.697585 73.716097 -156.486036
v -3646.766299 73.716097 -151.160259
v -3642.943938 73.716097 -146.978953
v -3637.812421 73.716097 -144.578684
v -3632.152973 73.716097 -144.324872
v -3626.827195 73.716097 -146.256158
v -3622.645890 73.716097 -150.078520
v -3620.245623 73.716097 -155.210039
v -3619.991812 73.716097 -160.869487
v -3621.923099 73.716097 -166.195264
v -3625.745462 73.716097 -170.376569
v -3630.876981 73.716097 -172.776835
v -3636.536429 73.716097 -173.030645
v -3641.862205 73.716097 -171.099357
v -3646.043510 73.716097 -167.276993
v -3648.443773 76.806548 -162.145483
v -3648.697585 76.806548 -156.486036
v -3646.766299 76.806548 -151.160259
v -3642.943938 76.806548 -146.978953
v -3637.812421 76.806548 -144.578684
v -3632.152973 76.806548 -144.324872
v -3626.827195 76.806548 -146.256158
v -3622.645890 76.806548 -150.078520
v -3620.245623 76.806548 -155.210039
v -3619.991812 76.806548 -160.869487
v -3621.923099 76.806548 -166.195264
v -3625.745462 76.806548 -170.376569
v -3630.876981 76.806548 -172.776835
v -3636.536429 76.806548 -173.030645
v -3641.862205 76.806548 -171.099357
v -3646.043510 76.806548 -167.276993
v -3634.344698 73.716097 -158.677759
v -3634.344698 76.806548 -158.677759
vt 0.901341 0.331391
vt 0.805642 0.178433
vt 0.662417 0.076230
vt 0.493471 0.040341
vt 0.324526 0.076230
vt 0.181301 0.178433
vt 0.085601 0.331390
vt 0.051995 0.511816
vt 0.085601 0.692242
vt 0.181301 0.845199
vt 0.324526 0.947402
vt 0.493471 0.983291
vt 0.662416 0.947402
vt 0.805642 0.845199
vt 0.901341 0.692242
vt 0.934947 0.511816
vt 0.160892 0.390895
vt 0.166870 0.390895
vt 0.172848 0.390895
vt 0.178827 0.390895
vt 0.184805 0.390895
vt 0.190784 0.390895
vt 0.196762 0.390895
vt 0.202741 0.390895
vt 0.208719 0.390895
vt 0.214697 0.390895
vt 0.220676 0.390895
vt 0.226654 0.390895
vt 0.232633 0.390895
vt 0.238611 0.390895
vt 0.244590 0.390895
vt 0.250568 0.390895
vt 0.256546 0.390895
vt 0.160892 0.597454
vt 0.166870 0.597454
vt 0.172848 0.597454
vt 0.178827 0.597454
vt 0.184805 0.597454
vt 0.190784 0.597454
vt 0.196762 0.597454
vt 0.202741 0.597454
vt 0.208719 0.597454
vt 0.214697 0.597454
vt 0.220676 0.597454
vt 0.226654 0.597454
vt 0.232633 0.597454
vt 0.238611 0.597454
vt 0.244590 0.597454
vt 0.250568 0.597454
vt 0.256546 0.597454
vt 0.901341 0.331391
vt 0.805642 0.178433
vt 0.662417 0.076230
vt 0.493471 0.040341
vt 0.324526 0.076230
vt 0.181301 0.178433
vt 0.085601 0.331390
vt 0.051995 0.511816
vt 0.085601 0.692242
vt 0.181301 0.845199
vt 0.324526 0.947402
vt 0.493471 0.983291
vt 0.662416 0.947402
vt 0.805642 0.845199
vt 0.901341 0.692242
vt 0.934947 0.511816
vt 0.493471 0.511816
vt 0.493471 0.511816
vn -0.971060 0.000000 -0.238836
vn -0.988541 0.000000 0.150953
vn -0.988541 0.000000 0.150953
vn -0.971060 0.000000 -0.238836
vn -0.855525 0.000000 0.517761
vn -0.855525 0.000000 0.517761
vn -0.592264 0.000000 0.805744
vn -0.592264 0.000000 0.805744
vn -0.238836 0.000000 0.971060
vn -0.238836 0.000000 0.971060
vn 0.150953 0.000000 0.988541
vn 0.150953 0.000000 0.988541
vn 0.517761 0.000000 0.855525
vn 0.517761 0.000000 0.855525
vn 0.805744 0.000000 0.592264
vn 0.805744 0.000000 0.592264
vn 0.971060 0.000000 0.238836
vn 0.971060 0.000000 0.238836
vn 0.988541 0.000000 -0.150953
vn 0.988541 0.000000 -0.150953
vn 0.855525 0.000000 -0.517761
vn 0.855525 0.000000 -0.517761
vn 0.592264 0.000000 -0.805744
vn 0.592264 0.000000 -0.805744
vn 0.238836 0.000000 -0.971060
vn 0.238836 0.000000 -0.971060
vn -0.150953 0.000000 -0.988541
vn -0.150953 0.000000 -0.988541
vn -0.517761 0.000000 -0.855525
vn -0.517761 0.000000 -0.855525
vn -0.805744 0.000000 -0.592264
vn -0.805744 0.000000 -0.592264
vn 0.000000 -1.000000 0.000000
vn 0.000000 -1.000000 0.000000
vn -0.000000 -1.000000 0.000000
vn -0.000000 -1.000000 0.000000
vn -0.000000 -1.000000 0.000000
vn -0.000000 -1.000000 0.000000
vn -0.000000 -1.000000 0.000000
vn 0.000000 -1.000000 0.000000
vn 0.000000 -1.000000 0.000000
vn 0.000000 -1.000000 0.000000
vn 0.000000 -1.000000 0.000000
vn -0.000000 -1.000000 0.000000
vn -0.000000 -1.000000 0.000000
vn -0.000000 -1.000000 0.000000
vn -0.000000 -1.000000 0.000000
vn 0.000000 -1.000000 0.000000
vn 0.000000 -1.000000 0.000000
vn 0.000000 1.000000 -0.000000
vn 0.000000 1.000000 -0.000000
vn 0.000000 1.000000 -0.000000
vn 0.000000 1.000000 -0.000000
vn 0.000000 1.000000 -0.000000
vn -0.000000 1.000000 0.000000
vn 0.000000 1.000000 -0.000000
vn 0.000000 1.000000 -0.000000
vn 0.000000 1.000000 -0.000000
vn 0.000000 1.000000 -0.000000
vn 0.000000 1.000000 -0.000000
vn 0.000000 1.000000 -0.000000
vn 0.000000 1.000000 -0.000000
vn -0.000000 1.000000 0.000000
vn 0.000000 1.000000 -0.000000
vn 0.000000 1.000000 -0.000000
vn 0.000000 1.000000 -0.000000
s 1
g group5 pCylinder69
usemtl lambert7SG
f 307/629/595 308/630/596 324/647/597 323/646/598
f 308/630/596 309/631/599 325/648/600 324/647/597
f 309/631/599 310/632/601 326/649/602 325/648/600
f 310/632/601 311/633/603 327/650/604 326/649/602
f 311/633/603 312/634/605 328/651/606 327/650/604
f 312/634/605 313/635/607 329/652/608 328/651/606
f 313/635/607 314/636/609 330/653/610 329/652/608
f 314/636/609 315/637/611 331/654/612 330/653/610
f 315/637/611 316/638/613 332/655/614 331/654/612
f 316/638/613 317/639/615 333/656/616 332/655/614
f 317/639/615 318/640/617 334/657/618 333/656/616
f 318/640/617 319/641/619 335/658/620 334/657/618
f 319/641/619 320/642/621 336/659/622 335/658/620
f 320/642/621 321/643/623 337/660/624 336/659/622
f 321/643/623 322/644/625 338/661/626 337/660/624
f 322/644/625 307/645/595 323/662/598 338/661/626
s 2
f 308/614/627 307/613/628 339/679/629
f 309/615/630 308/614/627 339/679/629
f 310/616/631 309/615/630 339/679/629
f 311/617/632 310/616/631 339/679/629
f 312/618/633 311/617/632 339/679/629
f 313/619/634 312/618/633 339/679/629
f 314/620/635 313/619/634 339/679/629
f 315/621/636 314/620/635 339/679/629
f 316/622/637 315/621/636 339/679/629
f 317/623/638 316/622/637 339/679/629
f 318/624/639 317/623/638 339/679/629
f 319/625/640 318/624/639 339/679/629
f 320/626/641 319/625/640 339/679/629
f 321/627/642 320/626/641 339/679/629
f 322/628/643 321/627/642 339/679/629
f 307/613/628 322/628/643 339/679/629
s 3
f 323/677/644 324/676/645 340/680/646
f 324/676/645 325/675/647 340/680/646
f 325/675/647 326/674/648 340/680/646
f 326/674/648 327/673/649 340/680/646
f 327/673/649 328/672/650 340/680/646
f 328/672/650 329/671/651 340/680/646
f 329/671/651 330/670/652 340/680/646
f 330/670/652 331/669/653 340/680/646
f 331/669/653 332/668/654 340/680/646
f 332/668/654 333/667/655 340/680/646
f 333/667/655 334/666/656 340/680/646
f 334/666/656 335/665/657 340/680/646
f 335/665/657 336/664/658 340/680/646
f 336/664/658 337/663/659 340/680/646
f 337/663/659 338/678/660 340/680/646
f 338/678/660 323/677/644 340/680/646
g default
v -3587.211203 76.782142 -176.540625
v -3587.465014 76.782142 -170.881177
v -3585.533729 76.782142 -165.555400
v -3581.711368 76.782142 -161.374094
v -3576.579850 76.782142 -158.973825
v -3570.920402 76.782142 -158.720014
v -3565.594625 76.782142 -160.651299
v -3561.413320 76.782142 -164.473662
v -3559.013052 76.782142 -169.605181
v -3558.759242 76.782142 -175.264629
v -3560.690528 76.782142 -180.590406
v -3564.512892 76.782142 -184.771710
v -3569.644411 76.782142 -187.171976
v -3575.303858 76.782142 -187.425786
v -3580.629635 76.782142 -185.494498
v -3584.810939 76.782142 -181.672135
v -3587.211203 79.872592 -176.540625
v -3587.465014 79.872592 -170.881177
v -3585.533729 79.872592 -165.555400
v -3581.711368 79.872592 -161.374094
v -3576.579850 79.872592 -158.973825
v -3570.920402 79.872592 -158.720014
v -3565.594625 79.872592 -160.651299
v -3561.413320 79.872592 -164.473662
v -3559.013052 79.872592 -169.605181
v -3558.759242 79.872592 -175.264629
v -3560.690528 79.872592 -180.590406
v -3564.512892 79.872592 -184.771710
v -3569.644411 79.872592 -187.171976
v -3575.303858 79.872592 -187.425786
v -3580.629635 79.872592 -185.494498
v -3584.810939 79.872592 -181.672135
v -3573.112128 76.782142 -173.072900
v -3573.112128 79.872592 -173.072900
vt 0.901341 0.331391
vt 0.805642 0.178433
vt 0.662417 0.076230
vt 0.493471 0.040341
vt 0.324526 0.076230
vt 0.181301 0.178433
vt 0.085601 0.331390
vt 0.051995 0.511816
vt 0.085601 0.692242
vt 0.181301 0.845199
vt 0.324526 0.947402
vt 0.493471 0.983291
vt 0.662416 0.947402
vt 0.805642 0.845199
vt 0.901341 0.692242
vt 0.934947 0.511816
vt 0.160892 0.390895
vt 0.166870 0.390895
vt 0.172848 0.390895
vt 0.178827 0.390895
vt 0.184805 0.390895
vt 0.190784 0.390895
vt 0.196762 0.390895
vt 0.202741 0.390895
vt 0.208719 0.390895
vt 0.214697 0.390895
vt 0.220676 0.390895
vt 0.226654 0.390895
vt 0.232633 0.390895
vt 0.238611 0.390895
vt 0.244590 0.390895
vt 0.250568 0.390895
vt 0.256546 0.390895
vt 0.160892 0.597454
vt 0.166870 0.597454
vt 0.172848 0.597454
vt 0.178827 0.597454
vt 0.184805 0.597454
vt 0.190784 0.597454
vt 0.196762 0.597454
vt 0.202741 0.597454
vt 0.208719 0.597454
vt 0.214697 0.597454
vt 0.220676 0.597454
vt 0.226654 0.597454
vt 0.232633 0.597454
vt 0.238611 0.597454
vt 0.244590 0.597454
vt 0.250568 0.597454
vt 0.256546 0.597454
vt 0.901341 0.331391
vt 0.805642 0.178433
vt 0.662417 0.076230
vt 0.493471 0.040341
vt 0.324526 0.076230
vt 0.181301 0.178433
vt 0.085601 0.331390
vt 0.051995 0.511816
vt 0.085601 0.692242
vt 0.181301 0.845199
vt 0.324526 0.947402
vt 0.493471 0.983291
vt 0.662416 0.947402
vt 0.805642 0.845199
vt 0.901341 0.692242
vt 0.934947 0.511816
vt 0.493471 0.511816
vt 0.493471 0.511816
vn -0.971060 0.000000 -0.238836
vn -0.988541 0.000000 0.150953
vn -0.988541 0.000000 0.150953
vn -0.971060 0.000000 -0.238836
vn -0.855525 0.000000 0.517761
vn -0.855525 0.000000 0.517761
vn -0.592264 0.000000 0.805744
vn -0.592264 0.000000 0.805744
vn -0.238836 0.000000 0.971060
vn -0.238836 0.000000 0.971060
vn 0.150953 0.000000 0.988541
vn 0.150953 0.000000 0.988541
vn 0.517761 0.000000 0.855525
vn 0.517761 0.000000 0.855525
vn 0.805744 0.000000 0.592264
vn 0.805744 0.000000 0.592264
vn 0.971060 0.000000 0.238836
vn 0.971060 0.000000 0.238836
vn 0.988541 0.000000 -0.150953
vn 0.988541 0.000000 -0.150953
vn 0.855525 0.000000 -0.517761
vn 0.855525 0.000000 -0.517761
vn 0.592264 0.000000 -0.805744
vn 0.592264 0.000000 -0.805744
vn 0.238836 0.000000 -0.971060
vn 0.238836 0.000000 -0.971060
vn -0.150953 0.000000 -0.988541
vn -0.150953 0.000000 -0.988541
vn -0.517761 0.000000 -0.855525
vn -0.517761 0.000000 -0.855525
vn -0.805744 0.000000 -0.592264
vn -0.805744 0.000000 -0.592264
vn 0.000000 -1.000000 0.000000
vn 0.000000 -1.000000 0.000000
vn -0.000000 -1.000000 0.000000
vn -0.000000 -1.000000 0.000000
vn -0.000000 -1.000000 0.000000
vn -0.000000 -1.000000 0.000000
vn -0.000000 -1.000000 0.000000
vn 0.000000 -1.000000 0.000000
vn 0.000000 -1.000000 0.000000
vn 0.000000 -1.000000 0.000000
vn 0.000000 -1.000000 0.000000
vn -0.000000 -1.000000 0.000000
vn -0.000000 -1.000000 0.000000
vn -0.000000 -1.000000 0.000000
vn -0.000000 -1.000000 0.000000
vn 0.000000 -1.000000 0.000000
vn 0.000000 -1.000000 0.000000
vn 0.000000 1.000000 -0.000000
vn 0.000000 1.000000 -0.000000
vn 0.000000 1.000000 -0.000000
vn 0.000000 1.000000 -0.000000
vn 0.000000 1.000000 -0.000000
vn -0.000000 1.000000 0.000000
vn 0.000000 1.000000 -0.000000
vn 0.000000 1.000000 -0.000000
vn 0.000000 1.000000 -0.000000
vn 0.000000 1.000000 -0.000000
vn 0.000000 1.000000 -0.000000
vn 0.000000 1.000000 -0.000000
vn 0.000000 1.000000 -0.000000
vn -0.000000 1.000000 0.000000
vn 0.000000 1.000000 -0.000000
vn 0.000000 1.000000 -0.000000
vn 0.000000 1.000000 -0.000000
s 1
g group5 pCylinder75
usemtl lambert7SG
f 341/697/661 342/698/662 358/715/663 357/714/664
f 342/698/662 343/699/665 359/716/666 358/715/663
f 343/699/665 344/700/667 360/717/668 359/716/666
f 344/700/667 345/701/669 361/718/670 360/717/668
f 345/701/669 346/702/671 362/719/672 361/718/670
f 346/702/671 347/703/673 363/720/674 362/719/672
f 347/703/673 348/704/675 364/721/676 363/720/674
f 348/704/675 349/705/677 365/722/678 364/721/676
f 349/705/677 350/706/679 366/723/680 365/722/678
f 350/706/679 351/707/681 367/724/682 366/723/680
f 351/707/681 352/708/683 368/725/684 367/724/682
f 352/708/683 353/709/685 369/726/686 368/725/684
f 353/709/685 354/710/687 370/727/688 369/726/686
f 354/710/687 355/711/689 371/728/690 370/727/688
f 355/711/689 356/712/691 372/729/692 371/728/690
f 356/712/691 341/713/661 357/730/664 372/729/692
s 2
f 342/682/693 341/681/694 373/747/695
f 343/683/696 342/682/693 373/747/695
f 344/684/697 343/683/696 373/747/695
f 345/685/698 344/684/697 373/747/695
f 346/686/699 345/685/698 373/747/695
f 347/687/700 346/686/699 373/747/695
f 348/688/701 347/687/700 373/747/695
f 349/689/702 348/688/701 373/747/695
f 350/690/703 349/689/702 373/747/695
f 351/691/704 350/690/703 373/747/695
f 352/692/705 351/691/704 373/747/695
f 353/693/706 352/692/705 373/747/695
f 354/694/707 353/693/706 373/747/695
f 355/695/708 354/694/707 373/747/695
f 356/696/709 355/695/708 373/747/695
f 341/681/694 356/696/709 373/747/695
s 3
f 357/745/710 358/744/711 374/748/712
f 358/744/711 359/743/713 374/748/712
f 359/743/713 360/742/714 374/748/712
f 360/742/714 361/741/715 374/748/712
f 361/741/715 362/740/716 374/748/712
f 362/740/716 363/739/717 374/748/712
f 363/739/717 364/738/718 374/748/712
f 364/738/718 365/737/719 374/748/712
f 365/737/719 366/736/720 374/748/712
f 366/736/720 367/735/721 374/748/712
f 367/735/721 368/734/722 374/748/712
f 368/734/722 369/733/723 374/748/712
f 369/733/723 370/732/724 374/748/712
f 370/732/724 371/731/725 374/748/712
f 371/731/725 372/746/726 374/748/712
f 372/746/726 357/745/710 374/748/712
g default
v -3641.876953 76.782142 -196.292029
v -3644.815869 76.782142 -191.448834
v -3645.677664 76.782142 -185.849631
v -3644.331136 76.782142 -180.346847
v -3640.981282 76.782142 -175.778231
v -3636.138087 76.782142 -172.839315
v -3630.538884 76.782142 -171.977521
v -3625.036100 76.782142 -173.324050
v -3620.467485 76.782142 -176.673906
v -3617.528569 76.782142 -181.517102
v -3616.666777 76.782142 -187.116305
v -3618.013307 76.782142 -192.619089
v -3621.363163 76.782142 -197.187702
v -3626.206359 76.782142 -200.126617
v -3631.805563 76.782142 -200.988408
v -3637.308346 76.782142 -199.641878
v -3641.876953 79.872592 -196.292029
v -3644.815869 79.872592 -191.448834
v -3645.677664 79.872592 -185.849631
v -3644.331136 79.872592 -180.346847
v -3640.981282 79.872592 -175.778231
v -3636.138087 79.872592 -172.839315
v -3630.538884 79.872592 -171.977521
v -3625.036100 79.872592 -173.324050
v -3620.467485 79.872592 -176.673906
v -3617.528569 79.872592 -181.517102
v -3616.666777 79.872592 -187.116305
v -3618.013307 79.872592 -192.619089
v -3621.363163 79.872592 -197.187702
v -3626.206359 79.872592 -200.126617
v -3631.805563 79.872592 -200.988408
v -3637.308346 79.872592 -199.641878
v -3631.172221 76.782142 -186.482965
v -3631.172221 79.872592 -186.482965
vt 0.901341 0.331391
vt 0.805642 0.178433
vt 0.662417 0.076230
vt 0.493471 0.040341
vt 0.324526 0.076230
vt 0.181301 0.178433
vt 0.085601 0.331390
vt 0.051995 0.511816
vt 0.085601 0.692242
vt 0.181301 0.845199
vt 0.324526 0.947402
vt 0.493471 0.983291
vt 0.662416 0.947402
vt 0.805642 0.845199
vt 0.901341 0.692242
vt 0.934947 0.511816
vt 0.160892 0.390895
vt 0.166870 0.390895
vt 0.172848 0.390895
vt 0.178827 0.390895
vt 0.184805 0.390895
vt 0.190784 0.390895
vt 0.196762 0.390895
vt 0.202741 0.390895
vt 0.208719 0.390895
vt 0.214697 0.390895
vt 0.220676 0.390895
vt 0.226654 0.390895
vt 0.232633 0.390895
vt 0.238611 0.390895
vt 0.244590 0.390895
vt 0.250568 0.390895
vt 0.256546 0.390895
vt 0.160892 0.597454
vt 0.166870 0.597454
vt 0.172848 0.597454
vt 0.178827 0.597454
vt 0.184805 0.597454
vt 0.190784 0.597454
vt 0.196762 0.597454
vt 0.202741 0.597454
vt 0.208719 0.597454
vt 0.214697 0.597454
vt 0.220676 0.597454
vt 0.226654 0.597454
vt 0.232633 0.597454
vt 0.238611 0.597454
vt 0.244590 0.597454
vt 0.250568 0.597454
vt 0.256546 0.597454
vt 0.901341 0.331391
vt 0.805642 0.178433
vt 0.662417 0.076230
vt 0.493471 0.040341
vt 0.324526 0.076230
vt 0.181301 0.178433
vt 0.085601 0.331390
vt 0.051995 0.511816
vt 0.085601 0.692242
vt 0.181301 0.845199
vt 0.324526 0.947402
vt 0.493471 0.983291
vt 0.662416 0.947402
vt 0.805642 0.845199
vt 0.901341 0.692242
vt 0.934947 0.511816
vt 0.493471 0.511816
vt 0.493471 0.511816
vn -0.737278 0.000000 -0.675589
vn -0.939693 0.000000 -0.342019
vn -0.939693 0.000000 -0.342019
vn -0.737278 0.000000 -0.675589
vn -0.999048 0.000000 0.043620
vn -0.999048 0.000000 0.043620
vn -0.906307 0.000000 0.422619
vn -0.906307 0.000000 0.422619
vn -0.675590 0.000000 0.737278
vn -0.675590 0.000000 0.737278
vn -0.342019 0.000000 0.939693
vn -0.342019 0.000000 0.939693
vn 0.043621 0.000000 0.999048
vn 0.043621 0.000000 0.999048
vn 0.422619 0.000000 0.906307
vn 0.422619 0.000000 0.906307
vn 0.737278 0.000000 0.675589
vn 0.737278 0.000000 0.675589
vn 0.939693 0.000000 0.342019
vn 0.939693 0.000000 0.342019
vn 0.999048 0.000000 -0.043621
vn 0.999048 0.000000 -0.043621
vn 0.906307 0.000000 -0.422619
vn 0.906307 0.000000 -0.422619
vn 0.675589 0.000000 -0.737278
vn 0.675589 0.000000 -0.737278
vn 0.342019 0.000000 -0.939693
vn 0.342019 0.000000 -0.939693
vn -0.043621 0.000000 -0.999048
vn -0.043621 0.000000 -0.999048
vn -0.422619 0.000000 -0.906307
vn -0.422619 0.000000 -0.906307
vn 0.000000 -1.000000 0.000000
vn 0.000000 -1.000000 0.000000
vn -0.000000 -1.000000 0.000000
vn -0.000000 -1.000000 0.000000
vn -0.000000 -1.000000 0.000000
vn -0.000000 -1.000000 0.000000
vn -0.000000 -1.000000 0.000000
vn 0.000000 -1.000000 0.000000
vn 0.000000 -1.000000 0.000000
vn 0.000000 -1.000000 0.000000
vn 0.000000 -1.000000 0.000000
vn -0.000000 -1.000000 0.000000
vn -0.000000 -1.000000 0.000000
vn -0.000000 -1.000000 0.000000
vn -0.000000 -1.000000 0.000000
vn 0.000000 -1.000000 0.000000
vn 0.000000 -1.000000 0.000000
vn 0.000000 1.000000 -0.000000
vn 0.000000 1.000000 -0.000000
vn 0.000000 1.000000 -0.000000
vn 0.000000 1.000000 -0.000000
vn 0.000000 1.000000 -0.000000
vn -0.000000 1.000000 0.000000
vn 0.000000 1.000000 -0.000000
vn 0.000000 1.000000 -0.000000
vn 0.000000 1.000000 -0.000000
vn 0.000000 1.000000 -0.000000
vn 0.000000 1.000000 -0.000000
vn 0.000000 1.000000 -0.000000
vn 0.000000 1.000000 -0.000000
vn -0.000000 1.000000 0.000000
vn 0.000000 1.000000 -0.000000
vn 0.000000 1.000000 -0.000000
vn 0.000000 1.000000 -0.000000
s 1
g group5 pCylinder76
usemtl lambert7SG
f 375/765/727 376/766/728 392/783/729 391/782/730
f 376/766/728 377/767/731 393/784/732 392/783/729
f 377/767/731 378/768/733 394/785/734 393/784/732
f 378/768/733 379/769/735 395/786/736 394/785/734
f 379/769/735 380/770/737 396/787/738 395/786/736
f 380/770/737 381/771/739 397/788/740 396/787/738
f 381/771/739 382/772/741 398/789/742 397/788/740
f 382/772/741 383/773/743 399/790/744 398/789/742
f 383/773/743 384/774/745 400/791/746 399/790/744
f 384/774/745 385/775/747 401/792/748 400/791/746
f 385/775/747 386/776/749 402/793/750 401/792/748
f 386/776/749 387/777/751 403/794/752 402/793/750
f 387/777/751 388/778/753 404/795/754 403/794/752
f 388/778/753 389/779/755 405/796/756 404/795/754
f 389/779/755 390/780/757 406/797/758 405/796/756
f 390/780/757 375/781/727 391/798/730 406/797/758
s 2
f 376/750/759 375/749/760 407/815/761
f 377/751/762 376/750/759 407/815/761
f 378/752/763 377/751/762 407/815/761
f 379/753/764 378/752/763 407/815/761
f 380/754/765 379/753/764 407/815/761
f 381/755/766 380/754/765 407/815/761
f 382/756/767 381/755/766 407/815/761
f 383/757/768 382/756/767 407/815/761
f 384/758/769 383/757/768 407/815/761
f 385/759/770 384/758/769 407/815/761
f 386/760/771 385/759/770 407/815/761
f 387/761/772 386/760/771 407/815/761
f 388/762/773 387/761/772 407/815/761
f 389/763/774 388/762/773 407/815/761
f 390/764/775 389/763/774 407/815/761
f 375/749/760 390/764/775 407/815/761
s 3
f 391/813/776 392/812/777 408/816/778
f 392/812/777 393/811/779 408/816/778
f 393/811/779 394/810/780 408/816/778
f 394/810/780 395/809/781 408/816/778
f 395/809/781 396/808/782 408/816/778
f 396/808/782 397/807/783 408/816/778
f 397/807/783 398/806/784 408/816/778
f 398/806/784 399/805/785 408/816/778
f 399/805/785 400/804/786 408/816/778
f 400/804/786 401/803/787 408/816/778
f 401/803/787 402/802/788 408/816/778
f 402/802/788 403/801/789 408/816/778
f 403/801/789 404/800/790 408/816/778
f 404/800/790 405/799/791 408/816/778
f 405/799/791 406/814/792 408/816/778
f 406/814/792 391/813/776 408/816/778
g default
v -3628.144429 73.716097 -194.111397
v -3631.083345 73.716097 -189.268202
v -3631.945139 73.716097 -183.668999
v -3630.598612 73.716097 -178.166216
v -3627.248758 73.716097 -173.597600
v -3622.405563 73.716097 -170.658684
v -3616.806360 73.716097 -169.796890
v -3611.303576 73.716097 -171.143419
v -3606.734961 73.716097 -174.493274
v -3603.796045 73.716097 -179.336470
v -3602.934253 73.716097 -184.935674
v -3604.280783 73.716097 -190.438457
v -3607.630639 73.716097 -195.007071
v -3612.473835 73.716097 -197.945986
v -3618.073039 73.716097 -198.807777
v -3623.575822 73.716097 -197.461247
v -3628.144429 76.806548 -194.111397
v -3631.083345 76.806548 -189.268202
v -3631.945139 76.806548 -183.668999
v -3630.598612 76.806548 -178.166216
v -3627.248758 76.806548 -173.597600
v -3622.405563 76.806548 -170.658684
v -3616.806360 76.806548 -169.796890
v -3611.303576 76.806548 -171.143419
v -3606.734961 76.806548 -174.493274
v -3603.796045 76.806548 -179.336470
v -3602.934253 76.806548 -184.935674
v -3604.280783 76.806548 -190.438457
v -3607.630639 76.806548 -195.007071
v -3612.473835 76.806548 -197.945986
v -3618.073039 76.806548 -198.807777
v -3623.575822 76.806548 -197.461247
v -3617.439697 73.716097 -184.302334
v -3617.439697 76.806548 -184.302334
vt 0.901341 0.331391
vt 0.805642 0.178433
vt 0.662417 0.076230
vt 0.493471 0.040341
vt 0.324526 0.076230
vt 0.181301 0.178433
vt 0.085601 0.331390
vt 0.051995 0.511816
vt 0.085601 0.692242
vt 0.181301 0.845199
vt 0.324526 0.947402
vt 0.493471 0.983291
vt 0.662416 0.947402
vt 0.805642 0.845199
vt 0.901341 0.692242
vt 0.934947 0.511816
vt 0.160892 0.390895
vt 0.166870 0.390895
vt 0.172848 0.390895
vt 0.178827 0.390895
vt 0.184805 0.390895
vt 0.190784 0.390895
vt 0.196762 0.390895
vt 0.202741 0.390895
vt 0.208719 0.390895
vt 0.214697 0.390895
vt 0.220676 0.390895
vt 0.226654 0.390895
vt 0.232633 0.390895
vt 0.238611 0.390895
vt 0.244590 0.390895
vt 0.250568 0.390895
vt 0.256546 0.390895
vt 0.160892 0.597454
vt 0.166870 0.597454
vt 0.172848 0.597454
vt 0.178827 0.597454
vt 0.184805 0.597454
vt 0.190784 0.597454
vt 0.196762 0.597454
vt 0.202741 0.597454
vt 0.208719 0.597454
vt 0.214697 0.597454
vt 0.220676 0.597454
vt 0.226654 0.597454
vt 0.232633 0.597454
vt 0.238611 0.597454
vt 0.244590 0.597454
vt 0.250568 0.597454
vt 0.256546 0.597454
vt 0.901341 0.331391
vt 0.805642 0.178433
vt 0.662417 0.076230
vt 0.493471 0.040341
vt 0.324526 0.076230
vt 0.181301 0.178433
vt 0.085601 0.331390
vt 0.051995 0.511816
vt 0.085601 0.692242
vt 0.181301 0.845199
vt 0.324526 0.947402
vt 0.493471 0.983291
vt 0.662416 0.947402
vt 0.805642 0.845199
vt 0.901341 0.692242
vt 0.934947 0.511816
vt 0.493471 0.511816
vt 0.493471 0.511816
vn -0.737278 0.000000 -0.675589
vn -0.939693 0.000000 -0.342019
vn -0.939693 0.000000 -0.342019
vn -0.737278 0.000000 -0.675589
vn -0.999048 0.000000 0.043620
vn -0.999048 0.000000 0.043620
vn -0.906307 0.000000 0.422619
vn -0.906307 0.000000 0.422619
vn -0.675590 0.000000 0.737278
vn -0.675590 0.000000 0.737278
vn -0.342019 0.000000 0.939693
vn -0.342019 0.000000 0.939693
vn 0.043621 0.000000 0.999048
vn 0.043621 0.000000 0.999048
vn 0.422619 0.000000 0.906307
vn 0.422619 0.000000 0.906307
vn 0.737278 0.000000 0.675589
vn 0.737278 0.000000 0.675589
vn 0.939693 0.000000 0.342019
vn 0.939693 0.000000 0.342019
vn 0.999048 0.000000 -0.043621
vn 0.999048 0.000000 -0.043621
vn 0.906307 0.000000 -0.422619
vn 0.906307 0.000000 -0.422619
vn 0.675589 0.000000 -0.737278
vn 0.675589 0.000000 -0.737278
vn 0.342019 0.000000 -0.939693
vn 0.342019 0.000000 -0.939693
vn -0.043621 0.000000 -0.999048
vn -0.043621 0.000000 -0.999048
vn -0.422619 0.000000 -0.906307
vn -0.422619 0.000000 -0.906307
vn 0.000000 -1.000000 0.000000
vn 0.000000 -1.000000 0.000000
vn -0.000000 -1.000000 0.000000
vn -0.000000 -1.000000 0.000000
vn -0.000000 -1.000000 0.000000
vn -0.000000 -1.000000 0.000000
vn -0.000000 -1.000000 0.000000
vn 0.000000 -1.000000 0.000000
vn 0.000000 -1.000000 0.000000
vn 0.000000 -1.000000 0.000000
vn 0.000000 -1.000000 0.000000
vn -0.000000 -1.000000 0.000000
vn -0.000000 -1.000000 0.000000
vn -0.000000 -1.000000 0.000000
vn -0.000000 -1.000000 0.000000
vn 0.000000 -1.000000 0.000000
vn 0.000000 -1.000000 0.000000
vn 0.000000 1.000000 -0.000000
vn 0.000000 1.000000 -0.000000
vn 0.000000 1.000000 -0.000000
vn 0.000000 1.000000 -0.000000
vn 0.000000 1.000000 -0.000000
vn -0.000000 1.000000 0.000000
vn 0.000000 1.000000 -0.000000
vn 0.000000 1.000000 -0.000000
vn 0.000000 1.000000 -0.000000
vn 0.000000 1.000000 -0.000000
vn 0.000000 1.000000 -0.000000
vn 0.000000 1.000000 -0.000000
vn 0.000000 1.000000 -0.000000
vn -0.000000 1.000000 0.000000
vn 0.000000 1.000000 -0.000000
vn 0.000000 1.000000 -0.000000
vn 0.000000 1.000000 -0.000000
s 1
g group5 pCylinder68
usemtl lambert7SG
f 409/833/793 410/834/794 426/851/795 425/850/796
f 410/834/794 411/835/797 427/852/798 426/851/795
f 411/835/797 412/836/799 428/853/800 427/852/798
f 412/836/799 413/837/801 429/854/802 428/853/800
f 413/837/801 414/838/803 430/855/804 429/854/802
f 414/838/803 415/839/805 431/856/806 430/855/804
f 415/839/805 416/840/807 432/857/808 431/856/806
f 416/840/807 417/841/809 433/858/810 432/857/808
f 417/841/809 418/842/811 434/859/812 433/858/810
f 418/842/811 419/843/813 435/860/814 434/859/812
f 419/843/813 420/844/815 436/861/816 435/860/814
f 420/844/815 421/845/817 437/862/818 436/861/816
f 421/845/817 422/846/819 438/863/820 437/862/818
f 422/846/819 423/847/821 439/864/822 438/863/820
f 423/847/821 424/848/823 440/865/824 439/864/822
f 424/848/823 409/849/793 425/866/796 440/865/824
s 2
f 410/818/825 409/817/826 441/883/827
f 411/819/828 410/818/825 441/883/827
f 412/820/829 411/819/828 441/883/827
f 413/821/830 412/820/829 441/883/827
f 414/822/831 413/821/830 441/883/827
f 415/823/832 414/822/831 441/883/827
f 416/824/833 415/823/832 441/883/827
f 417/825/834 416/824/833 441/883/827
f 418/826/835 417/825/834 441/883/827
f 419/827/836 418/826/835 441/883/827
f 420/828/837 419/827/836 441/883/827
f 421/829/838 420/828/837 441/883/827
f 422/830/839 421/829/838 441/883/827
f 423/831/840 422/830/839 441/883/827
f 424/832/841 423/831/840 441/883/827
f 409/817/826 424/832/841 441/883/827
s 3
f 425/881/842 426/880/843 442/884/844
f 426/880/843 427/879/845 442/884/844
f 427/879/845 428/878/846 442/884/844
f 428/878/846 429/877/847 442/884/844
f 429/877/847 430/876/848 442/884/844
f 430/876/848 431/875/849 442/884/844
f 431/875/849 432/874/850 442/884/844
f 432/874/850 433/873/851 442/884/844
f 433/873/851 434/872/852 442/884/844
f 434/872/852 435/871/853 442/884/844
f 435/871/853 436/870/854 442/884/844
f 436/870/854 437/869/855 442/884/844
f 437/869/855 438/868/856 442/884/844
f 438/868/856 439/867/857 442/884/844
f 439/867/857 440/882/858 442/884/844
f 440/882/858 425/881/842 442/884/844
g default
v -3649.763171 73.716097 -197.544306
v -3652.702087 73.716097 -192.701111
v -3653.563881 73.716097 -187.101908
v -3652.217353 73.716097 -181.599125
v -3648.867500 73.716097 -177.030509
v -3644.024305 73.716097 -174.091593
v -3638.425101 73.716097 -173.229799
v -3632.922318 73.716097 -174.576328
v -3628.353703 73.716097 -177.926183
v -3625.414787 73.716097 -182.769379
v -3624.552994 73.716097 -188.368583
v -3625.899525 73.716097 -193.871366
v -3629.249381 73.716097 -198.439980
v -3634.092576 73.716097 -201.378895
v -3639.691781 73.716097 -202.240686
v -3645.194564 73.716097 -200.894156
v -3649.763171 76.806548 -197.544306
v -3652.702087 76.806548 -192.701111
v -3653.563881 76.806548 -187.101908
v -3652.217353 76.806548 -181.599125
v -3648.867500 76.806548 -177.030509
v -3644.024305 76.806548 -174.091593
v -3638.425101 76.806548 -173.229799
v -3632.922318 76.806548 -174.576328
v -3628.353703 76.806548 -177.926183
v -3625.414787 76.806548 -182.769379
v -3624.552994 76.806548 -188.368583
v -3625.899525 76.806548 -193.871366
v -3629.249381 76.806548 -198.439980
v -3634.092576 76.806548 -201.378895
v -3639.691781 76.806548 -202.240686
v -3645.194564 76.806548 -200.894156
v -3639.058438 73.716097 -187.735243
v -3639.058438 76.806548 -187.735243
vt 0.901341 0.331391
vt 0.805642 0.178433
vt 0.662417 0.076230
vt 0.493471 0.040341
vt 0.324526 0.076230
vt 0.181301 0.178433
vt 0.085601 0.331390
vt 0.051995 0.511816
vt 0.085601 0.692242
vt 0.181301 0.845199
vt 0.324526 0.947402
vt 0.493471 0.983291
vt 0.662416 0.947402
vt 0.805642 0.845199
vt 0.901341 0.692242
vt 0.934947 0.511816
vt 0.160892 0.390895
vt 0.166870 0.390895
vt 0.172848 0.390895
vt 0.178827 0.390895
vt 0.184805 0.390895
vt 0.190784 0.390895
vt 0.196762 0.390895
vt 0.202741 0.390895
vt 0.208719 0.390895
vt 0.214697 0.390895
vt 0.220676 0.390895
vt 0.226654 0.390895
vt 0.232633 0.390895
vt 0.238611 0.390895
vt 0.244590 0.390895
vt 0.250568 0.390895
vt 0.256546 0.390895
vt 0.160892 0.597454
vt 0.166870 0.597454
vt 0.172848 0.597454
vt 0.178827 0.597454
vt 0.184805 0.597454
vt 0.190784 0.597454
vt 0.196762 0.597454
vt 0.202741 0.597454
vt 0.208719 0.597454
vt 0.214697 0.597454
vt 0.220676 0.597454
vt 0.226654 0.597454
vt 0.232633 0.597454
vt 0.238611 0.597454
vt 0.244590 0.597454
vt 0.250568 0.597454
vt 0.256546 0.597454
vt 0.901341 0.331391
vt 0.805642 0.178433
vt 0.662417 0.076230
vt 0.493471 0.040341
vt 0.324526 0.076230
vt 0.181301 0.178433
vt 0.085601 0.331390
vt 0.051995 0.511816
vt 0.085601 0.692242
vt 0.181301 0.845199
vt 0.324526 0.947402
vt 0.493471 0.983291
vt 0.662416 0.947402
vt 0.805642 0.845199
vt 0.901341 0.692242
vt 0.934947 0.511816
vt 0.493471 0.511816
vt 0.493471 0.511816
vn -0.737278 0.000000 -0.675589
vn -0.939693 0.000000 -0.342019
vn -0.939693 0.000000 -0.342019
vn -0.737278 0.000000 -0.675589
vn -0.999048 0.000000 0.043620
vn -0.999048 0.000000 0.043620
vn -0.906307 0.000000 0.422619
vn -0.906307 0.000000 0.422619
vn -0.675590 0.000000 0.737278
vn -0.675590 0.000000 0.737278
vn -0.342019 0.000000 0.939693
vn -0.342019 0.000000 0.939693
vn 0.043621 0.000000 0.999048
vn 0.043621 0.000000 0.999048
vn 0.422619 0.000000 0.906307
vn 0.422619 0.000000 0.906307
vn 0.737278 0.000000 0.675589
vn 0.737278 0.000000 0.675589
vn 0.939693 0.000000 0.342019
vn 0.939693 0.000000 0.342019
vn 0.999048 0.000000 -0.043621
vn 0.999048 0.000000 -0.043621
vn 0.906307 0.000000 -0.422619
vn 0.906307 0.000000 -0.422619
vn 0.675589 0.000000 -0.737278
vn 0.675589 0.000000 -0.737278
vn 0.342019 0.000000 -0.939693
vn 0.342019 0.000000 -0.939693
vn -0.043621 0.000000 -0.999048
vn -0.043621 0.000000 -0.999048
vn -0.422619 0.000000 -0.906307
vn -0.422619 0.000000 -0.906307
vn 0.000000 -1.000000 0.000000
vn 0.000000 -1.000000 0.000000
vn -0.000000 -1.000000 0.000000
vn -0.000000 -1.000000 0.000000
vn -0.000000 -1.000000 0.000000
vn -0.000000 -1.000000 0.000000
vn -0.000000 -1.000000 0.000000
vn 0.000000 -1.000000 0.000000
vn 0.000000 -1.000000 0.000000
vn 0.000000 -1.000000 0.000000
vn 0.000000 -1.000000 0.000000
vn -0.000000 -1.000000 0.000000
vn -0.000000 -1.000000 0.000000
vn -0.000000 -1.000000 0.000000
vn -0.000000 -1.000000 0.000000
vn 0.000000 -1.000000 0.000000
vn 0.000000 -1.000000 0.000000
vn 0.000000 1.000000 -0.000000
vn 0.000000 1.000000 -0.000000
vn 0.000000 1.000000 -0.000000
vn 0.000000 1.000000 -0.000000
vn 0.000000 1.000000 -0.000000
vn -0.000000 1.000000 0.000000
vn 0.000000 1.000000 -0.000000
vn 0.000000 1.000000 -0.000000
vn 0.000000 1.000000 -0.000000
vn 0.000000 1.000000 -0.000000
vn 0.000000 1.000000 -0.000000
vn 0.000000 1.000000 -0.000000
vn 0.000000 1.000000 -0.000000
vn -0.000000 1.000000 0.000000
vn 0.000000 1.000000 -0.000000
vn 0.000000 1.000000 -0.000000
vn 0.000000 1.000000 -0.000000
s 1
g group5 pCylinder74
usemtl lambert7SG
f 443/901/859 444/902/860 460/919/861 459/918/862
f 444/902/860 445/903/863 461/920/864 460/919/861
f 445/903/863 446/904/865 462/921/866 461/920/864
f 446/904/865 447/905/867 463/922/868 462/921/866
f 447/905/867 448/906/869 464/923/870 463/922/868
f 448/906/869 449/907/871 465/924/872 464/923/870
f 449/907/871 450/908/873 466/925/874 465/924/872
f 450/908/873 451/909/875 467/926/876 466/925/874
f 451/909/875 452/910/877 468/927/878 467/926/876
f 452/910/877 453/911/879 469/928/880 468/927/878
f 453/911/879 454/912/881 470/929/882 469/928/880
f 454/912/881 455/913/883 471/930/884 470/929/882
f 455/913/883 456/914/885 472/931/886 471/930/884
f 456/914/885 457/915/887 473/932/888 472/931/886
f 457/915/887 458/916/889 474/933/890 473/932/888
f 458/916/889 443/917/859 459/934/862 474/933/890
s 2
f 444/886/891 443/885/892 475/951/893
f 445/887/894 444/886/891 475/951/893
f 446/888/895 445/887/894 475/951/893
f 447/889/896 446/888/895 475/951/893
f 448/890/897 447/889/896 475/951/893
f 449/891/898 448/890/897 475/951/893
f 450/892/899 449/891/898 475/951/893
f 451/893/900 450/892/899 475/951/893
f 452/894/901 451/893/900 475/951/893
f 453/895/902 452/894/901 475/951/893
f 454/896/903 453/895/902 475/951/893
f 455/897/904 454/896/903 475/951/893
f 456/898/905 455/897/904 475/951/893
f 457/899/906 456/898/905 475/951/893
f 458/900/907 457/899/906 475/951/893
f 443/885/892 458/900/907 475/951/893
s 3
f 459/949/908 460/948/909 476/952/910
f 460/948/909 461/947/911 476/952/910
f 461/947/911 462/946/912 476/952/910
f 462/946/912 463/945/913 476/952/910
f 463/945/913 464/944/914 476/952/910
f 464/944/914 465/943/915 476/952/910
f 465/943/915 466/942/916 476/952/910
f 466/942/916 467/941/917 476/952/910
f 467/941/917 468/940/918 476/952/910
f 468/940/918 469/939/919 476/952/910
f 469/939/919 470/938/920 476/952/910
f 470/938/920 471/937/921 476/952/910
f 471/937/921 472/936/922 476/952/910
f 472/936/922 473/935/923 476/952/910
f 473/935/923 474/950/924 476/952/910
f 474/950/924 459/949/908 476/952/910
g default
v -3596.988575 79.879159 -175.294618
v -3597.242386 79.879159 -169.635171
v -3595.311101 79.879159 -164.309394
v -3591.488739 79.879159 -160.128088
v -3586.357222 79.879159 -157.727819
v -3580.697774 79.879159 -157.474007
v -3575.371997 79.879159 -159.405293
v -3571.190691 79.879159 -163.227655
v -3568.790424 79.879159 -168.359174
v -3568.536613 79.879159 -174.018623
v -3570.467900 79.879159 -179.344400
v -3574.290263 79.879159 -183.525704
v -3579.421782 79.879159 -185.925970
v -3585.081230 79.879159 -186.179780
v -3590.407006 79.879159 -184.248492
v -3594.588311 79.879159 -180.426129
v -3596.988575 82.969610 -175.294618
v -3597.242386 82.969610 -169.635171
v -3595.311101 82.969610 -164.309394
v -3591.488739 82.969610 -160.128088
v -3586.357222 82.969610 -157.727819
v -3580.697774 82.969610 -157.474007
v -3575.371997 82.969610 -159.405293
v -3571.190691 82.969610 -163.227655
v -3568.790424 82.969610 -168.359174
v -3568.536613 82.969610 -174.018623
v -3570.467900 82.969610 -179.344400
v -3574.290263 82.969610 -183.525704
v -3579.421782 82.969610 -185.925970
v -3585.081230 82.969610 -186.179780
v -3590.407006 82.969610 -184.248492
v -3594.588311 82.969610 -180.426129
v -3582.889500 79.879159 -171.826894
v -3582.889500 82.969610 -171.826894
vt 0.901341 0.331391
vt 0.805642 0.178433
vt 0.662417 0.076230
vt 0.493471 0.040341
vt 0.324526 0.076230
vt 0.181301 0.178433
vt 0.085601 0.331390
vt 0.051995 0.511816
vt 0.085601 0.692242
vt 0.181301 0.845199
vt 0.324526 0.947402
vt 0.493471 0.983291
vt 0.662416 0.947402
vt 0.805642 0.845199
vt 0.901341 0.692242
vt 0.934947 0.511816
vt 0.160892 0.390895
vt 0.166870 0.390895
vt 0.172848 0.390895
vt 0.178827 0.390895
vt 0.184805 0.390895
vt 0.190784 0.390895
vt 0.196762 0.390895
vt 0.202741 0.390895
vt 0.208719 0.390895
vt 0.214697 0.390895
vt 0.220676 0.390895
vt 0.226654 0.390895
vt 0.232633 0.390895
vt 0.238611 0.390895
vt 0.244590 0.390895
vt 0.250568 0.390895
vt 0.256546 0.390895
vt 0.160892 0.597454
vt 0.166870 0.597454
vt 0.172848 0.597454
vt 0.178827 0.597454
vt 0.184805 0.597454
vt 0.190784 0.597454
vt 0.196762 0.597454
vt 0.202741 0.597454
vt 0.208719 0.597454
vt 0.214697 0.597454
vt 0.220676 0.597454
vt 0.226654 0.597454
vt 0.232633 0.597454
vt 0.238611 0.597454
vt 0.244590 0.597454
vt 0.250568 0.597454
vt 0.256546 0.597454
vt 0.901341 0.331391
vt 0.805642 0.178433
vt 0.662417 0.076230
vt 0.493471 0.040341
vt 0.324526 0.076230
vt 0.181301 0.178433
vt 0.085601 0.331390
vt 0.051995 0.511816
vt 0.085601 0.692242
vt 0.181301 0.845199
vt 0.324526 0.947402
vt 0.493471 0.983291
vt 0.662416 0.947402
vt 0.805642 0.845199
vt 0.901341 0.692242
vt 0.934947 0.511816
vt 0.493471 0.511816
vt 0.493471 0.511816
vn -0.971060 0.000000 -0.238836
vn -0.988541 0.000000 0.150953
vn -0.988541 0.000000 0.150953
vn -0.971060 0.000000 -0.238836
vn -0.855525 0.000000 0.517761
vn -0.855525 0.000000 0.517761
vn -0.592264 0.000000 0.805744
vn -0.592264 0.000000 0.805744
vn -0.238836 0.000000 0.971060
vn -0.238836 0.000000 0.971060
vn 0.150953 0.000000 0.988541
vn 0.150953 0.000000 0.988541
vn 0.517761 0.000000 0.855525
vn 0.517761 0.000000 0.855525
vn 0.805744 0.000000 0.592264
vn 0.805744 0.000000 0.592264
vn 0.971060 0.000000 0.238836
vn 0.971060 0.000000 0.238836
vn 0.988541 0.000000 -0.150953
vn 0.988541 0.000000 -0.150953
vn 0.855525 0.000000 -0.517761
vn 0.855525 0.000000 -0.517761
vn 0.592264 0.000000 -0.805744
vn 0.592264 0.000000 -0.805744
vn 0.238836 0.000000 -0.971060
vn 0.238836 0.000000 -0.971060
vn -0.150953 0.000000 -0.988541
vn -0.150953 0.000000 -0.988541
vn -0.517761 0.000000 -0.855525
vn -0.517761 0.000000 -0.855525
vn -0.805744 0.000000 -0.592264
vn -0.805744 0.000000 -0.592264
vn 0.000000 -1.000000 0.000000
vn 0.000000 -1.000000 0.000000
vn -0.000000 -1.000000 0.000000
vn -0.000000 -1.000000 0.000000
vn -0.000000 -1.000000 0.000000
vn -0.000000 -1.000000 0.000000
vn -0.000000 -1.000000 0.000000
vn 0.000000 -1.000000 0.000000
vn 0.000000 -1.000000 0.000000
vn 0.000000 -1.000000 0.000000
vn 0.000000 -1.000000 0.000000
vn -0.000000 -1.000000 0.000000
vn -0.000000 -1.000000 0.000000
vn -0.000000 -1.000000 0.000000
vn -0.000000 -1.000000 0.000000
vn 0.000000 -1.000000 0.000000
vn 0.000000 -1.000000 0.000000
vn 0.000000 1.000000 -0.000000
vn 0.000000 1.000000 -0.000000
vn 0.000000 1.000000 -0.000000
vn 0.000000 1.000000 -0.000000
vn 0.000000 1.000000 -0.000000
vn -0.000000 1.000000 0.000000
vn 0.000000 1.000000 -0.000000
vn 0.000000 1.000000 -0.000000
vn 0.000000 1.000000 -0.000000
vn 0.000000 1.000000 -0.000000
vn 0.000000 1.000000 -0.000000
vn 0.000000 1.000000 -0.000000
vn 0.000000 1.000000 -0.000000
vn -0.000000 1.000000 0.000000
vn 0.000000 1.000000 -0.000000
vn 0.000000 1.000000 -0.000000
vn 0.000000 1.000000 -0.000000
s 1
g group5 pCylinder73
usemtl lambert7SG
f 477/969/925 478/970/926 494/987/927 493/986/928
f 478/970/926 479/971/929 495/988/930 494/987/927
f 479/971/929 480/972/931 496/989/932 495/988/930
f 480/972/931 481/973/933 497/990/934 496/989/932
f 481/973/933 482/974/935 498/991/936 497/990/934
f 482/974/935 483/975/937 499/992/938 498/991/936
f 483/975/937 484/976/939 500/993/940 499/992/938
f 484/976/939 485/977/941 501/994/942 500/993/940
f 485/977/941 486/978/943 502/995/944 501/994/942
f 486/978/943 487/979/945 503/996/946 502/995/944
f 487/979/945 488/980/947 504/997/948 503/996/946
f 488/980/947 489/981/949 505/998/950 504/997/948
f 489/981/949 490/982/951 506/999/952 505/998/950
f 490/982/951 491/983/953 507/1000/954 506/999/952
f 491/983/953 492/984/955 508/1001/956 507/1000/954
f 492/984/955 477/985/925 493/1002/928 508/1001/956
s 2
f 478/954/957 477/953/958 509/1019/959
f 479/955/960 478/954/957 509/1019/959
f 480/956/961 479/955/960 509/1019/959
f 481/957/962 480/956/961 509/1019/959
f 482/958/963 481/957/962 509/1019/959
f 483/959/964 482/958/963 509/1019/959
f 484/960/965 483/959/964 509/1019/959
f 485/961/966 484/960/965 509/1019/959
f 486/962/967 485/961/966 509/1019/959
f 487/963/968 486/962/967 509/1019/959
f 488/964/969 487/963/968 509/1019/959
f 489/965/970 488/964/969 509/1019/959
f 490/966/971 489/965/970 509/1019/959
f 491/967/972 490/966/971 509/1019/959
f 492/968/973 491/967/972 509/1019/959
f 477/953/958 492/968/973 509/1019/959
s 3
f 493/1017/974 494/1016/975 510/1020/976
f 494/1016/975 495/1015/977 510/1020/976
f 495/1015/977 496/1014/978 510/1020/976
f 496/1014/978 497/1013/979 510/1020/976
f 497/1013/979 498/1012/980 510/1020/976
f 498/1012/980 499/1011/981 510/1020/976
f 499/1011/981 500/1010/982 510/1020/976
f 500/1010/982 501/1009/983 510/1020/976
f 501/1009/983 502/1008/984 510/1020/976
f 502/1008/984 503/1007/985 510/1020/976
f 503/1007/985 504/1006/986 510/1020/976
f 504/1006/986 505/1005/987 510/1020/976
f 505/1005/987 506/1004/988 510/1020/976
f 506/1004/988 507/1003/989 510/1020/976
f 507/1003/989 508/1018/990 510/1020/976
f 508/1018/990 493/1017/974 510/1020/976
g default
v -3626.042965 79.879159 -176.436869
v -3626.296776 79.879159 -170.777422
v -3624.365491 79.879159 -165.451645
v -3620.543130 79.879159 -161.270339
v -3615.411612 79.879159 -158.870070
v -3609.752164 79.879159 -158.616258
v -3604.426387 79.879159 -160.547544
v -3600.245082 79.879159 -164.369906
v -3597.844814 79.879159 -169.501425
v -3597.591003 79.879159 -175.160873
v -3599.522290 79.879159 -180.486650
v -3603.344653 79.879159 -184.667955
v -3608.476172 79.879159 -187.068221
v -3614.135620 79.879159 -187.322031
v -3619.461397 79.879159 -185.390742
v -3623.642701 79.879159 -181.568379
v -3626.042965 82.969610 -176.436869
v -3626.296776 82.969610 -170.777422
v -3624.365491 82.969610 -165.451645
v -3620.543130 82.969610 -161.270339
v -3615.411612 82.969610 -158.870070
v -3609.752164 82.969610 -158.616258
v -3604.426387 82.969610 -160.547544
v -3600.245082 82.969610 -164.369906
v -3597.844814 82.969610 -169.501425
v -3597.591003 82.969610 -175.160873
v -3599.522290 82.969610 -180.486650
v -3603.344653 82.969610 -184.667955
v -3608.476172 82.969610 -187.068221
v -3614.135620 82.969610 -187.322031
v -3619.461397 82.969610 -185.390742
v -3623.642701 82.969610 -181.568379
v -3611.943890 79.879159 -172.969145
v -3611.943890 82.969610 -172.969145
vt 0.901341 0.331391
vt 0.805642 0.178433
vt 0.662417 0.076230
vt 0.493471 0.040341
vt 0.324526 0.076230
vt 0.181301 0.178433
vt 0.085601 0.331390
vt 0.051995 0.511816
vt 0.085601 0.692242
vt 0.181301 0.845199
vt 0.324526 0.947402
vt 0.493471 0.983291
vt 0.662416 0.947402
vt 0.805642 0.845199
vt 0.901341 0.692242
vt 0.934947 0.511816
vt 0.160892 0.390895
vt 0.166870 0.390895
vt 0.172848 0.390895
vt 0.178827 0.390895
vt 0.184805 0.390895
vt 0.190784 0.390895
vt 0.196762 0.390895
vt 0.202741 0.390895
vt 0.208719 0.390895
vt 0.214697 0.390895
vt 0.220676 0.390895
vt 0.226654 0.390895
vt 0.232633 0.390895
vt 0.238611 0.390895
vt 0.244590 0.390895
vt 0.250568 0.390895
vt 0.256546 0.390895
vt 0.160892 0.597454
vt 0.166870 0.597454
vt 0.172848 0.597454
vt 0.178827 0.597454
vt 0.184805 0.597454
vt 0.190784 0.597454
vt 0.196762 0.597454
vt 0.202741 0.597454
vt 0.208719 0.597454
vt 0.214697 0.597454
vt 0.220676 0.597454
vt 0.226654 0.597454
vt 0.232633 0.597454
vt 0.238611 0.597454
vt 0.244590 0.597454
vt 0.250568 0.597454
vt 0.256546 0.597454
vt 0.901341 0.331391
vt 0.805642 0.178433
vt 0.662417 0.076230
vt 0.493471 0.040341
vt 0.324526 0.076230
vt 0.181301 0.178433
vt 0.085601 0.331390
vt 0.051995 0.511816
vt 0.085601 0.692242
vt 0.181301 0.845199
vt 0.324526 0.947402
vt 0.493471 0.983291
vt 0.662416 0.947402
vt 0.805642 0.845199
vt 0.901341 0.692242
vt 0.934947 0.511816
vt 0.493471 0.511816
vt 0.493471 0.511816
vn -0.971060 0.000000 -0.238836
vn -0.988541 0.000000 0.150953
vn -0.988541 0.000000 0.150953
vn -0.971060 0.000000 -0.238836
vn -0.855525 0.000000 0.517761
vn -0.855525 0.000000 0.517761
vn -0.592264 0.000000 0.805744
vn -0.592264 0.000000 0.805744
vn -0.238836 0.000000 0.971060
vn -0.238836 0.000000 0.971060
vn 0.150953 0.000000 0.988541
vn 0.150953 0.000000 0.988541
vn 0.517761 0.000000 0.855525
vn 0.517761 0.000000 0.855525
vn 0.805744 0.000000 0.592264
vn 0.805744 0.000000 0.592264
vn 0.971060 0.000000 0.238836
vn 0.971060 0.000000 0.238836
vn 0.988541 0.000000 -0.150953
vn 0.988541 0.000000 -0.150953
vn 0.855525 0.000000 -0.517761
vn 0.855525 0.000000 -0.517761
vn 0.592264 0.000000 -0.805744
vn 0.592264 0.000000 -0.805744
vn 0.238836 0.000000 -0.971060
vn 0.238836 0.000000 -0.971060
vn -0.150953 0.000000 -0.988541
vn -0.150953 0.000000 -0.988541
vn -0.517761 0.000000 -0.855525
vn -0.517761 0.000000 -0.855525
vn -0.805744 0.000000 -0.592264
vn -0.805744 0.000000 -0.592264
vn 0.000000 -1.000000 0.000000
vn 0.000000 -1.000000 0.000000
vn -0.000000 -1.000000 0.000000
vn -0.000000 -1.000000 0.000000
vn -0.000000 -1.000000 0.000000
vn -0.000000 -1.000000 0.000000
vn -0.000000 -1.000000 0.000000
vn 0.000000 -1.000000 0.000000
vn 0.000000 -1.000000 0.000000
vn 0.000000 -1.000000 0.000000
vn 0.000000 -1.000000 0.000000
vn -0.000000 -1.000000 0.000000
vn -0.000000 -1.000000 0.000000
vn -0.000000 -1.000000 0.000000
vn -0.000000 -1.000000 0.000000
vn 0.000000 -1.000000 0.000000
vn 0.000000 -1.000000 0.000000
vn 0.000000 1.000000 -0.000000
vn 0.000000 1.000000 -0.000000
vn 0.000000 1.000000 -0.000000
vn 0.000000 1.000000 -0.000000
vn 0.000000 1.000000 -0.000000
vn -0.000000 1.000000 0.000000
vn 0.000000 1.000000 -0.000000
vn 0.000000 1.000000 -0.000000
vn 0.000000 1.000000 -0.000000
vn 0.000000 1.000000 -0.000000
vn 0.000000 1.000000 -0.000000
vn 0.000000 1.000000 -0.000000
vn 0.000000 1.000000 -0.000000
vn -0.000000 1.000000 0.000000
vn 0.000000 1.000000 -0.000000
vn 0.000000 1.000000 -0.000000
vn 0.000000 1.000000 -0.000000
s 1
g group5 pCylinder64
usemtl lambert7SG
f 511/1037/991 512/1038/992 528/1055/993 527/1054/994
f 512/1038/992 513/1039/995 529/1056/996 528/1055/993
f 513/1039/995 514/1040/997 530/1057/998 529/1056/996
f 514/1040/997 515/1041/999 531/1058/1000 530/1057/998
f 515/1041/999 516/1042/1001 532/1059/1002 531/1058/1000
f 516/1042/1001 517/1043/1003 533/1060/1004 532/1059/1002
f 517/1043/1003 518/1044/1005 534/1061/1006 533/1060/1004
f 518/1044/1005 519/1045/1007 535/1062/1008 534/1061/1006
f 519/1045/1007 520/1046/1009 536/1063/1010 535/1062/1008
f 520/1046/1009 521/1047/1011 537/1064/1012 536/1063/1010
f 521/1047/1011 522/1048/1013 538/1065/1014 537/1064/1012
f 522/1048/1013 523/1049/1015 539/1066/1016 538/1065/1014
f 523/1049/1015 524/1050/1017 540/1067/1018 539/1066/1016
f 524/1050/1017 525/1051/1019 541/1068/1020 540/1067/1018
f 525/1051/1019 526/1052/1021 542/1069/1022 541/1068/1020
f 526/1052/1021 511/1053/991 527/1070/994 542/1069/1022
s 2
f 512/1022/1023 511/1021/1024 543/1087/1025
f 513/1023/1026 512/1022/1023 543/1087/1025
f 514/1024/1027 513/1023/1026 543/1087/1025
f 515/1025/1028 514/1024/1027 543/1087/1025
f 516/1026/1029 515/1025/1028 543/1087/1025
f 517/1027/1030 516/1026/1029 543/1087/1025
f 518/1028/1031 517/1027/1030 543/1087/1025
f 519/1029/1032 518/1028/1031 543/1087/1025
f 520/1030/1033 519/1029/1032 543/1087/1025
f 521/1031/1034 520/1030/1033 543/1087/1025
f 522/1032/1035 521/1031/1034 543/1087/1025
f 523/1033/1036 522/1032/1035 543/1087/1025
f 524/1034/1037 523/1033/1036 543/1087/1025
f 525/1035/1038 524/1034/1037 543/1087/1025
f 526/1036/1039 525/1035/1038 543/1087/1025
f 511/1021/1024 526/1036/1039 543/1087/1025
s 3
f 527/1085/1040 528/1084/1041 544/1088/1042
f 528/1084/1041 529/1083/1043 544/1088/1042
f 529/1083/1043 530/1082/1044 544/1088/1042
f 530/1082/1044 531/1081/1045 544/1088/1042
f 531/1081/1045 532/1080/1046 544/1088/1042
f 532/1080/1046 533/1079/1047 544/1088/1042
f 533/1079/1047 534/1078/1048 544/1088/1042
f 534/1078/1048 535/1077/1049 544/1088/1042
f 535/1077/1049 536/1076/1050 544/1088/1042
f 536/1076/1050 537/1075/1051 544/1088/1042
f 537/1075/1051 538/1074/1052 544/1088/1042
f 538/1074/1052 539/1073/1053 544/1088/1042
f 539/1073/1053 540/1072/1054 544/1088/1042
f 540/1072/1054 541/1071/1055 544/1088/1042
f 541/1071/1055 542/1086/1056 544/1088/1042
f 542/1086/1056 527/1085/1040 544/1088/1042
g default
v -3554.619265 64.253365 -214.057839
v -3557.766644 64.253365 -218.768229
v -3562.477031 64.253365 -221.915612
v -3568.033312 64.253365 -223.020828
v -3573.589595 64.253365 -221.915618
v -3578.299985 64.253365 -218.768240
v -3581.447368 64.253365 -214.057852
v -3582.552583 64.253365 -208.501571
v -3581.447371 64.253365 -202.945288
v -3578.299991 64.253365 -198.234898
v -3573.589604 64.253365 -195.087516
v -3568.033322 64.253365 -193.982302
v -3562.477040 64.253365 -195.087515
v -3557.766651 64.253365 -198.234894
v -3554.619270 64.253365 -202.945283
v -3553.514056 64.253365 -208.501565
v -3554.619265 67.343816 -214.057839
v -3557.766644 67.343816 -218.768229
v -3562.477031 67.343816 -221.915612
v -3568.033312 67.343816 -223.020828
v -3573.589595 67.343816 -221.915618
v -3578.299985 67.343816 -218.768240
v -3581.447368 67.343816 -214.057852
v -3582.552583 67.343816 -208.501571
v -3581.447371 67.343816 -202.945288
v -3578.299991 67.343816 -198.234898
v -3573.589604 67.343816 -195.087516
v -3568.033322 67.343816 -193.982302
v -3562.477040 67.343816 -195.087515
v -3557.766651 67.343816 -198.234894
v -3554.619270 67.343816 -202.945283
v -3553.514056 67.343816 -208.501565
v -3568.033319 64.253365 -208.501565
v -3568.033319 67.343816 -208.501565
vt 0.901341 0.331391
vt 0.805642 0.178433
vt 0.662417 0.076230
vt 0.493471 0.040341
vt 0.324526 0.076230
vt 0.181301 0.178433
vt 0.085601 0.331390
vt 0.051995 0.511816
vt 0.085601 0.692242
vt 0.181301 0.845199
vt 0.324526 0.947402
vt 0.493471 0.983291
vt 0.662416 0.947402
vt 0.805642 0.845199
vt 0.901341 0.692242
vt 0.934947 0.511816
vt 0.160892 0.390895
vt 0.166870 0.390895
vt 0.172848 0.390895
vt 0.178827 0.390895
vt 0.184805 0.390895
vt 0.190784 0.390895
vt 0.196762 0.390895
vt 0.202741 0.390895
vt 0.208719 0.390895
vt 0.214697 0.390895
vt 0.220676 0.390895
vt 0.226654 0.390895
vt 0.232633 0.390895
vt 0.238611 0.390895
vt 0.244590 0.390895
vt 0.250568 0.390895
vt 0.256546 0.390895
vt 0.160892 0.597454
vt 0.166870 0.597454
vt 0.172848 0.597454
vt 0.178827 0.597454
vt 0.184805 0.597454
vt 0.190784 0.597454
vt 0.196762 0.597454
vt 0.202741 0.597454
vt 0.208719 0.597454
vt 0.214697 0.597454
vt 0.220676 0.597454
vt 0.226654 0.597454
vt 0.232633 0.597454
vt 0.238611 0.597454
vt 0.244590 0.597454
vt 0.250568 0.597454
vt 0.256546 0.597454
vt 0.901341 0.331391
vt 0.805642 0.178433
vt 0.662417 0.076230
vt 0.493471 0.040341
vt 0.324526 0.076230
vt 0.181301 0.178433
vt 0.085601 0.331390
vt 0.051995 0.511816
vt 0.085601 0.692242
vt 0.181301 0.845199
vt 0.324526 0.947402
vt 0.493471 0.983291
vt 0.662416 0.947402
vt 0.805642 0.845199
vt 0.901341 0.692242
vt 0.934947 0.511816
vt 0.493471 0.511816
vt 0.493471 0.511816
vn 0.923880 0.000000 -0.382683
vn 0.707107 0.000000 -0.707106
vn 0.707107 0.000000 -0.707106
vn 0.923880 0.000000 -0.382683
vn 0.382684 0.000000 -0.923879
vn 0.382684 0.000000 -0.923879
vn 0.000001 0.000000 -1.000000
vn 0.000001 0.000000 -1.000000
vn -0.382683 0.000000 -0.923880
vn -0.382683 0.000000 -0.923880
vn -0.707106 0.000000 -0.707107
vn -0.707106 0.000000 -0.707107
vn -0.923879 0.000000 -0.382684
vn -0.923879 0.000000 -0.382684
vn -1.000000 0.000000 -0.000000
vn -1.000000 0.000000 -0.000000
vn -0.923880 0.000000 0.382683
vn -0.923880 0.000000 0.382683
vn -0.707107 0.000000 0.707107
vn -0.707107 0.000000 0.707107
vn -0.382684 0.000000 0.923879
vn -0.382684 0.000000 0.923879
vn -0.000000 0.000000 1.000000
vn -0.000000 0.000000 1.000000
vn 0.382683 0.000000 0.923880
vn 0.382683 0.000000 0.923880
vn 0.707107 0.000000 0.707107
vn 0.707107 0.000000 0.707107
vn 0.923880 0.000000 0.382683
vn 0.923880 0.000000 0.382683
vn 1.000000 0.000000 0.000000
vn 1.000000 0.000000 0.000000
vn 0.000000 -1.000000 0.000000
vn 0.000000 -1.000000 0.000000
vn 0.000000 -1.000000 -0.000000
vn 0.000000 -1.000000 -0.000000
vn 0.000000 -1.000000 -0.000000
vn 0.000000 -1.000000 -0.000000
vn 0.000000 -1.000000 -0.000000
vn 0.000000 -1.000000 0.000000
vn 0.000000 -1.000000 0.000000
vn 0.000000 -1.000000 0.000000
vn 0.000000 -1.000000 0.000000
vn 0.000000 -1.000000 -0.000000
vn 0.000000 -1.000000 -0.000000
vn 0.000000 -1.000000 -0.000000
vn 0.000000 -1.000000 -0.000000
vn 0.000000 -1.000000 0.000000
vn 0.000000 -1.000000 0.000000
vn 0.000000 1.000000 0.000000
vn 0.000000 1.000000 0.000000
vn 0.000000 1.000000 0.000000
vn 0.000000 1.000000 0.000000
vn 0.000000 1.000000 0.000000
vn 0.000000 1.000000 -0.000000
vn 0.000000 1.000000 0.000000
vn 0.000000 1.000000 0.000000
vn 0.000000 1.000000 0.000000
vn 0.000000 1.000000 0.000000
vn 0.000000 1.000000 0.000000
vn 0.000000 1.000000 0.000000
vn 0.000000 1.000000 0.000000
vn 0.000000 1.000000 -0.000000
vn 0.000000 1.000000 0.000000
vn 0.000000 1.000000 0.000000
vn 0.000000 1.000000 0.000000
s 1
g pCylinder46
usemtl lambert7SG
f 545/1105/1057 546/1106/1058 562/1123/1059 561/1122/1060
f 546/1106/1058 547/1107/1061 563/1124/1062 562/1123/1059
f 547/1107/1061 548/1108/1063 564/1125/1064 563/1124/1062
f 548/1108/1063 549/1109/1065 565/1126/1066 564/1125/1064
f 549/1109/1065 550/1110/1067 566/1127/1068 565/1126/1066
f 550/1110/1067 551/1111/1069 567/1128/1070 566/1127/1068
f 551/1111/1069 552/1112/1071 568/1129/1072 567/1128/1070
f 552/1112/1071 553/1113/1073 569/1130/1074 568/1129/1072
f 553/1113/1073 554/1114/1075 570/1131/1076 569/1130/1074
f 554/1114/1075 555/1115/1077 571/1132/1078 570/1131/1076
f 555/1115/1077 556/1116/1079 572/1133/1080 571/1132/1078
f 556/1116/1079 557/1117/1081 573/1134/1082 572/1133/1080
f 557/1117/1081 558/1118/1083 574/1135/1084 573/1134/1082
f 558/1118/1083 559/1119/1085 575/1136/1086 574/1135/1084
f 559/1119/1085 560/1120/1087 576/1137/1088 575/1136/1086
f 560/1120/1087 545/1121/1057 561/1138/1060 576/1137/1088
s 2
f 546/1090/1089 545/1089/1090 577/1155/1091
f 547/1091/1092 546/1090/1089 577/1155/1091
f 548/1092/1093 547/1091/1092 577/1155/1091
f 549/1093/1094 548/1092/1093 577/1155/1091
f 550/1094/1095 549/1093/1094 577/1155/1091
f 551/1095/1096 550/1094/1095 577/1155/1091
f 552/1096/1097 551/1095/1096 577/1155/1091
f 553/1097/1098 552/1096/1097 577/1155/1091
f 554/1098/1099 553/1097/1098 577/1155/1091
f 555/1099/1100 554/1098/1099 577/1155/1091
f 556/1100/1101 555/1099/1100 577/1155/1091
f 557/1101/1102 556/1100/1101 577/1155/1091
f 558/1102/1103 557/1101/1102 577/1155/1091
f 559/1103/1104 558/1102/1103 577/1155/1091
f 560/1104/1105 559/1103/1104 577/1155/1091
f 545/1089/1090 560/1104/1105 577/1155/1091
s 3
f 561/1153/1106 562/1152/1107 578/1156/1108
f 562/1152/1107 563/1151/1109 578/1156/1108
f 563/1151/1109 564/1150/1110 578/1156/1108
f 564/1150/1110 565/1149/1111 578/1156/1108
f 565/1149/1111 566/1148/1112 578/1156/1108
f 566/1148/1112 567/1147/1113 578/1156/1108
f 567/1147/1113 568/1146/1114 578/1156/1108
f 568/1146/1114 569/1145/1115 578/1156/1108
f 569/1145/1115 570/1144/1116 578/1156/1108
f 570/1144/1116 571/1143/1117 578/1156/1108
f 571/1143/1117 572/1142/1118 578/1156/1108
f 572/1142/1118 573/1141/1119 578/1156/1108
f 573/1141/1119 574/1140/1120 578/1156/1108
f 574/1140/1120 575/1139/1121 578/1156/1108
f 575/1139/1121 576/1154/1122 578/1156/1108
f 576/1154/1122 561/1153/1106 578/1156/1108
g default
v -3631.965065 70.416428 -165.001237
v -3637.594286 70.416428 -164.364347
v -3642.551282 70.416428 -161.621727
v -3646.081393 70.416428 -157.190917
v -3647.647194 70.416428 -151.746467
v -3647.010304 70.416428 -146.117246
v -3644.267684 70.416428 -141.160250
v -3639.836873 70.416428 -137.630139
v -3634.392422 70.416428 -136.064340
v -3628.763200 70.416428 -136.701231
v -3623.806205 70.416428 -139.443853
v -3620.276095 70.416428 -143.874664
v -3618.710297 70.416428 -149.319115
v -3619.347189 70.416428 -154.948336
v -3622.089812 70.416428 -159.905330
v -3626.520623 70.416428 -163.435440
v -3631.965065 73.506878 -165.001237
v -3637.594286 73.506878 -164.364347
v -3642.551282 73.506878 -161.621727
v -3646.081393 73.506878 -157.190917
v -3647.647194 73.506878 -151.746467
v -3647.010304 73.506878 -146.117246
v -3644.267684 73.506878 -141.160250
v -3639.836873 73.506878 -137.630139
v -3634.392422 73.506878 -136.064340
v -3628.763200 73.506878 -136.701231
v -3623.806205 73.506878 -139.443853
v -3620.276095 73.506878 -143.874664
v -3618.710297 73.506878 -149.319115
v -3619.347189 73.506878 -154.948336
v -3622.089812 73.506878 -159.905330
v -3626.520623 73.506878 -163.435440
v -3633.178746 70.416428 -150.532789
v -3633.178746 73.506878 -150.532789
vt 0.901341 0.331391
vt 0.805642 0.178433
vt 0.662417 0.076230
vt 0.493471 0.040341
vt 0.324526 0.076230
vt 0.181301 0.178433
vt 0.085601 0.331390
vt 0.051995 0.511816
vt 0.085601 0.692242
vt 0.181301 0.845199
vt 0.324526 0.947402
vt 0.493471 0.983291
vt 0.662416 0.947402
vt 0.805642 0.845199
vt 0.901341 0.692242
vt 0.934947 0.511816
vt 0.160892 0.390895
vt 0.166870 0.390895
vt 0.172848 0.390895
vt 0.178827 0.390895
vt 0.184805 0.390895
vt 0.190784 0.390895
vt 0.196762 0.390895
vt 0.202741 0.390895
vt 0.208719 0.390895
vt 0.214697 0.390895
vt 0.220676 0.390895
vt 0.226654 0.390895
vt 0.232633 0.390895
vt 0.238611 0.390895
vt 0.244590 0.390895
vt 0.250568 0.390895
vt 0.256546 0.390895
vt 0.160892 0.597454
vt 0.166870 0.597454
vt 0.172848 0.597454
vt 0.178827 0.597454
vt 0.184805 0.597454
vt 0.190784 0.597454
vt 0.196762 0.597454
vt 0.202741 0.597454
vt 0.208719 0.597454
vt 0.214697 0.597454
vt 0.220676 0.597454
vt 0.226654 0.597454
vt 0.232633 0.597454
vt 0.238611 0.597454
vt 0.244590 0.597454
vt 0.250568 0.597454
vt 0.256546 0.597454
vt 0.901341 0.331391
vt 0.805642 0.178433
vt 0.662417 0.076230
vt 0.493471 0.040341
vt 0.324526 0.076230
vt 0.181301 0.178433
vt 0.085601 0.331390
vt 0.051995 0.511816
vt 0.085601 0.692242
vt 0.181301 0.845199
vt 0.324526 0.947402
vt 0.493471 0.983291
vt 0.662416 0.947402
vt 0.805642 0.845199
vt 0.901341 0.692242
vt 0.934947 0.511816
vt 0.493471 0.511816
vt 0.493471 0.511816
vn 0.083591 0.000000 -0.996500
vn -0.304116 0.000000 -0.952635
vn -0.304116 0.000000 -0.952635
vn 0.083591 0.000000 -0.996500
vn -0.645524 0.000000 -0.763740
vn -0.645524 0.000000 -0.763740
vn -0.888657 0.000000 -0.458572
vn -0.888657 0.000000 -0.458572
vn -0.996500 0.000000 -0.083591
vn -0.996500 0.000000 -0.083591
vn -0.952635 0.000000 0.304116
vn -0.952635 0.000000 0.304116
vn -0.763740 0.000000 0.645524
vn -0.763740 0.000000 0.645524
vn -0.458572 0.000000 0.888657
vn -0.458572 0.000000 0.888657
vn -0.083591 0.000000 0.996500
vn -0.083591 0.000000 0.996500
vn 0.304116 0.000000 0.952635
vn 0.304116 0.000000 0.952635
vn 0.645525 0.000000 0.763740
vn 0.645525 0.000000 0.763740
vn 0.888657 0.000000 0.458572
vn 0.888657 0.000000 0.458572
vn 0.996500 0.000000 0.083591
vn 0.996500 0.000000 0.083591
vn 0.952635 0.000000 -0.304117
vn 0.952635 0.000000 -0.304117
vn 0.763739 0.000000 -0.645525
vn 0.763739 0.000000 -0.645525
vn 0.458572 0.000000 -0.888657
vn 0.458572 0.000000 -0.888657
vn 0.000000 -1.000000 0.000000
vn 0.000000 -1.000000 0.000000
vn -0.000000 -1.000000 -0.000000
vn -0.000000 -1.000000 -0.000000
vn -0.000000 -1.000000 -0.000000
vn -0.000000 -1.000000 -0.000000
vn -0.000000 -1.000000 -0.000000
vn 0.000000 -1.000000 0.000000
vn 0.000000 -1.000000 0.000000
vn 0.000000 -1.000000 0.000000
vn 0.000000 -1.000000 0.000000
vn -0.000000 -1.000000 -0.000000
vn -0.000000 -1.000000 -0.000000
vn -0.000000 -1.000000 -0.000000
vn -0.000000 -1.000000 -0.000000
vn 0.000000 -1.000000 0.000000
vn 0.000000 -1.000000 0.000000
vn 0.000000 1.000000 0.000000
vn 0.000000 1.000000 0.000000
vn 0.000000 1.000000 0.000000
vn 0.000000 1.000000 0.000000
vn 0.000000 1.000000 0.000000
vn -0.000000 1.000000 -0.000000
vn 0.000000 1.000000 0.000000
vn 0.000000 1.000000 0.000000
vn 0.000000 1.000000 0.000000
vn 0.000000 1.000000 0.000000
vn 0.000000 1.000000 0.000000
vn 0.000000 1.000000 0.000000
vn 0.000000 1.000000 0.000000
vn -0.000000 1.000000 -0.000000
vn 0.000000 1.000000 0.000000
vn 0.000000 1.000000 0.000000
vn 0.000000 1.000000 0.000000
s 1
g pCylinder59
usemtl lambert7SG
f 579/1173/1123 580/1174/1124 596/1191/1125 595/1190/1126
f 580/1174/1124 581/1175/1127 597/1192/1128 596/1191/1125
f 581/1175/1127 582/1176/1129 598/1193/1130 597/1192/1128
f 582/1176/1129 583/1177/1131 599/1194/1132 598/1193/1130
f 583/1177/1131 584/1178/1133 600/1195/1134 599/1194/1132
f 584/1178/1133 585/1179/1135 601/1196/1136 600/1195/1134
f 585/1179/1135 586/1180/1137 602/1197/1138 601/1196/1136
f 586/1180/1137 587/1181/1139 603/1198/1140 602/1197/1138
f 587/1181/1139 588/1182/1141 604/1199/1142 603/1198/1140
f 588/1182/1141 589/1183/1143 605/1200/1144 604/1199/1142
f 589/1183/1143 590/1184/1145 606/1201/1146 605/1200/1144
f 590/1184/1145 591/1185/1147 607/1202/1148 606/1201/1146
f 591/1185/1147 592/1186/1149 608/1203/1150 607/1202/1148
f 592/1186/1149 593/1187/1151 609/1204/1152 608/1203/1150
f 593/1187/1151 594/1188/1153 610/1205/1154 609/1204/1152
f 594/1188/1153 579/1189/1123 595/1206/1126 610/1205/1154
s 2
f 580/1158/1155 579/1157/1156 611/1223/1157
f 581/1159/1158 580/1158/1155 611/1223/1157
f 582/1160/1159 581/1159/1158 611/1223/1157
f 583/1161/1160 582/1160/1159 611/1223/1157
f 584/1162/1161 583/1161/1160 611/1223/1157
f 585/1163/1162 584/1162/1161 611/1223/1157
f 586/1164/1163 585/1163/1162 611/1223/1157
f 587/1165/1164 586/1164/1163 611/1223/1157
f 588/1166/1165 587/1165/1164 611/1223/1157
f 589/1167/1166 588/1166/1165 611/1223/1157
f 590/1168/1167 589/1167/1166 611/1223/1157
f 591/1169/1168 590/1168/1167 611/1223/1157
f 592/1170/1169 591/1169/1168 611/1223/1157
f 593/1171/1170 592/1170/1169 611/1223/1157
f 594/1172/1171 593/1171/1170 611/1223/1157
f 579/1157/1156 594/1172/1171 611/1223/1157
s 3
f 595/1221/1172 596/1220/1173 612/1224/1174
f 596/1220/1173 597/1219/1175 612/1224/1174
f 597/1219/1175 598/1218/1176 612/1224/1174
f 598/1218/1176 599/1217/1177 612/1224/1174
f 599/1217/1177 600/1216/1178 612/1224/1174
f 600/1216/1178 601/1215/1179 612/1224/1174
f 601/1215/1179 602/1214/1180 612/1224/1174
f 602/1214/1180 603/1213/1181 612/1224/1174
f 603/1213/1181 604/1212/1182 612/1224/1174
f 604/1212/1182 605/1211/1183 612/1224/1174
f 605/1211/1183 606/1210/1184 612/1224/1174
f 606/1210/1184 607/1209/1185 612/1224/1174
f 607/1209/1185 608/1208/1186 612/1224/1174
f 608/1208/1186 609/1207/1187 612/1224/1174
f 609/1207/1187 610/1222/1188 612/1224/1174
f 610/1222/1188 595/1221/1172 612/1224/1174
g default
v -3629.201109 67.319410 -155.540261
v -3634.830330 67.319410 -154.903370
v -3639.787325 67.319410 -152.160751
v -3643.317437 67.319410 -147.729941
v -3644.883238 67.319410 -142.285491
v -3644.246348 67.319410 -136.656269
v -3641.503727 67.319410 -131.699274
v -3637.072917 67.319410 -128.169163
v -3631.628466 67.319410 -126.603364
v -3625.999243 67.319410 -127.240255
v -3621.042249 67.319410 -129.982876
v -3617.512139 67.319410 -134.413688
v -3615.946341 67.319410 -139.858138
v -3616.583233 67.319410 -145.487360
v -3619.325855 67.319410 -150.444354
v -3623.756667 67.319410 -153.974464
v -3629.201109 70.409861 -155.540261
v -3634.830330 70.409861 -154.903370
v -3639.787325 70.409861 -152.160751
v -3643.317437 70.409861 -147.729941
v -3644.883238 70.409861 -142.285491
v -3644.246348 70.409861 -136.656269
v -3641.503727 70.409861 -131.699274
v -3637.072917 70.409861 -128.169163
v -3631.628466 70.409861 -126.603364
v -3625.999243 70.409861 -127.240255
v -3621.042249 70.409861 -129.982876
v -3617.512139 70.409861 -134.413688
v -3615.946341 70.409861 -139.858138
v -3616.583233 70.409861 -145.487360
v -3619.325855 70.409861 -150.444354
v -3623.756667 70.409861 -153.974464
v -3630.414790 67.319410 -141.071812
v -3630.414790 70.409861 -141.071812
vt 0.901341 0.331391
vt 0.805642 0.178433
vt 0.662417 0.076230
vt 0.493471 0.040341
vt 0.324526 0.076230
vt 0.181301 0.178433
vt 0.085601 0.331390
vt 0.051995 0.511816
vt 0.085601 0.692242
vt 0.181301 0.845199
vt 0.324526 0.947402
vt 0.493471 0.983291
vt 0.662416 0.947402
vt 0.805642 0.845199
vt 0.901341 0.692242
vt 0.934947 0.511816
vt 0.160892 0.390895
vt 0.166870 0.390895
vt 0.172848 0.390895
vt 0.178827 0.390895
vt 0.184805 0.390895
vt 0.190784 0.390895
vt 0.196762 0.390895
vt 0.202741 0.390895
vt 0.208719 0.390895
vt 0.214697 0.390895
vt 0.220676 0.390895
vt 0.226654 0.390895
vt 0.232633 0.390895
vt 0.238611 0.390895
vt 0.244590 0.390895
vt 0.250568 0.390895
vt 0.256546 0.390895
vt 0.160892 0.597454
vt 0.166870 0.597454
vt 0.172848 0.597454
vt 0.178827 0.597454
vt 0.184805 0.597454
vt 0.190784 0.597454
vt 0.196762 0.597454
vt 0.202741 0.597454
vt 0.208719 0.597454
vt 0.214697 0.597454
vt 0.220676 0.597454
vt 0.226654 0.597454
vt 0.232633 0.597454
vt 0.238611 0.597454
vt 0.244590 0.597454
vt 0.250568 0.597454
vt 0.256546 0.597454
vt 0.901341 0.331391
vt 0.805642 0.178433
vt 0.662417 0.076230
vt 0.493471 0.040341
vt 0.324526 0.076230
vt 0.181301 0.178433
vt 0.085601 0.331390
vt 0.051995 0.511816
vt 0.085601 0.692242
vt 0.181301 0.845199
vt 0.324526 0.947402
vt 0.493471 0.983291
vt 0.662416 0.947402
vt 0.805642 0.845199
vt 0.901341 0.692242
vt 0.934947 0.511816
vt 0.493471 0.511816
vt 0.493471 0.511816
vn 0.083591 0.000000 -0.996500
vn -0.304116 0.000000 -0.952635
vn -0.304116 0.000000 -0.952635
vn 0.083591 0.000000 -0.996500
vn -0.645524 0.000000 -0.763740
vn -0.645524 0.000000 -0.763740
vn -0.888657 0.000000 -0.458572
vn -0.888657 0.000000 -0.458572
vn -0.996500 0.000000 -0.083591
vn -0.996500 0.000000 -0.083591
vn -0.952635 0.000000 0.304116
vn -0.952635 0.000000 0.304116
vn -0.763740 0.000000 0.645524
vn -0.763740 0.000000 0.645524
vn -0.458572 0.000000 0.888657
vn -0.458572 0.000000 0.888657
vn -0.083591 0.000000 0.996500
vn -0.083591 0.000000 0.996500
vn 0.304116 0.000000 0.952635
vn 0.304116 0.000000 0.952635
vn 0.645525 0.000000 0.763740
vn 0.645525 0.000000 0.763740
vn 0.888657 0.000000 0.458572
vn 0.888657 0.000000 0.458572
vn 0.996500 0.000000 0.083591
vn 0.996500 0.000000 0.083591
vn 0.952635 0.000000 -0.304117
vn 0.952635 0.000000 -0.304117
vn 0.763739 0.000000 -0.645525
vn 0.763739 0.000000 -0.645525
vn 0.458572 0.000000 -0.888657
vn 0.458572 0.000000 -0.888657
vn 0.000000 -1.000000 0.000000
vn 0.000000 -1.000000 0.000000
vn -0.000000 -1.000000 -0.000000
vn -0.000000 -1.000000 -0.000000
vn -0.000000 -1.000000 -0.000000
vn -0.000000 -1.000000 -0.000000
vn -0.000000 -1.000000 -0.000000
vn 0.000000 -1.000000 0.000000
vn 0.000000 -1.000000 0.000000
vn 0.000000 -1.000000 0.000000
vn 0.000000 -1.000000 0.000000
vn -0.000000 -1.000000 -0.000000
vn -0.000000 -1.000000 -0.000000
vn -0.000000 -1.000000 -0.000000
vn -0.000000 -1.000000 -0.000000
vn 0.000000 -1.000000 0.000000
vn 0.000000 -1.000000 0.000000
vn 0.000000 1.000000 0.000000
vn 0.000000 1.000000 0.000000
vn 0.000000 1.000000 0.000000
vn 0.000000 1.000000 0.000000
vn 0.000000 1.000000 0.000000
vn -0.000000 1.000000 -0.000000
vn 0.000000 1.000000 0.000000
vn 0.000000 1.000000 0.000000
vn 0.000000 1.000000 0.000000
vn 0.000000 1.000000 0.000000
vn 0.000000 1.000000 0.000000
vn 0.000000 1.000000 0.000000
vn 0.000000 1.000000 0.000000
vn -0.000000 1.000000 -0.000000
vn 0.000000 1.000000 0.000000
vn 0.000000 1.000000 0.000000
vn 0.000000 1.000000 0.000000
s 1
g pCylinder61
usemtl lambert7SG
f 613/1241/1189 614/1242/1190 630/1259/1191 629/1258/1192
f 614/1242/1190 615/1243/1193 631/1260/1194 630/1259/1191
f 615/1243/1193 616/1244/1195 632/1261/1196 631/1260/1194
f 616/1244/1195 617/1245/1197 633/1262/1198 632/1261/1196
f 617/1245/1197 618/1246/1199 634/1263/1200 633/1262/1198
f 618/1246/1199 619/1247/1201 635/1264/1202 634/1263/1200
f 619/1247/1201 620/1248/1203 636/1265/1204 635/1264/1202
f 620/1248/1203 621/1249/1205 637/1266/1206 636/1265/1204
f 621/1249/1205 622/1250/1207 638/1267/1208 637/1266/1206
f 622/1250/1207 623/1251/1209 639/1268/1210 638/1267/1208
f 623/1251/1209 624/1252/1211 640/1269/1212 639/1268/1210
f 624/1252/1211 625/1253/1213 641/1270/1214 640/1269/1212
f 625/1253/1213 626/1254/1215 642/1271/1216 641/1270/1214
f 626/1254/1215 627/1255/1217 643/1272/1218 642/1271/1216
f 627/1255/1217 628/1256/1219 644/1273/1220 643/1272/1218
f 628/1256/1219 613/1257/1189 629/1274/1192 644/1273/1220
s 2
f 614/1226/1221 613/1225/1222 645/1291/1223
f 615/1227/1224 614/1226/1221 645/1291/1223
f 616/1228/1225 615/1227/1224 645/1291/1223
f 617/1229/1226 616/1228/1225 645/1291/1223
f 618/1230/1227 617/1229/1226 645/1291/1223
f 619/1231/1228 618/1230/1227 645/1291/1223
f 620/1232/1229 619/1231/1228 645/1291/1223
f 621/1233/1230 620/1232/1229 645/1291/1223
f 622/1234/1231 621/1233/1230 645/1291/1223
f 623/1235/1232 622/1234/1231 645/1291/1223
f 624/1236/1233 623/1235/1232 645/1291/1223
f 625/1237/1234 624/1236/1233 645/1291/1223
f 626/1238/1235 625/1237/1234 645/1291/1223
f 627/1239/1236 626/1238/1235 645/1291/1223
f 628/1240/1237 627/1239/1236 645/1291/1223
f 613/1225/1222 628/1240/1237 645/1291/1223
s 3
f 629/1289/1238 630/1288/1239 646/1292/1240
f 630/1288/1239 631/1287/1241 646/1292/1240
f 631/1287/1241 632/1286/1242 646/1292/1240
f 632/1286/1242 633/1285/1243 646/1292/1240
f 633/1285/1243 634/1284/1244 646/1292/1240
f 634/1284/1244 635/1283/1245 646/1292/1240
f 635/1283/1245 636/1282/1246 646/1292/1240
f 636/1282/1246 637/1281/1247 646/1292/1240
f 637/1281/1247 638/1280/1248 646/1292/1240
f 638/1280/1248 639/1279/1249 646/1292/1240
f 639/1279/1249 640/1278/1250 646/1292/1240
f 640/1278/1250 641/1277/1251 646/1292/1240
f 641/1277/1251 642/1276/1252 646/1292/1240
f 642/1276/1252 643/1275/1253 646/1292/1240
f 643/1275/1253 644/1290/1254 646/1292/1240
f 644/1290/1254 629/1289/1238 646/1292/1240
g default
v -3618.267245 67.319410 -212.627150
v -3623.511415 67.319410 -214.770149
v -3629.176486 67.319410 -214.743166
v -3634.400004 67.319410 -212.550308
v -3638.386736 67.319410 -208.525419
v -3640.529736 67.319410 -203.281249
v -3640.502752 67.319410 -197.616176
v -3638.309893 67.319410 -192.392659
v -3634.285002 67.319410 -188.405929
v -3629.040831 67.319410 -186.262929
v -3623.375759 67.319410 -186.289914
v -3618.152242 67.319410 -188.482774
v -3614.165513 67.319410 -192.507666
v -3612.022514 67.319410 -197.751836
v -3612.049500 67.319410 -203.416908
v -3614.242360 67.319410 -208.640426
v -3618.267245 70.409861 -212.627150
v -3623.511415 70.409861 -214.770149
v -3629.176486 70.409861 -214.743166
v -3634.400004 70.409861 -212.550308
v -3638.386736 70.409861 -208.525419
v -3640.529736 70.409861 -203.281249
v -3640.502752 70.409861 -197.616176
v -3638.309893 70.409861 -192.392659
v -3634.285002 70.409861 -188.405929
v -3629.040831 70.409861 -186.262929
v -3623.375759 70.409861 -186.289914
v -3618.152242 70.409861 -188.482774
v -3614.165513 70.409861 -192.507666
v -3612.022514 70.409861 -197.751836
v -3612.049500 70.409861 -203.416908
v -3614.242360 70.409861 -208.640426
v -3626.276125 67.319410 -200.516540
v -3626.276125 70.409861 -200.516540
vt 0.901341 0.331391
vt 0.805642 0.178433
vt 0.662417 0.076230
vt 0.493471 0.040341
vt 0.324526 0.076230
vt 0.181301 0.178433
vt 0.085601 0.331390
vt 0.051995 0.511816
vt 0.085601 0.692242
vt 0.181301 0.845199
vt 0.324526 0.947402
vt 0.493471 0.983291
vt 0.662416 0.947402
vt 0.805642 0.845199
vt 0.901341 0.692242
vt 0.934947 0.511816
vt 0.160892 0.390895
vt 0.166870 0.390895
vt 0.172848 0.390895
vt 0.178827 0.390895
vt 0.184805 0.390895
vt 0.190784 0.390895
vt 0.196762 0.390895
vt 0.202741 0.390895
vt 0.208719 0.390895
vt 0.214697 0.390895
vt 0.220676 0.390895
vt 0.226654 0.390895
vt 0.232633 0.390895
vt 0.238611 0.390895
vt 0.244590 0.390895
vt 0.250568 0.390895
vt 0.256546 0.390895
vt 0.160892 0.597454
vt 0.166870 0.597454
vt 0.172848 0.597454
vt 0.178827 0.597454
vt 0.184805 0.597454
vt 0.190784 0.597454
vt 0.196762 0.597454
vt 0.202741 0.597454
vt 0.208719 0.597454
vt 0.214697 0.597454
vt 0.220676 0.597454
vt 0.226654 0.597454
vt 0.232633 0.597454
vt 0.238611 0.597454
vt 0.244590 0.597454
vt 0.250568 0.597454
vt 0.256546 0.597454
vt 0.901341 0.331391
vt 0.805642 0.178433
vt 0.662417 0.076230
vt 0.493471 0.040341
vt 0.324526 0.076230
vt 0.181301 0.178433
vt 0.085601 0.331390
vt 0.051995 0.511816
vt 0.085601 0.692242
vt 0.181301 0.845199
vt 0.324526 0.947402
vt 0.493471 0.983291
vt 0.662416 0.947402
vt 0.805642 0.845199
vt 0.901341 0.692242
vt 0.934947 0.511816
vt 0.493471 0.511816
vt 0.493471 0.511816
vn 0.551603 0.000000 -0.834107
vn 0.190416 0.000000 -0.981703
vn 0.190416 0.000000 -0.981703
vn 0.551603 0.000000 -0.834107
vn -0.199760 0.000000 -0.979845
vn -0.199760 0.000000 -0.979845
vn -0.559524 0.000000 -0.828814
vn -0.559524 0.000000 -0.828814
vn -0.834106 0.000000 -0.551604
vn -0.834106 0.000000 -0.551604
vn -0.981703 0.000000 -0.190417
vn -0.981703 0.000000 -0.190417
vn -0.979845 0.000000 0.199760
vn -0.979845 0.000000 0.199760
vn -0.828814 0.000000 0.559524
vn -0.828814 0.000000 0.559524
vn -0.551603 0.000000 0.834107
vn -0.551603 0.000000 0.834107
vn -0.190416 0.000000 0.981703
vn -0.190416 0.000000 0.981703
vn 0.199760 0.000000 0.979845
vn 0.199760 0.000000 0.979845
vn 0.559525 0.000000 0.828814
vn 0.559525 0.000000 0.828814
vn 0.834107 0.000000 0.551603
vn 0.834107 0.000000 0.551603
vn 0.981703 0.000000 0.190416
vn 0.981703 0.000000 0.190416
vn 0.979845 0.000000 -0.199760
vn 0.979845 0.000000 -0.199760
vn 0.828814 0.000000 -0.559524
vn 0.828814 0.000000 -0.559524
vn 0.000000 -1.000000 0.000000
vn 0.000000 -1.000000 0.000000
vn -0.000000 -1.000000 -0.000000
vn -0.000000 -1.000000 -0.000000
vn -0.000000 -1.000000 -0.000000
vn -0.000000 -1.000000 -0.000000
vn -0.000000 -1.000000 -0.000000
vn 0.000000 -1.000000 0.000000
vn 0.000000 -1.000000 0.000000
vn 0.000000 -1.000000 0.000000
vn 0.000000 -1.000000 0.000000
vn -0.000000 -1.000000 -0.000000
vn -0.000000 -1.000000 -0.000000
vn -0.000000 -1.000000 -0.000000
vn -0.000000 -1.000000 -0.000000
vn 0.000000 -1.000000 0.000000
vn 0.000000 -1.000000 0.000000
vn 0.000000 1.000000 0.000000
vn 0.000000 1.000000 0.000000
vn 0.000000 1.000000 0.000000
vn 0.000000 1.000000 0.000000
vn 0.000000 1.000000 0.000000
vn -0.000000 1.000000 -0.000000
vn 0.000000 1.000000 0.000000
vn 0.000000 1.000000 0.000000
vn 0.000000 1.000000 0.000000
vn 0.000000 1.000000 0.000000
vn 0.000000 1.000000 0.000000
vn 0.000000 1.000000 0.000000
vn 0.000000 1.000000 0.000000
vn -0.000000 1.000000 -0.000000
vn 0.000000 1.000000 0.000000
vn 0.000000 1.000000 0.000000
vn 0.000000 1.000000 0.000000
s 1
g pCylinder62
usemtl lambert7SG
f 647/1309/1255 648/1310/1256 664/1327/1257 663/1326/1258
f 648/1310/1256 649/1311/1259 665/1328/1260 664/1327/1257
f 649/1311/1259 650/1312/1261 666/1329/1262 665/1328/1260
f 650/1312/1261 651/1313/1263 667/1330/1264 666/1329/1262
f 651/1313/1263 652/1314/1265 668/1331/1266 667/1330/1264
f 652/1314/1265 653/1315/1267 669/1332/1268 668/1331/1266
f 653/1315/1267 654/1316/1269 670/1333/1270 669/1332/1268
f 654/1316/1269 655/1317/1271 671/1334/1272 670/1333/1270
f 655/1317/1271 656/1318/1273 672/1335/1274 671/1334/1272
f 656/1318/1273 657/1319/1275 673/1336/1276 672/1335/1274
f 657/1319/1275 658/1320/1277 674/1337/1278 673/1336/1276
f 658/1320/1277 659/1321/1279 675/1338/1280 674/1337/1278
f 659/1321/1279 660/1322/1281 676/1339/1282 675/1338/1280
f 660/1322/1281 661/1323/1283 677/1340/1284 676/1339/1282
f 661/1323/1283 662/1324/1285 678/1341/1286 677/1340/1284
f 662/1324/1285 647/1325/1255 663/1342/1258 678/1341/1286
s 2
f 648/1294/1287 647/1293/1288 679/1359/1289
f 649/1295/1290 648/1294/1287 679/1359/1289
f 650/1296/1291 649/1295/1290 679/1359/1289
f 651/1297/1292 650/1296/1291 679/1359/1289
f 652/1298/1293 651/1297/1292 679/1359/1289
f 653/1299/1294 652/1298/1293 679/1359/1289
f 654/1300/1295 653/1299/1294 679/1359/1289
f 655/1301/1296 654/1300/1295 679/1359/1289
f 656/1302/1297 655/1301/1296 679/1359/1289
f 657/1303/1298 656/1302/1297 679/1359/1289
f 658/1304/1299 657/1303/1298 679/1359/1289
f 659/1305/1300 658/1304/1299 679/1359/1289
f 660/1306/1301 659/1305/1300 679/1359/1289
f 661/1307/1302 660/1306/1301 679/1359/1289
f 662/1308/1303 661/1307/1302 679/1359/1289
f 647/1293/1288 662/1308/1303 679/1359/1289
s 3
f 663/1357/1304 664/1356/1305 680/1360/1306
f 664/1356/1305 665/1355/1307 680/1360/1306
f 665/1355/1307 666/1354/1308 680/1360/1306
f 666/1354/1308 667/1353/1309 680/1360/1306
f 667/1353/1309 668/1352/1310 680/1360/1306
f 668/1352/1310 669/1351/1311 680/1360/1306
f 669/1351/1311 670/1350/1312 680/1360/1306
f 670/1350/1312 671/1349/1313 680/1360/1306
f 671/1349/1313 672/1348/1314 680/1360/1306
f 672/1348/1314 673/1347/1315 680/1360/1306
f 673/1347/1315 674/1346/1316 680/1360/1306
f 674/1346/1316 675/1345/1317 680/1360/1306
f 675/1345/1317 676/1344/1318 680/1360/1306
f 676/1344/1318 677/1343/1319 680/1360/1306
f 677/1343/1319 678/1358/1320 680/1360/1306
f 678/1358/1320 663/1357/1304 680/1360/1306
g default
v -3618.267245 64.253365 -198.722569
v -3623.511415 64.253365 -200.865568
v -3629.176486 64.253365 -200.838585
v -3634.400004 64.253365 -198.645727
v -3638.386736 64.253365 -194.620838
v -3640.529736 64.253365 -189.376668
v -3640.502752 64.253365 -183.711596
v -3638.309893 64.253365 -178.488078
v -3634.285002 64.253365 -174.501348
v -3629.040831 64.253365 -172.358348
v -3623.375759 64.253365 -172.385333
v -3618.152242 64.253365 -174.578193
v -3614.165513 64.253365 -178.603085
v -3612.022514 64.253365 -183.847255
v -3612.049500 64.253365 -189.512328
v -3614.242360 64.253365 -194.735845
v -3618.267245 67.343816 -198.722569
v -3623.511415 67.343816 -200.865568
v -3629.176486 67.343816 -200.838585
v -3634.400004 67.343816 -198.645727
v -3638.386736 67.343816 -194.620838
v -3640.529736 67.343816 -189.376668
v -3640.502752 67.343816 -183.711596
v -3638.309893 67.343816 -178.488078
v -3634.285002 67.343816 -174.501348
v -3629.040831 67.343816 -172.358348
v -3623.375759 67.343816 -172.385333
v -3618.152242 67.343816 -174.578193
v -3614.165513 67.343816 -178.603085
v -3612.022514 67.343816 -183.847255
v -3612.049500 67.343816 -189.512328
v -3614.242360 67.343816 -194.735845
v -3626.276125 64.253365 -186.611959
v -3626.276125 67.343816 -186.611959
vt 0.901341 0.331391
vt 0.805642 0.178433
vt 0.662417 0.076230
vt 0.493471 0.040341
vt 0.324526 0.076230
vt 0.181301 0.178433
vt 0.085601 0.331390
vt 0.051995 0.511816
vt 0.085601 0.692242
vt 0.181301 0.845199
vt 0.324526 0.947402
vt 0.493471 0.983291
vt 0.662416 0.947402
vt 0.805642 0.845199
vt 0.901341 0.692242
vt 0.934947 0.511816
vt 0.160892 0.390895
vt 0.166870 0.390895
vt 0.172848 0.390895
vt 0.178827 0.390895
vt 0.184805 0.390895
vt 0.190784 0.390895
vt 0.196762 0.390895
vt 0.202741 0.390895
vt 0.208719 0.390895
vt 0.214697 0.390895
vt 0.220676 0.390895
vt 0.226654 0.390895
vt 0.232633 0.390895
vt 0.238611 0.390895
vt 0.244590 0.390895
vt 0.250568 0.390895
vt 0.256546 0.390895
vt 0.160892 0.597454
vt 0.166870 0.597454
vt 0.172848 0.597454
vt 0.178827 0.597454
vt 0.184805 0.597454
vt 0.190784 0.597454
vt 0.196762 0.597454
vt 0.202741 0.597454
vt 0.208719 0.597454
vt 0.214697 0.597454
vt 0.220676 0.597454
vt 0.226654 0.597454
vt 0.232633 0.597454
vt 0.238611 0.597454
vt 0.244590 0.597454
vt 0.250568 0.597454
vt 0.256546 0.597454
vt 0.901341 0.331391
vt 0.805642 0.178433
vt 0.662417 0.076230
vt 0.493471 0.040341
vt 0.324526 0.076230
vt 0.181301 0.178433
vt 0.085601 0.331390
vt 0.051995 0.511816
vt 0.085601 0.692242
vt 0.181301 0.845199
vt 0.324526 0.947402
vt 0.493471 0.983291
vt 0.662416 0.947402
vt 0.805642 0.845199
vt 0.901341 0.692242
vt 0.934947 0.511816
vt 0.493471 0.511816
vt 0.493471 0.511816
vn 0.551603 0.000000 -0.834107
vn 0.190416 0.000000 -0.981703
vn 0.190416 0.000000 -0.981703
vn 0.551603 0.000000 -0.834107
vn -0.199760 0.000000 -0.979845
vn -0.199760 0.000000 -0.979845
vn -0.559524 0.000000 -0.828814
vn -0.559524 0.000000 -0.828814
vn -0.834106 0.000000 -0.551604
vn -0.834106 0.000000 -0.551604
vn -0.981703 0.000000 -0.190417
vn -0.981703 0.000000 -0.190417
vn -0.979845 0.000000 0.199760
vn -0.979845 0.000000 0.199760
vn -0.828814 0.000000 0.559524
vn -0.828814 0.000000 0.559524
vn -0.551603 0.000000 0.834107
vn -0.551603 0.000000 0.834107
vn -0.190416 0.000000 0.981703
vn -0.190416 0.000000 0.981703
vn 0.199760 0.000000 0.979845
vn 0.199760 0.000000 0.979845
vn 0.559525 0.000000 0.828814
vn 0.559525 0.000000 0.828814
vn 0.834107 0.000000 0.551603
vn 0.834107 0.000000 0.551603
vn 0.981703 0.000000 0.190416
vn 0.981703 0.000000 0.190416
vn 0.979845 0.000000 -0.199760
vn 0.979845 0.000000 -0.199760
vn 0.828814 0.000000 -0.559524
vn 0.828814 0.000000 -0.559524
vn 0.000000 -1.000000 0.000000
vn 0.000000 -1.000000 0.000000
vn -0.000000 -1.000000 -0.000000
vn -0.000000 -1.000000 -0.000000
vn -0.000000 -1.000000 -0.000000
vn -0.000000 -1.000000 -0.000000
vn -0.000000 -1.000000 -0.000000
vn 0.000000 -1.000000 0.000000
vn 0.000000 -1.000000 0.000000
vn 0.000000 -1.000000 0.000000
vn 0.000000 -1.000000 0.000000
vn -0.000000 -1.000000 -0.000000
vn -0.000000 -1.000000 -0.000000
vn -0.000000 -1.000000 -0.000000
vn -0.000000 -1.000000 -0.000000
vn 0.000000 -1.000000 0.000000
vn 0.000000 -1.000000 0.000000
vn 0.000000 1.000000 0.000000
vn 0.000000 1.000000 0.000000
vn 0.000000 1.000000 0.000000
vn 0.000000 1.000000 0.000000
vn 0.000000 1.000000 0.000000
vn -0.000000 1.000000 -0.000000
vn 0.000000 1.000000 0.000000
vn 0.000000 1.000000 0.000000
vn 0.000000 1.000000 0.000000
vn 0.000000 1.000000 0.000000
vn 0.000000 1.000000 0.000000
vn 0.000000 1.000000 0.000000
vn 0.000000 1.000000 0.000000
vn -0.000000 1.000000 -0.000000
vn 0.000000 1.000000 0.000000
vn 0.000000 1.000000 0.000000
vn 0.000000 1.000000 0.000000
s 1
g pCylinder54
usemtl lambert7SG
f 681/1377/1321 682/1378/1322 698/1395/1323 697/1394/1324
f 682/1378/1322 683/1379/1325 699/1396/1326 698/1395/1323
f 683/1379/1325 684/1380/1327 700/1397/1328 699/1396/1326
f 684/1380/1327 685/1381/1329 701/1398/1330 700/1397/1328
f 685/1381/1329 686/1382/1331 702/1399/1332 701/1398/1330
f 686/1382/1331 687/1383/1333 703/1400/1334 702/1399/1332
f 687/1383/1333 688/1384/1335 704/1401/1336 703/1400/1334
f 688/1384/1335 689/1385/1337 705/1402/1338 704/1401/1336
f 689/1385/1337 690/1386/1339 706/1403/1340 705/1402/1338
f 690/1386/1339 691/1387/1341 707/1404/1342 706/1403/1340
f 691/1387/1341 692/1388/1343 708/1405/1344 707/1404/1342
f 692/1388/1343 693/1389/1345 709/1406/1346 708/1405/1344
f 693/1389/1345 694/1390/1347 710/1407/1348 709/1406/1346
f 694/1390/1347 695/1391/1349 711/1408/1350 710/1407/1348
f 695/1391/1349 696/1392/1351 712/1409/1352 711/1408/1350
f 696/1392/1351 681/1393/1321 697/1410/1324 712/1409/1352
s 2
f 682/1362/1353 681/1361/1354 713/1427/1355
f 683/1363/1356 682/1362/1353 713/1427/1355
f 684/1364/1357 683/1363/1356 713/1427/1355
f 685/1365/1358 684/1364/1357 713/1427/1355
f 686/1366/1359 685/1365/1358 713/1427/1355
f 687/1367/1360 686/1366/1359 713/1427/1355
f 688/1368/1361 687/1367/1360 713/1427/1355
f 689/1369/1362 688/1368/1361 713/1427/1355
f 690/1370/1363 689/1369/1362 713/1427/1355
f 691/1371/1364 690/1370/1363 713/1427/1355
f 692/1372/1365 691/1371/1364 713/1427/1355
f 693/1373/1366 692/1372/1365 713/1427/1355
f 694/1374/1367 693/1373/1366 713/1427/1355
f 695/1375/1368 694/1374/1367 713/1427/1355
f 696/1376/1369 695/1375/1368 713/1427/1355
f 681/1361/1354 696/1376/1369 713/1427/1355
s 3
f 697/1425/1370 698/1424/1371 714/1428/1372
f 698/1424/1371 699/1423/1373 714/1428/1372
f 699/1423/1373 700/1422/1374 714/1428/1372
f 700/1422/1374 701/1421/1375 714/1428/1372
f 701/1421/1375 702/1420/1376 714/1428/1372
f 702/1420/1376 703/1419/1377 714/1428/1372
f 703/1419/1377 704/1418/1378 714/1428/1372
f 704/1418/1378 705/1417/1379 714/1428/1372
f 705/1417/1379 706/1416/1380 714/1428/1372
f 706/1416/1380 707/1415/1381 714/1428/1372
f 707/1415/1381 708/1414/1382 714/1428/1372
f 708/1414/1382 709/1413/1383 714/1428/1372
f 709/1413/1383 710/1412/1384 714/1428/1372
f 710/1412/1384 711/1411/1385 714/1428/1372
f 711/1411/1385 712/1426/1386 714/1428/1372
f 712/1426/1386 697/1425/1370 714/1428/1372
g default
v -3618.267245 64.253365 -220.612175
v -3623.511415 64.253365 -222.755174
v -3629.176486 64.253365 -222.728191
v -3634.400004 64.253365 -220.535334
v -3638.386736 64.253365 -216.510444
v -3640.529736 64.253365 -211.266274
v -3640.502752 64.253365 -205.601202
v -3638.309893 64.253365 -200.377684
v -3634.285002 64.253365 -196.390954
v -3629.040831 64.253365 -194.247954
v -3623.375759 64.253365 -194.274939
v -3618.152242 64.253365 -196.467799
v -3614.165513 64.253365 -200.492691
v -3612.022514 64.253365 -205.736861
v -3612.049500 64.253365 -211.401934
v -3614.242360 64.253365 -216.625451
v -3618.267245 67.343816 -220.612175
v -3623.511415 67.343816 -222.755174
v -3629.176486 67.343816 -222.728191
v -3634.400004 67.343816 -220.535334
v -3638.386736 67.343816 -216.510444
v -3640.529736 67.343816 -211.266274
v -3640.502752 67.343816 -205.601202
v -3638.309893 67.343816 -200.377684
v -3634.285002 67.343816 -196.390954
v -3629.040831 67.343816 -194.247954
v -3623.375759 67.343816 -194.274939
v -3618.152242 67.343816 -196.467799
v -3614.165513 67.343816 -200.492691
v -3612.022514 67.343816 -205.736861
v -3612.049500 67.343816 -211.401934
v -3614.242360 67.343816 -216.625451
v -3626.276125 64.253365 -208.501565
v -3626.276125 67.343816 -208.501565
vt 0.901341 0.331391
vt 0.805642 0.178433
vt 0.662417 0.076230
vt 0.493471 0.040341
vt 0.324526 0.076230
vt 0.181301 0.178433
vt 0.085601 0.331390
vt 0.051995 0.511816
vt 0.085601 0.692242
vt 0.181301 0.845199
vt 0.324526 0.947402
vt 0.493471 0.983291
vt 0.662416 0.947402
vt 0.805642 0.845199
vt 0.901341 0.692242
vt 0.934947 0.511816
vt 0.160892 0.390895
vt 0.166870 0.390895
vt 0.172848 0.390895
vt 0.178827 0.390895
vt 0.184805 0.390895
vt 0.190784 0.390895
vt 0.196762 0.390895
vt 0.202741 0.390895
vt 0.208719 0.390895
vt 0.214697 0.390895
vt 0.220676 0.390895
vt 0.226654 0.390895
vt 0.232633 0.390895
vt 0.238611 0.390895
vt 0.244590 0.390895
vt 0.250568 0.390895
vt 0.256546 0.390895
vt 0.160892 0.597454
vt 0.166870 0.597454
vt 0.172848 0.597454
vt 0.178827 0.597454
vt 0.184805 0.597454
vt 0.190784 0.597454
vt 0.196762 0.597454
vt 0.202741 0.597454
vt 0.208719 0.597454
vt 0.214697 0.597454
vt 0.220676 0.597454
vt 0.226654 0.597454
vt 0.232633 0.597454
vt 0.238611 0.597454
vt 0.244590 0.597454
vt 0.250568 0.597454
vt 0.256546 0.597454
vt 0.901341 0.331391
vt 0.805642 0.178433
vt 0.662417 0.076230
vt 0.493471 0.040341
vt 0.324526 0.076230
vt 0.181301 0.178433
vt 0.085601 0.331390
vt 0.051995 0.511816
vt 0.085601 0.692242
vt 0.181301 0.845199
vt 0.324526 0.947402
vt 0.493471 0.983291
vt 0.662416 0.947402
vt 0.805642 0.845199
vt 0.901341 0.692242
vt 0.934947 0.511816
vt 0.493471 0.511816
vt 0.493471 0.511816
vn 0.551603 0.000000 -0.834107
vn 0.190416 0.000000 -0.981703
vn 0.190416 0.000000 -0.981703
vn 0.551603 0.000000 -0.834107
vn -0.199760 0.000000 -0.979845
vn -0.199760 0.000000 -0.979845
vn -0.559524 0.000000 -0.828814
vn -0.559524 0.000000 -0.828814
vn -0.834106 0.000000 -0.551604
vn -0.834106 0.000000 -0.551604
vn -0.981703 0.000000 -0.190417
vn -0.981703 0.000000 -0.190417
vn -0.979845 0.000000 0.199760
vn -0.979845 0.000000 0.199760
vn -0.828814 0.000000 0.559524
vn -0.828814 0.000000 0.559524
vn -0.551603 0.000000 0.834107
vn -0.551603 0.000000 0.834107
vn -0.190416 0.000000 0.981703
vn -0.190416 0.000000 0.981703
vn 0.199760 0.000000 0.979845
vn 0.199760 0.000000 0.979845
vn 0.559525 0.000000 0.828814
vn 0.559525 0.000000 0.828814
vn 0.834107 0.000000 0.551603
vn 0.834107 0.000000 0.551603
vn 0.981703 0.000000 0.190416
vn 0.981703 0.000000 0.190416
vn 0.979845 0.000000 -0.199760
vn 0.979845 0.000000 -0.199760
vn 0.828814 0.000000 -0.559524
vn 0.828814 0.000000 -0.559524
vn 0.000000 -1.000000 0.000000
vn 0.000000 -1.000000 0.000000
vn -0.000000 -1.000000 -0.000000
vn -0.000000 -1.000000 -0.000000
vn -0.000000 -1.000000 -0.000000
vn -0.000000 -1.000000 -0.000000
vn -0.000000 -1.000000 -0.000000
vn 0.000000 -1.000000 0.000000
vn 0.000000 -1.000000 0.000000
vn 0.000000 -1.000000 0.000000
vn 0.000000 -1.000000 0.000000
vn -0.000000 -1.000000 -0.000000
vn -0.000000 -1.000000 -0.000000
vn -0.000000 -1.000000 -0.000000
vn -0.000000 -1.000000 -0.000000
vn 0.000000 -1.000000 0.000000
vn 0.000000 -1.000000 0.000000
vn 0.000000 1.000000 0.000000
vn 0.000000 1.000000 0.000000
vn 0.000000 1.000000 0.000000
vn 0.000000 1.000000 0.000000
vn 0.000000 1.000000 0.000000
vn -0.000000 1.000000 -0.000000
vn 0.000000 1.000000 0.000000
vn 0.000000 1.000000 0.000000
vn 0.000000 1.000000 0.000000
vn 0.000000 1.000000 0.000000
vn 0.000000 1.000000 0.000000
vn 0.000000 1.000000 0.000000
vn 0.000000 1.000000 0.000000
vn -0.000000 1.000000 -0.000000
vn 0.000000 1.000000 0.000000
vn 0.000000 1.000000 0.000000
vn 0.000000 1.000000 0.000000
s 1
g pCylinder60
usemtl lambert7SG
f 715/1445/1387 716/1446/1388 732/1463/1389 731/1462/1390
f 716/1446/1388 717/1447/1391 733/1464/1392 732/1463/1389
f 717/1447/1391 718/1448/1393 734/1465/1394 733/1464/1392
f 718/1448/1393 719/1449/1395 735/1466/1396 734/1465/1394
f 719/1449/1395 720/1450/1397 736/1467/1398 735/1466/1396
f 720/1450/1397 721/1451/1399 737/1468/1400 736/1467/1398
f 721/1451/1399 722/1452/1401 738/1469/1402 737/1468/1400
f 722/1452/1401 723/1453/1403 739/1470/1404 738/1469/1402
f 723/1453/1403 724/1454/1405 740/1471/1406 739/1470/1404
f 724/1454/1405 725/1455/1407 741/1472/1408 740/1471/1406
f 725/1455/1407 726/1456/1409 742/1473/1410 741/1472/1408
f 726/1456/1409 727/1457/1411 743/1474/1412 742/1473/1410
f 727/1457/1411 728/1458/1413 744/1475/1414 743/1474/1412
f 728/1458/1413 729/1459/1415 745/1476/1416 744/1475/1414
f 729/1459/1415 730/1460/1417 746/1477/1418 745/1476/1416
f 730/1460/1417 715/1461/1387 731/1478/1390 746/1477/1418
s 2
f 716/1430/1419 715/1429/1420 747/1495/1421
f 717/1431/1422 716/1430/1419 747/1495/1421
f 718/1432/1423 717/1431/1422 747/1495/1421
f 719/1433/1424 718/1432/1423 747/1495/1421
f 720/1434/1425 719/1433/1424 747/1495/1421
f 721/1435/1426 720/1434/1425 747/1495/1421
f 722/1436/1427 721/1435/1426 747/1495/1421
f 723/1437/1428 722/1436/1427 747/1495/1421
f 724/1438/1429 723/1437/1428 747/1495/1421
f 725/1439/1430 724/1438/1429 747/1495/1421
f 726/1440/1431 725/1439/1430 747/1495/1421
f 727/1441/1432 726/1440/1431 747/1495/1421
f 728/1442/1433 727/1441/1432 747/1495/1421
f 729/1443/1434 728/1442/1433 747/1495/1421
f 730/1444/1435 729/1443/1434 747/1495/1421
f 715/1429/1420 730/1444/1435 747/1495/1421
s 3
f 731/1493/1436 732/1492/1437 748/1496/1438
f 732/1492/1437 733/1491/1439 748/1496/1438
f 733/1491/1439 734/1490/1440 748/1496/1438
f 734/1490/1440 735/1489/1441 748/1496/1438
f 735/1489/1441 736/1488/1442 748/1496/1438
f 736/1488/1442 737/1487/1443 748/1496/1438
f 737/1487/1443 738/1486/1444 748/1496/1438
f 738/1486/1444 739/1485/1445 748/1496/1438
f 739/1485/1445 740/1484/1446 748/1496/1438
f 740/1484/1446 741/1483/1447 748/1496/1438
f 741/1483/1447 742/1482/1448 748/1496/1438
f 742/1482/1448 743/1481/1449 748/1496/1438
f 743/1481/1449 744/1480/1450 748/1496/1438
f 744/1480/1450 745/1479/1451 748/1496/1438
f 745/1479/1451 746/1494/1452 748/1496/1438
f 746/1494/1452 731/1493/1436 748/1496/1438
g default
v -3635.393498 70.416428 -193.875242
v -3641.022719 70.416428 -193.238352
v -3645.979715 70.416428 -190.495732
v -3649.509826 70.416428 -186.064922
v -3651.075627 70.416428 -180.620473
v -3650.438737 70.416428 -174.991251
v -3647.696117 70.416428 -170.034255
v -3643.265306 70.416428 -166.504144
v -3637.820855 70.416428 -164.938345
v -3632.191633 70.416428 -165.575237
v -3627.234638 70.416428 -168.317858
v -3623.704528 70.416428 -172.748669
v -3622.138730 70.416428 -178.193120
v -3622.775622 70.416428 -183.822341
v -3625.518245 70.416428 -188.779336
v -3629.949056 70.416428 -192.309446
v -3635.393498 73.506878 -193.875242
v -3641.022719 73.506878 -193.238352
v -3645.979715 73.506878 -190.495732
v -3649.509826 73.506878 -186.064922
v -3651.075627 73.506878 -180.620473
v -3650.438737 73.506878 -174.991251
v -3647.696117 73.506878 -170.034255
v -3643.265306 73.506878 -166.504144
v -3637.820855 73.506878 -164.938345
v -3632.191633 73.506878 -165.575237
v -3627.234638 73.506878 -168.317858
v -3623.704528 73.506878 -172.748669
v -3622.138730 73.506878 -178.193120
v -3622.775622 73.506878 -183.822341
v -3625.518245 73.506878 -188.779336
v -3629.949056 73.506878 -192.309446
v -3636.607179 70.416428 -179.406794
v -3636.607179 73.506878 -179.406794
vt 0.901341 0.331391
vt 0.805642 0.178433
vt 0.662417 0.076230
vt 0.493471 0.040341
vt 0.324526 0.076230
vt 0.181301 0.178433
vt 0.085601 0.331390
vt 0.051995 0.511816
vt 0.085601 0.692242
vt 0.181301 0.845199
vt 0.324526 0.947402
vt 0.493471 0.983291
vt 0.662416 0.947402
vt 0.805642 0.845199
vt 0.901341 0.692242
vt 0.934947 0.511816
vt 0.160892 0.390895
vt 0.166870 0.390895
vt 0.172848 0.390895
vt 0.178827 0.390895
vt 0.184805 0.390895
vt 0.190784 0.390895
vt 0.196762 0.390895
vt 0.202741 0.390895
vt 0.208719 0.390895
vt 0.214697 0.390895
vt 0.220676 0.390895
vt 0.226654 0.390895
vt 0.232633 0.390895
vt 0.238611 0.390895
vt 0.244590 0.390895
vt 0.250568 0.390895
vt 0.256546 0.390895
vt 0.160892 0.597454
vt 0.166870 0.597454
vt 0.172848 0.597454
vt 0.178827 0.597454
vt 0.184805 0.597454
vt 0.190784 0.597454
vt 0.196762 0.597454
vt 0.202741 0.597454
vt 0.208719 0.597454
vt 0.214697 0.597454
vt 0.220676 0.597454
vt 0.226654 0.597454
vt 0.232633 0.597454
vt 0.238611 0.597454
vt 0.244590 0.597454
vt 0.250568 0.597454
vt 0.256546 0.597454
vt 0.901341 0.331391
vt 0.805642 0.178433
vt 0.662417 0.076230
vt 0.493471 0.040341
vt 0.324526 0.076230
vt 0.181301 0.178433
vt 0.085601 0.331390
vt 0.051995 0.511816
vt 0.085601 0.692242
vt 0.181301 0.845199
vt 0.324526 0.947402
vt 0.493471 0.983291
vt 0.662416 0.947402
vt 0.805642 0.845199
vt 0.901341 0.692242
vt 0.934947 0.511816
vt 0.493471 0.511816
vt 0.493471 0.511816
vn 0.083591 0.000000 -0.996500
vn -0.304116 0.000000 -0.952635
vn -0.304116 0.000000 -0.952635
vn 0.083591 0.000000 -0.996500
vn -0.645524 0.000000 -0.763740
vn -0.645524 0.000000 -0.763740
vn -0.888657 0.000000 -0.458572
vn -0.888657 0.000000 -0.458572
vn -0.996500 0.000000 -0.083591
vn -0.996500 0.000000 -0.083591
vn -0.952635 0.000000 0.304116
vn -0.952635 0.000000 0.304116
vn -0.763740 0.000000 0.645524
vn -0.763740 0.000000 0.645524
vn -0.458572 0.000000 0.888657
vn -0.458572 0.000000 0.888657
vn -0.083591 0.000000 0.996500
vn -0.083591 0.000000 0.996500
vn 0.304116 0.000000 0.952635
vn 0.304116 0.000000 0.952635
vn 0.645525 0.000000 0.763740
vn 0.645525 0.000000 0.763740
vn 0.888657 0.000000 0.458572
vn 0.888657 0.000000 0.458572
vn 0.996500 0.000000 0.083591
vn 0.996500 0.000000 0.083591
vn 0.952635 0.000000 -0.304117
vn 0.952635 0.000000 -0.304117
vn 0.763739 0.000000 -0.645525
vn 0.763739 0.000000 -0.645525
vn 0.458572 0.000000 -0.888657
vn 0.458572 0.000000 -0.888657
vn 0.000000 -1.000000 0.000000
vn 0.000000 -1.000000 0.000000
vn -0.000000 -1.000000 -0.000000
vn -0.000000 -1.000000 -0.000000
vn -0.000000 -1.000000 -0.000000
vn -0.000000 -1.000000 -0.000000
vn -0.000000 -1.000000 -0.000000
vn 0.000000 -1.000000 0.000000
vn 0.000000 -1.000000 0.000000
vn 0.000000 -1.000000 0.000000
vn 0.000000 -1.000000 0.000000
vn -0.000000 -1.000000 -0.000000
vn -0.000000 -1.000000 -0.000000
vn -0.000000 -1.000000 -0.000000
vn -0.000000 -1.000000 -0.000000
vn 0.000000 -1.000000 0.000000
vn 0.000000 -1.000000 0.000000
vn 0.000000 1.000000 0.000000
vn 0.000000 1.000000 0.000000
vn 0.000000 1.000000 0.000000
vn 0.000000 1.000000 0.000000
vn 0.000000 1.000000 0.000000
vn -0.000000 1.000000 -0.000000
vn 0.000000 1.000000 0.000000
vn 0.000000 1.000000 0.000000
vn 0.000000 1.000000 0.000000
vn 0.000000 1.000000 0.000000
vn 0.000000 1.000000 0.000000
vn 0.000000 1.000000 0.000000
vn 0.000000 1.000000 0.000000
vn -0.000000 1.000000 -0.000000
vn 0.000000 1.000000 0.000000
vn 0.000000 1.000000 0.000000
vn 0.000000 1.000000 0.000000
s 1
g pCylinder50
usemtl lambert7SG
f 749/1513/1453 750/1514/1454 766/1531/1455 765/1530/1456
f 750/1514/1454 751/1515/1457 767/1532/1458 766/1531/1455
f 751/1515/1457 752/1516/1459 768/1533/1460 767/1532/1458
f 752/1516/1459 753/1517/1461 769/1534/1462 768/1533/1460
f 753/1517/1461 754/1518/1463 770/1535/1464 769/1534/1462
f 754/1518/1463 755/1519/1465 771/1536/1466 770/1535/1464
f 755/1519/1465 756/1520/1467 772/1537/1468 771/1536/1466
f 756/1520/1467 757/1521/1469 773/1538/1470 772/1537/1468
f 757/1521/1469 758/1522/1471 774/1539/1472 773/1538/1470
f 758/1522/1471 759/1523/1473 775/1540/1474 774/1539/1472
f 759/1523/1473 760/1524/1475 776/1541/1476 775/1540/1474
f 760/1524/1475 761/1525/1477 777/1542/1478 776/1541/1476
f 761/1525/1477 762/1526/1479 778/1543/1480 777/1542/1478
f 762/1526/1479 763/1527/1481 779/1544/1482 778/1543/1480
f 763/1527/1481 764/1528/1483 780/1545/1484 779/1544/1482
f 764/1528/1483 749/1529/1453 765/1546/1456 780/1545/1484
s 2
f 750/1498/1485 749/1497/1486 781/1563/1487
f 751/1499/1488 750/1498/1485 781/1563/1487
f 752/1500/1489 751/1499/1488 781/1563/1487
f 753/1501/1490 752/1500/1489 781/1563/1487
f 754/1502/1491 753/1501/1490 781/1563/1487
f 755/1503/1492 754/1502/1491 781/1563/1487
f 756/1504/1493 755/1503/1492 781/1563/1487
f 757/1505/1494 756/1504/1493 781/1563/1487
f 758/1506/1495 757/1505/1494 781/1563/1487
f 759/1507/1496 758/1506/1495 781/1563/1487
f 760/1508/1497 759/1507/1496 781/1563/1487
f 761/1509/1498 760/1508/1497 781/1563/1487
f 762/1510/1499 761/1509/1498 781/1563/1487
f 763/1511/1500 762/1510/1499 781/1563/1487
f 764/1512/1501 763/1511/1500 781/1563/1487
f 749/1497/1486 764/1512/1501 781/1563/1487
s 3
f 765/1561/1502 766/1560/1503 782/1564/1504
f 766/1560/1503 767/1559/1505 782/1564/1504
f 767/1559/1505 768/1558/1506 782/1564/1504
f 768/1558/1506 769/1557/1507 782/1564/1504
f 769/1557/1507 770/1556/1508 782/1564/1504
f 770/1556/1508 771/1555/1509 782/1564/1504
f 771/1555/1509 772/1554/1510 782/1564/1504
f 772/1554/1510 773/1553/1511 782/1564/1504
f 773/1553/1511 774/1552/1512 782/1564/1504
f 774/1552/1512 775/1551/1513 782/1564/1504
f 775/1551/1513 776/1550/1514 782/1564/1504
f 776/1550/1514 777/1549/1515 782/1564/1504
f 777/1549/1515 778/1548/1516 782/1564/1504
f 778/1548/1516 779/1547/1517 782/1564/1504
f 779/1547/1517 780/1562/1518 782/1564/1504
f 780/1562/1518 765/1561/1502 782/1564/1504
g default
v -3653.021120 64.253365 -191.867961
v -3658.650342 64.253365 -191.231071
v -3663.607337 64.253365 -188.488451
v -3667.137449 64.253365 -184.057641
v -3668.703250 64.253365 -178.613192
v -3668.066359 64.253365 -172.983970
v -3665.323739 64.253365 -168.026974
v -3660.892928 64.253365 -164.496863
v -3655.448478 64.253365 -162.931065
v -3649.819255 64.253365 -163.567956
v -3644.862260 64.253365 -166.310577
v -3641.332150 64.253365 -170.741388
v -3639.766353 64.253365 -176.185839
v -3640.403244 64.253365 -181.815060
v -3643.145867 64.253365 -186.772055
v -3647.576679 64.253365 -190.302165
v -3653.021120 67.343816 -191.867961
v -3658.650342 67.343816 -191.231071
v -3663.607337 67.343816 -188.488451
v -3667.137449 67.343816 -184.057641
v -3668.703250 67.343816 -178.613192
v -3668.066359 67.343816 -172.983970
v -3665.323739 67.343816 -168.026974
v -3660.892928 67.343816 -164.496863
v -3655.448478 67.343816 -162.931065
v -3649.819255 67.343816 -163.567956
v -3644.862260 67.343816 -166.310577
v -3641.332150 67.343816 -170.741388
v -3639.766353 67.343816 -176.185839
v -3640.403244 67.343816 -181.815060
v -3643.145867 67.343816 -186.772055
v -3647.576679 67.343816 -190.302165
v -3654.234801 64.253365 -177.399513
v -3654.234801 67.343816 -177.399513
vt 0.901341 0.331391
vt 0.805642 0.178433
vt 0.662417 0.076230
vt 0.493471 0.040341
vt 0.324526 0.076230
vt 0.181301 0.178433
vt 0.085601 0.331390
vt 0.051995 0.511816
vt 0.085601 0.692242
vt 0.181301 0.845199
vt 0.324526 0.947402
vt 0.493471 0.983291
vt 0.662416 0.947402
vt 0.805642 0.845199
vt 0.901341 0.692242
vt 0.934947 0.511816
vt 0.160892 0.390895
vt 0.166870 0.390895
vt 0.172848 0.390895
vt 0.178827 0.390895
vt 0.184805 0.390895
vt 0.190784 0.390895
vt 0.196762 0.390895
vt 0.202741 0.390895
vt 0.208719 0.390895
vt 0.214697 0.390895
vt 0.220676 0.390895
vt 0.226654 0.390895
vt 0.232633 0.390895
vt 0.238611 0.390895
vt 0.244590 0.390895
vt 0.250568 0.390895
vt 0.256546 0.390895
vt 0.160892 0.597454
vt 0.166870 0.597454
vt 0.172848 0.597454
vt 0.178827 0.597454
vt 0.184805 0.597454
vt 0.190784 0.597454
vt 0.196762 0.597454
vt 0.202741 0.597454
vt 0.208719 0.597454
vt 0.214697 0.597454
vt 0.220676 0.597454
vt 0.226654 0.597454
vt 0.232633 0.597454
vt 0.238611 0.597454
vt 0.244590 0.597454
vt 0.250568 0.597454
vt 0.256546 0.597454
vt 0.901341 0.331391
vt 0.805642 0.178433
vt 0.662417 0.076230
vt 0.493471 0.040341
vt 0.324526 0.076230
vt 0.181301 0.178433
vt 0.085601 0.331390
vt 0.051995 0.511816
vt 0.085601 0.692242
vt 0.181301 0.845199
vt 0.324526 0.947402
vt 0.493471 0.983291
vt 0.662416 0.947402
vt 0.805642 0.845199
vt 0.901341 0.692242
vt 0.934947 0.511816
vt 0.493471 0.511816
vt 0.493471 0.511816
vn 0.083591 0.000000 -0.996500
vn -0.304116 0.000000 -0.952635
vn -0.304116 0.000000 -0.952635
vn 0.083591 0.000000 -0.996500
vn -0.645524 0.000000 -0.763740
vn -0.645524 0.000000 -0.763740
vn -0.888657 0.000000 -0.458572
vn -0.888657 0.000000 -0.458572
vn -0.996500 0.000000 -0.083591
vn -0.996500 0.000000 -0.083591
vn -0.952635 0.000000 0.304116
vn -0.952635 0.000000 0.304116
vn -0.763740 0.000000 0.645524
vn -0.763740 0.000000 0.645524
vn -0.458572 0.000000 0.888657
vn -0.458572 0.000000 0.888657
vn -0.083591 0.000000 0.996500
vn -0.083591 0.000000 0.996500
vn 0.304116 0.000000 0.952635
vn 0.304116 0.000000 0.952635
vn 0.645525 0.000000 0.763740
vn 0.645525 0.000000 0.763740
vn 0.888657 0.000000 0.458572
vn 0.888657 0.000000 0.458572
vn 0.996500 0.000000 0.083591
vn 0.996500 0.000000 0.083591
vn 0.952635 0.000000 -0.304117
vn 0.952635 0.000000 -0.304117
vn 0.763739 0.000000 -0.645525
vn 0.763739 0.000000 -0.645525
vn 0.458572 0.000000 -0.888657
vn 0.458572 0.000000 -0.888657
vn 0.000000 -1.000000 0.000000
vn 0.000000 -1.000000 0.000000
vn -0.000000 -1.000000 -0.000000
vn -0.000000 -1.000000 -0.000000
vn -0.000000 -1.000000 -0.000000
vn -0.000000 -1.000000 -0.000000
vn -0.000000 -1.000000 -0.000000
vn 0.000000 -1.000000 0.000000
vn 0.000000 -1.000000 0.000000
vn 0.000000 -1.000000 0.000000
vn 0.000000 -1.000000 0.000000
vn -0.000000 -1.000000 -0.000000
vn -0.000000 -1.000000 -0.000000
vn -0.000000 -1.000000 -0.000000
vn -0.000000 -1.000000 -0.000000
vn 0.000000 -1.000000 0.000000
vn 0.000000 -1.000000 0.000000
vn 0.000000 1.000000 0.000000
vn 0.000000 1.000000 0.000000
vn 0.000000 1.000000 0.000000
vn 0.000000 1.000000 0.000000
vn 0.000000 1.000000 0.000000
vn -0.000000 1.000000 -0.000000
vn 0.000000 1.000000 0.000000
vn 0.000000 1.000000 0.000000
vn 0.000000 1.000000 0.000000
vn 0.000000 1.000000 0.000000
vn 0.000000 1.000000 0.000000
vn 0.000000 1.000000 0.000000
vn 0.000000 1.000000 0.000000
vn -0.000000 1.000000 -0.000000
vn 0.000000 1.000000 0.000000
vn 0.000000 1.000000 0.000000
vn 0.000000 1.000000 0.000000
s 1
g pCylinder56
usemtl lambert7SG
f 783/1581/1519 784/1582/1520 800/1599/1521 799/1598/1522
f 784/1582/1520 785/1583/1523 801/1600/1524 800/1599/1521
f 785/1583/1523 786/1584/1525 802/1601/1526 801/1600/1524
f 786/1584/1525 787/1585/1527 803/1602/1528 802/1601/1526
f 787/1585/1527 788/1586/1529 804/1603/1530 803/1602/1528
f 788/1586/1529 789/1587/1531 805/1604/1532 804/1603/1530
f 789/1587/1531 790/1588/1533 806/1605/1534 805/1604/1532
f 790/1588/1533 791/1589/1535 807/1606/1536 806/1605/1534
f 791/1589/1535 792/1590/1537 808/1607/1538 807/1606/1536
f 792/1590/1537 793/1591/1539 809/1608/1540 808/1607/1538
f 793/1591/1539 794/1592/1541 810/1609/1542 809/1608/1540
f 794/1592/1541 795/1593/1543 811/1610/1544 810/1609/1542
f 795/1593/1543 796/1594/1545 812/1611/1546 811/1610/1544
f 796/1594/1545 797/1595/1547 813/1612/1548 812/1611/1546
f 797/1595/1547 798/1596/1549 814/1613/1550 813/1612/1548
f 798/1596/1549 783/1597/1519 799/1614/1522 814/1613/1550
s 2
f 784/1566/1551 783/1565/1552 815/1631/1553
f 785/1567/1554 784/1566/1551 815/1631/1553
f 786/1568/1555 785/1567/1554 815/1631/1553
f 787/1569/1556 786/1568/1555 815/1631/1553
f 788/1570/1557 787/1569/1556 815/1631/1553
f 789/1571/1558 788/1570/1557 815/1631/1553
f 790/1572/1559 789/1571/1558 815/1631/1553
f 791/1573/1560 790/1572/1559 815/1631/1553
f 792/1574/1561 791/1573/1560 815/1631/1553
f 793/1575/1562 792/1574/1561 815/1631/1553
f 794/1576/1563 793/1575/1562 815/1631/1553
f 795/1577/1564 794/1576/1563 815/1631/1553
f 796/1578/1565 795/1577/1564 815/1631/1553
f 797/1579/1566 796/1578/1565 815/1631/1553
f 798/1580/1567 797/1579/1566 815/1631/1553
f 783/1565/1552 798/1580/1567 815/1631/1553
s 3
f 799/1629/1568 800/1628/1569 816/1632/1570
f 800/1628/1569 801/1627/1571 816/1632/1570
f 801/1627/1571 802/1626/1572 816/1632/1570
f 802/1626/1572 803/1625/1573 816/1632/1570
f 803/1625/1573 804/1624/1574 816/1632/1570
f 804/1624/1574 805/1623/1575 816/1632/1570
f 805/1623/1575 806/1622/1576 816/1632/1570
f 806/1622/1576 807/1621/1577 816/1632/1570
f 807/1621/1577 808/1620/1578 816/1632/1570
f 808/1620/1578 809/1619/1579 816/1632/1570
f 809/1619/1579 810/1618/1580 816/1632/1570
f 810/1618/1580 811/1617/1581 816/1632/1570
f 811/1617/1581 812/1616/1582 816/1632/1570
f 812/1616/1582 813/1615/1583 816/1632/1570
f 813/1615/1583 814/1630/1584 816/1632/1570
f 814/1630/1584 799/1629/1568 816/1632/1570
g default
v -3648.580853 67.319410 -177.646030
v -3654.210074 67.319410 -177.009140
v -3659.167070 67.319410 -174.266520
v -3662.697181 67.319410 -169.835710
v -3664.262982 67.319410 -164.391260
v -3663.626092 67.319410 -158.762038
v -3660.883472 67.319410 -153.805043
v -3656.452661 67.319410 -150.274932
v -3651.008210 67.319410 -148.709133
v -3645.378988 67.319410 -149.346024
v -3640.421993 67.319410 -152.088645
v -3636.891883 67.319410 -156.519457
v -3635.326085 67.319410 -161.963908
v -3635.962977 67.319410 -167.593129
v -3638.705600 67.319410 -172.550123
v -3643.136411 67.319410 -176.080233
v -3648.580853 70.409861 -177.646030
v -3654.210074 70.409861 -177.009140
v -3659.167070 70.409861 -174.266520
v -3662.697181 70.409861 -169.835710
v -3664.262982 70.409861 -164.391260
v -3663.626092 70.409861 -158.762038
v -3660.883472 70.409861 -153.805043
v -3656.452661 70.409861 -150.274932
v -3651.008210 70.409861 -148.709133
v -3645.378988 70.409861 -149.346024
v -3640.421993 70.409861 -152.088645
v -3636.891883 70.409861 -156.519457
v -3635.326085 70.409861 -161.963908
v -3635.962977 70.409861 -167.593129
v -3638.705600 70.409861 -172.550123
v -3643.136411 70.409861 -176.080233
v -3649.794534 67.319410 -163.177581
v -3649.794534 70.409861 -163.177581
vt 0.901341 0.331391
vt 0.805642 0.178433
vt 0.662417 0.076230
vt 0.493471 0.040341
vt 0.324526 0.076230
vt 0.181301 0.178433
vt 0.085601 0.331390
vt 0.051995 0.511816
vt 0.085601 0.692242
vt 0.181301 0.845199
vt 0.324526 0.947402
vt 0.493471 0.983291
vt 0.662416 0.947402
vt 0.805642 0.845199
vt 0.901341 0.692242
vt 0.934947 0.511816
vt 0.160892 0.390895
vt 0.166870 0.390895
vt 0.172848 0.390895
vt 0.178827 0.390895
vt 0.184805 0.390895
vt 0.190784 0.390895
vt 0.196762 0.390895
vt 0.202741 0.390895
vt 0.208719 0.390895
vt 0.214697 0.390895
vt 0.220676 0.390895
vt 0.226654 0.390895
vt 0.232633 0.390895
vt 0.238611 0.390895
vt 0.244590 0.390895
vt 0.250568 0.390895
vt 0.256546 0.390895
vt 0.160892 0.597454
vt 0.166870 0.597454
vt 0.172848 0.597454
vt 0.178827 0.597454
vt 0.184805 0.597454
vt 0.190784 0.597454
vt 0.196762 0.597454
vt 0.202741 0.597454
vt 0.208719 0.597454
vt 0.214697 0.597454
vt 0.220676 0.597454
vt 0.226654 0.597454
vt 0.232633 0.597454
vt 0.238611 0.597454
vt 0.244590 0.597454
vt 0.250568 0.597454
vt 0.256546 0.597454
vt 0.901341 0.331391
vt 0.805642 0.178433
vt 0.662417 0.076230
vt 0.493471 0.040341
vt 0.324526 0.076230
vt 0.181301 0.178433
vt 0.085601 0.331390
vt 0.051995 0.511816
vt 0.085601 0.692242
vt 0.181301 0.845199
vt 0.324526 0.947402
vt 0.493471 0.983291
vt 0.662416 0.947402
vt 0.805642 0.845199
vt 0.901341 0.692242
vt 0.934947 0.511816
vt 0.493471 0.511816
vt 0.493471 0.511816
vn 0.083591 0.000000 -0.996500
vn -0.304116 0.000000 -0.952635
vn -0.304116 0.000000 -0.952635
vn 0.083591 0.000000 -0.996500
vn -0.645524 0.000000 -0.763740
vn -0.645524 0.000000 -0.763740
vn -0.888657 0.000000 -0.458572
vn -0.888657 0.000000 -0.458572
vn -0.996500 0.000000 -0.083591
vn -0.996500 0.000000 -0.083591
vn -0.952635 0.000000 0.304116
vn -0.952635 0.000000 0.304116
vn -0.763740 0.000000 0.645524
vn -0.763740 0.000000 0.645524
vn -0.458572 0.000000 0.888657
vn -0.458572 0.000000 0.888657
vn -0.083591 0.000000 0.996500
vn -0.083591 0.000000 0.996500
vn 0.304116 0.000000 0.952635
vn 0.304116 0.000000 0.952635
vn 0.645525 0.000000 0.763740
vn 0.645525 0.000000 0.763740
vn 0.888657 0.000000 0.458572
vn 0.888657 0.000000 0.458572
vn 0.996500 0.000000 0.083591
vn 0.996500 0.000000 0.083591
vn 0.952635 0.000000 -0.304117
vn 0.952635 0.000000 -0.304117
vn 0.763739 0.000000 -0.645525
vn 0.763739 0.000000 -0.645525
vn 0.458572 0.000000 -0.888657
vn 0.458572 0.000000 -0.888657
vn 0.000000 -1.000000 0.000000
vn 0.000000 -1.000000 0.000000
vn -0.000000 -1.000000 -0.000000
vn -0.000000 -1.000000 -0.000000
vn -0.000000 -1.000000 -0.000000
vn -0.000000 -1.000000 -0.000000
vn -0.000000 -1.000000 -0.000000
vn 0.000000 -1.000000 0.000000
vn 0.000000 -1.000000 0.000000
vn 0.000000 -1.000000 0.000000
vn 0.000000 -1.000000 0.000000
vn -0.000000 -1.000000 -0.000000
vn -0.000000 -1.000000 -0.000000
vn -0.000000 -1.000000 -0.000000
vn -0.000000 -1.000000 -0.000000
vn 0.000000 -1.000000 0.000000
vn 0.000000 -1.000000 0.000000
vn 0.000000 1.000000 0.000000
vn 0.000000 1.000000 0.000000
vn 0.000000 1.000000 0.000000
vn 0.000000 1.000000 0.000000
vn 0.000000 1.000000 0.000000
vn -0.000000 1.000000 -0.000000
vn 0.000000 1.000000 0.000000
vn 0.000000 1.000000 0.000000
vn 0.000000 1.000000 0.000000
vn 0.000000 1.000000 0.000000
vn 0.000000 1.000000 0.000000
vn 0.000000 1.000000 0.000000
vn 0.000000 1.000000 0.000000
vn -0.000000 1.000000 -0.000000
vn 0.000000 1.000000 0.000000
vn 0.000000 1.000000 0.000000
vn 0.000000 1.000000 0.000000
s 1
g pCylinder63
usemtl lambert7SG
f 817/1649/1585 818/1650/1586 834/1667/1587 833/1666/1588
f 818/1650/1586 819/1651/1589 835/1668/1590 834/1667/1587
f 819/1651/1589 820/1652/1591 836/1669/1592 835/1668/1590
f 820/1652/1591 821/1653/1593 837/1670/1594 836/1669/1592
f 821/1653/1593 822/1654/1595 838/1671/1596 837/1670/1594
f 822/1654/1595 823/1655/1597 839/1672/1598 838/1671/1596
f 823/1655/1597 824/1656/1599 840/1673/1600 839/1672/1598
f 824/1656/1599 825/1657/1601 841/1674/1602 840/1673/1600
f 825/1657/1601 826/1658/1603 842/1675/1604 841/1674/1602
f 826/1658/1603 827/1659/1605 843/1676/1606 842/1675/1604
f 827/1659/1605 828/1660/1607 844/1677/1608 843/1676/1606
f 828/1660/1607 829/1661/1609 845/1678/1610 844/1677/1608
f 829/1661/1609 830/1662/1611 846/1679/1612 845/1678/1610
f 830/1662/1611 831/1663/1613 847/1680/1614 846/1679/1612
f 831/1663/1613 832/1664/1615 848/1681/1616 847/1680/1614
f 832/1664/1615 817/1665/1585 833/1682/1588 848/1681/1616
s 2
f 818/1634/1617 817/1633/1618 849/1699/1619
f 819/1635/1620 818/1634/1617 849/1699/1619
f 820/1636/1621 819/1635/1620 849/1699/1619
f 821/1637/1622 820/1636/1621 849/1699/1619
f 822/1638/1623 821/1637/1622 849/1699/1619
f 823/1639/1624 822/1638/1623 849/1699/1619
f 824/1640/1625 823/1639/1624 849/1699/1619
f 825/1641/1626 824/1640/1625 849/1699/1619
f 826/1642/1627 825/1641/1626 849/1699/1619
f 827/1643/1628 826/1642/1627 849/1699/1619
f 828/1644/1629 827/1643/1628 849/1699/1619
f 829/1645/1630 828/1644/1629 849/1699/1619
f 830/1646/1631 829/1645/1630 849/1699/1619
f 831/1647/1632 830/1646/1631 849/1699/1619
f 832/1648/1633 831/1647/1632 849/1699/1619
f 817/1633/1618 832/1648/1633 849/1699/1619
s 3
f 833/1697/1634 834/1696/1635 850/1700/1636
f 834/1696/1635 835/1695/1637 850/1700/1636
f 835/1695/1637 836/1694/1638 850/1700/1636
f 836/1694/1638 837/1693/1639 850/1700/1636
f 837/1693/1639 838/1692/1640 850/1700/1636
f 838/1692/1640 839/1691/1641 850/1700/1636
f 839/1691/1641 840/1690/1642 850/1700/1636
f 840/1690/1642 841/1689/1643 850/1700/1636
f 841/1689/1643 842/1688/1644 850/1700/1636
f 842/1688/1644 843/1687/1645 850/1700/1636
f 843/1687/1645 844/1686/1646 850/1700/1636
f 844/1686/1646 845/1685/1647 850/1700/1636
f 845/1685/1647 846/1684/1648 850/1700/1636
f 846/1684/1648 847/1683/1649 850/1700/1636
f 847/1683/1649 848/1698/1650 850/1700/1636
f 848/1698/1650 833/1697/1634 850/1700/1636
g default
v -3630.506350 64.253365 -149.402237
v -3636.135571 64.253365 -148.765347
v -3641.092567 64.253365 -146.022727
v -3644.622678 64.253365 -141.591917
v -3646.188479 64.253365 -136.147468
v -3645.551589 64.253365 -130.518246
v -3642.808969 64.253365 -125.561250
v -3638.378158 64.253365 -122.031139
v -3632.933707 64.253365 -120.465340
v -3627.304485 64.253365 -121.102232
v -3622.347490 64.253365 -123.844853
v -3618.817380 64.253365 -128.275664
v -3617.251582 64.253365 -133.720115
v -3617.888474 64.253365 -139.349336
v -3620.631097 64.253365 -144.306331
v -3625.061908 64.253365 -147.836441
v -3630.506350 67.343816 -149.402237
v -3636.135571 67.343816 -148.765347
v -3641.092567 67.343816 -146.022727
v -3644.622678 67.343816 -141.591917
v -3646.188479 67.343816 -136.147468
v -3645.551589 67.343816 -130.518246
v -3642.808969 67.343816 -125.561250
v -3638.378158 67.343816 -122.031139
v -3632.933707 67.343816 -120.465340
v -3627.304485 67.343816 -121.102232
v -3622.347490 67.343816 -123.844853
v -3618.817380 67.343816 -128.275664
v -3617.251582 67.343816 -133.720115
v -3617.888474 67.343816 -139.349336
v -3620.631097 67.343816 -144.306331
v -3625.061908 67.343816 -147.836441
v -3631.720031 64.253365 -134.933789
v -3631.720031 67.343816 -134.933789
vt 0.901341 0.331391
vt 0.805642 0.178433
vt 0.662417 0.076230
vt 0.493471 0.040341
vt 0.324526 0.076230
vt 0.181301 0.178433
vt 0.085601 0.331390
vt 0.051995 0.511816
vt 0.085601 0.692242
vt 0.181301 0.845199
vt 0.324526 0.947402
vt 0.493471 0.983291
vt 0.662416 0.947402
vt 0.805642 0.845199
vt 0.901341 0.692242
vt 0.934947 0.511816
vt 0.160892 0.390895
vt 0.166870 0.390895
vt 0.172848 0.390895
vt 0.178827 0.390895
vt 0.184805 0.390895
vt 0.190784 0.390895
vt 0.196762 0.390895
vt 0.202741 0.390895
vt 0.208719 0.390895
vt 0.214697 0.390895
vt 0.220676 0.390895
vt 0.226654 0.390895
vt 0.232633 0.390895
vt 0.238611 0.390895
vt 0.244590 0.390895
vt 0.250568 0.390895
vt 0.256546 0.390895
vt 0.160892 0.597454
vt 0.166870 0.597454
vt 0.172848 0.597454
vt 0.178827 0.597454
vt 0.184805 0.597454
vt 0.190784 0.597454
vt 0.196762 0.597454
vt 0.202741 0.597454
vt 0.208719 0.597454
vt 0.214697 0.597454
vt 0.220676 0.597454
vt 0.226654 0.597454
vt 0.232633 0.597454
vt 0.238611 0.597454
vt 0.244590 0.597454
vt 0.250568 0.597454
vt 0.256546 0.597454
vt 0.901341 0.331391
vt 0.805642 0.178433
vt 0.662417 0.076230
vt 0.493471 0.040341
vt 0.324526 0.076230
vt 0.181301 0.178433
vt 0.085601 0.331390
vt 0.051995 0.511816
vt 0.085601 0.692242
vt 0.181301 0.845199
vt 0.324526 0.947402
vt 0.493471 0.983291
vt 0.662416 0.947402
vt 0.805642 0.845199
vt 0.901341 0.692242
vt 0.934947 0.511816
vt 0.493471 0.511816
vt 0.493471 0.511816
vn 0.083591 0.000000 -0.996500
vn -0.304116 0.000000 -0.952635
vn -0.304116 0.000000 -0.952635
vn 0.083591 0.000000 -0.996500
vn -0.645524 0.000000 -0.763740
vn -0.645524 0.000000 -0.763740
vn -0.888657 0.000000 -0.458572
vn -0.888657 0.000000 -0.458572
vn -0.996500 0.000000 -0.083591
vn -0.996500 0.000000 -0.083591
vn -0.952635 0.000000 0.304116
vn -0.952635 0.000000 0.304116
vn -0.763740 0.000000 0.645524
vn -0.763740 0.000000 0.645524
vn -0.458572 0.000000 0.888657
vn -0.458572 0.000000 0.888657
vn -0.083591 0.000000 0.996500
vn -0.083591 0.000000 0.996500
vn 0.304116 0.000000 0.952635
vn 0.304116 0.000000 0.952635
vn 0.645525 0.000000 0.763740
vn 0.645525 0.000000 0.763740
vn 0.888657 0.000000 0.458572
vn 0.888657 0.000000 0.458572
vn 0.996500 0.000000 0.083591
vn 0.996500 0.000000 0.083591
vn 0.952635 0.000000 -0.304117
vn 0.952635 0.000000 -0.304117
vn 0.763739 0.000000 -0.645525
vn 0.763739 0.000000 -0.645525
vn 0.458572 0.000000 -0.888657
vn 0.458572 0.000000 -0.888657
vn 0.000000 -1.000000 0.000000
vn 0.000000 -1.000000 0.000000
vn -0.000000 -1.000000 -0.000000
vn -0.000000 -1.000000 -0.000000
vn -0.000000 -1.000000 -0.000000
vn -0.000000 -1.000000 -0.000000
vn -0.000000 -1.000000 -0.000000
vn 0.000000 -1.000000 0.000000
vn 0.000000 -1.000000 0.000000
vn 0.000000 -1.000000 0.000000
vn 0.000000 -1.000000 0.000000
vn -0.000000 -1.000000 -0.000000
vn -0.000000 -1.000000 -0.000000
vn -0.000000 -1.000000 -0.000000
vn -0.000000 -1.000000 -0.000000
vn 0.000000 -1.000000 0.000000
vn 0.000000 -1.000000 0.000000
vn 0.000000 1.000000 0.000000
vn 0.000000 1.000000 0.000000
vn 0.000000 1.000000 0.000000
vn 0.000000 1.000000 0.000000
vn 0.000000 1.000000 0.000000
vn -0.000000 1.000000 -0.000000
vn 0.000000 1.000000 0.000000
vn 0.000000 1.000000 0.000000
vn 0.000000 1.000000 0.000000
vn 0.000000 1.000000 0.000000
vn 0.000000 1.000000 0.000000
vn 0.000000 1.000000 0.000000
vn 0.000000 1.000000 0.000000
vn -0.000000 1.000000 -0.000000
vn 0.000000 1.000000 0.000000
vn 0.000000 1.000000 0.000000
vn 0.000000 1.000000 0.000000
s 1
g pCylinder58
usemtl lambert7SG
f 851/1717/1651 852/1718/1652 868/1735/1653 867/1734/1654
f 852/1718/1652 853/1719/1655 869/1736/1656 868/1735/1653
f 853/1719/1655 854/1720/1657 870/1737/1658 869/1736/1656
f 854/1720/1657 855/1721/1659 871/1738/1660 870/1737/1658
f 855/1721/1659 856/1722/1661 872/1739/1662 871/1738/1660
f 856/1722/1661 857/1723/1663 873/1740/1664 872/1739/1662
f 857/1723/1663 858/1724/1665 874/1741/1666 873/1740/1664
f 858/1724/1665 859/1725/1667 875/1742/1668 874/1741/1666
f 859/1725/1667 860/1726/1669 876/1743/1670 875/1742/1668
f 860/1726/1669 861/1727/1671 877/1744/1672 876/1743/1670
f 861/1727/1671 862/1728/1673 878/1745/1674 877/1744/1672
f 862/1728/1673 863/1729/1675 879/1746/1676 878/1745/1674
f 863/1729/1675 864/1730/1677 880/1747/1678 879/1746/1676
f 864/1730/1677 865/1731/1679 881/1748/1680 880/1747/1678
f 865/1731/1679 866/1732/1681 882/1749/1682 881/1748/1680
f 866/1732/1681 851/1733/1651 867/1750/1654 882/1749/1682
s 2
f 852/1702/1683 851/1701/1684 883/1767/1685
f 853/1703/1686 852/1702/1683 883/1767/1685
f 854/1704/1687 853/1703/1686 883/1767/1685
f 855/1705/1688 854/1704/1687 883/1767/1685
f 856/1706/1689 855/1705/1688 883/1767/1685
f 857/1707/1690 856/1706/1689 883/1767/1685
f 858/1708/1691 857/1707/1690 883/1767/1685
f 859/1709/1692 858/1708/1691 883/1767/1685
f 860/1710/1693 859/1709/1692 883/1767/1685
f 861/1711/1694 860/1710/1693 883/1767/1685
f 862/1712/1695 861/1711/1694 883/1767/1685
f 863/1713/1696 862/1712/1695 883/1767/1685
f 864/1714/1697 863/1713/1696 883/1767/1685
f 865/1715/1698 864/1714/1697 883/1767/1685
f 866/1716/1699 865/1715/1698 883/1767/1685
f 851/1701/1684 866/1716/1699 883/1767/1685
s 3
f 867/1765/1700 868/1764/1701 884/1768/1702
f 868/1764/1701 869/1763/1703 884/1768/1702
f 869/1763/1703 870/1762/1704 884/1768/1702
f 870/1762/1704 871/1761/1705 884/1768/1702
f 871/1761/1705 872/1760/1706 884/1768/1702
f 872/1760/1706 873/1759/1707 884/1768/1702
f 873/1759/1707 874/1758/1708 884/1768/1702
f 874/1758/1708 875/1757/1709 884/1768/1702
f 875/1757/1709 876/1756/1710 884/1768/1702
f 876/1756/1710 877/1755/1711 884/1768/1702
f 877/1755/1711 878/1754/1712 884/1768/1702
f 878/1754/1712 879/1753/1713 884/1768/1702
f 879/1753/1713 880/1752/1714 884/1768/1702
f 880/1752/1714 881/1751/1715 884/1768/1702
f 881/1751/1715 882/1766/1716 884/1768/1702
f 882/1766/1716 867/1765/1700 884/1768/1702
g default
v -3653.021120 67.319410 -205.772542
v -3658.650342 67.319410 -205.135652
v -3663.607337 67.319410 -202.393032
v -3667.137449 67.319410 -197.962222
v -3668.703250 67.319410 -192.517773
v -3668.066359 67.319410 -186.888551
v -3665.323739 67.319410 -181.931555
v -3660.892928 67.319410 -178.401444
v -3655.448478 67.319410 -176.835645
v -3649.819255 67.319410 -177.472537
v -3644.862260 67.319410 -180.215158
v -3641.332150 67.319410 -184.645969
v -3639.766353 67.319410 -190.090420
v -3640.403244 67.319410 -195.719641
v -3643.145867 67.319410 -200.676636
v -3647.576679 67.319410 -204.206746
v -3653.021120 70.409861 -205.772542
v -3658.650342 70.409861 -205.135652
v -3663.607337 70.409861 -202.393032
v -3667.137449 70.409861 -197.962222
v -3668.703250 70.409861 -192.517773
v -3668.066359 70.409861 -186.888551
v -3665.323739 70.409861 -181.931555
v -3660.892928 70.409861 -178.401444
v -3655.448478 70.409861 -176.835645
v -3649.819255 70.409861 -177.472537
v -3644.862260 70.409861 -180.215158
v -3641.332150 70.409861 -184.645969
v -3639.766353 70.409861 -190.090420
v -3640.403244 70.409861 -195.719641
v -3643.145867 70.409861 -200.676636
v -3647.576679 70.409861 -204.206746
v -3654.234801 67.319410 -191.304094
v -3654.234801 70.409861 -191.304094
vt 0.901341 0.331391
vt 0.805642 0.178433
vt 0.662417 0.076230
vt 0.493471 0.040341
vt 0.324526 0.076230
vt 0.181301 0.178433
vt 0.085601 0.331390
vt 0.051995 0.511816
vt 0.085601 0.692242
vt 0.181301 0.845199
vt 0.324526 0.947402
vt 0.493471 0.983291
vt 0.662416 0.947402
vt 0.805642 0.845199
vt 0.901341 0.692242
vt 0.934947 0.511816
vt 0.160892 0.390895
vt 0.166870 0.390895
vt 0.172848 0.390895
vt 0.178827 0.390895
vt 0.184805 0.390895
vt 0.190784 0.390895
vt 0.196762 0.390895
vt 0.202741 0.390895
vt 0.208719 0.390895
vt 0.214697 0.390895
vt 0.220676 0.390895
vt 0.226654 0.390895
vt 0.232633 0.390895
vt 0.238611 0.390895
vt 0.244590 0.390895
vt 0.250568 0.390895
vt 0.256546 0.390895
vt 0.160892 0.597454
vt 0.166870 0.597454
vt 0.172848 0.597454
vt 0.178827 0.597454
vt 0.184805 0.597454
vt 0.190784 0.597454
vt 0.196762 0.597454
vt 0.202741 0.597454
vt 0.208719 0.597454
vt 0.214697 0.597454
vt 0.220676 0.597454
vt 0.226654 0.597454
vt 0.232633 0.597454
vt 0.238611 0.597454
vt 0.244590 0.597454
vt 0.250568 0.597454
vt 0.256546 0.597454
vt 0.901341 0.331391
vt 0.805642 0.178433
vt 0.662417 0.076230
vt 0.493471 0.040341
vt 0.324526 0.076230
vt 0.181301 0.178433
vt 0.085601 0.331390
vt 0.051995 0.511816
vt 0.085601 0.692242
vt 0.181301 0.845199
vt 0.324526 0.947402
vt 0.493471 0.983291
vt 0.662416 0.947402
vt 0.805642 0.845199
vt 0.901341 0.692242
vt 0.934947 0.511816
vt 0.493471 0.511816
vt 0.493471 0.511816
vn 0.083591 0.000000 -0.996500
vn -0.304116 0.000000 -0.952635
vn -0.304116 0.000000 -0.952635
vn 0.083591 0.000000 -0.996500
vn -0.645524 0.000000 -0.763740
vn -0.645524 0.000000 -0.763740
vn -0.888657 0.000000 -0.458572
vn -0.888657 0.000000 -0.458572
vn -0.996500 0.000000 -0.083591
vn -0.996500 0.000000 -0.083591
vn -0.952635 0.000000 0.304116
vn -0.952635 0.000000 0.304116
vn -0.763740 0.000000 0.645524
vn -0.763740 0.000000 0.645524
vn -0.458572 0.000000 0.888657
vn -0.458572 0.000000 0.888657
vn -0.083591 0.000000 0.996500
vn -0.083591 0.000000 0.996500
vn 0.304116 0.000000 0.952635
vn 0.304116 0.000000 0.952635
vn 0.645525 0.000000 0.763740
vn 0.645525 0.000000 0.763740
vn 0.888657 0.000000 0.458572
vn 0.888657 0.000000 0.458572
vn 0.996500 0.000000 0.083591
vn 0.996500 0.000000 0.083591
vn 0.952635 0.000000 -0.304117
vn 0.952635 0.000000 -0.304117
vn 0.763739 0.000000 -0.645525
vn 0.763739 0.000000 -0.645525
vn 0.458572 0.000000 -0.888657
vn 0.458572 0.000000 -0.888657
vn 0.000000 -1.000000 0.000000
vn 0.000000 -1.000000 0.000000
vn -0.000000 -1.000000 -0.000000
vn -0.000000 -1.000000 -0.000000
vn -0.000000 -1.000000 -0.000000
vn -0.000000 -1.000000 -0.000000
vn -0.000000 -1.000000 -0.000000
vn 0.000000 -1.000000 0.000000
vn 0.000000 -1.000000 0.000000
vn 0.000000 -1.000000 0.000000
vn 0.000000 -1.000000 0.000000
vn -0.000000 -1.000000 -0.000000
vn -0.000000 -1.000000 -0.000000
vn -0.000000 -1.000000 -0.000000
vn -0.000000 -1.000000 -0.000000
vn 0.000000 -1.000000 0.000000
vn 0.000000 -1.000000 0.000000
vn 0.000000 1.000000 0.000000
vn 0.000000 1.000000 0.000000
vn 0.000000 1.000000 0.000000
vn 0.000000 1.000000 0.000000
vn 0.000000 1.000000 0.000000
vn -0.000000 1.000000 -0.000000
vn 0.000000 1.000000 0.000000
vn 0.000000 1.000000 0.000000
vn 0.000000 1.000000 0.000000
vn 0.000000 1.000000 0.000000
vn 0.000000 1.000000 0.000000
vn 0.000000 1.000000 0.000000
vn 0.000000 1.000000 0.000000
vn -0.000000 1.000000 -0.000000
vn 0.000000 1.000000 0.000000
vn 0.000000 1.000000 0.000000
vn 0.000000 1.000000 0.000000
s 1
g pCylinder57
usemtl lambert7SG
f 885/1785/1717 886/1786/1718 902/1803/1719 901/1802/1720
f 886/1786/1718 887/1787/1721 903/1804/1722 902/1803/1719
f 887/1787/1721 888/1788/1723 904/1805/1724 903/1804/1722
f 888/1788/1723 889/1789/1725 905/1806/1726 904/1805/1724
f 889/1789/1725 890/1790/1727 906/1807/1728 905/1806/1726
f 890/1790/1727 891/1791/1729 907/1808/1730 906/1807/1728
f 891/1791/1729 892/1792/1731 908/1809/1732 907/1808/1730
f 892/1792/1731 893/1793/1733 909/1810/1734 908/1809/1732
f 893/1793/1733 894/1794/1735 910/1811/1736 909/1810/1734
f 894/1794/1735 895/1795/1737 911/1812/1738 910/1811/1736
f 895/1795/1737 896/1796/1739 912/1813/1740 911/1812/1738
f 896/1796/1739 897/1797/1741 913/1814/1742 912/1813/1740
f 897/1797/1741 898/1798/1743 914/1815/1744 913/1814/1742
f 898/1798/1743 899/1799/1745 915/1816/1746 914/1815/1744
f 899/1799/1745 900/1800/1747 916/1817/1748 915/1816/1746
f 900/1800/1747 885/1801/1717 901/1818/1720 916/1817/1748
s 2
f 886/1770/1749 885/1769/1750 917/1835/1751
f 887/1771/1752 886/1770/1749 917/1835/1751
f 888/1772/1753 887/1771/1752 917/1835/1751
f 889/1773/1754 888/1772/1753 917/1835/1751
f 890/1774/1755 889/1773/1754 917/1835/1751
f 891/1775/1756 890/1774/1755 917/1835/1751
f 892/1776/1757 891/1775/1756 917/1835/1751
f 893/1777/1758 892/1776/1757 917/1835/1751
f 894/1778/1759 893/1777/1758 917/1835/1751
f 895/1779/1760 894/1778/1759 917/1835/1751
f 896/1780/1761 895/1779/1760 917/1835/1751
f 897/1781/1762 896/1780/1761 917/1835/1751
f 898/1782/1763 897/1781/1762 917/1835/1751
f 899/1783/1764 898/1782/1763 917/1835/1751
f 900/1784/1765 899/1783/1764 917/1835/1751
f 885/1769/1750 900/1784/1765 917/1835/1751
s 3
f 901/1833/1766 902/1832/1767 918/1836/1768
f 902/1832/1767 903/1831/1769 918/1836/1768
f 903/1831/1769 904/1830/1770 918/1836/1768
f 904/1830/1770 905/1829/1771 918/1836/1768
f 905/1829/1771 906/1828/1772 918/1836/1768
f 906/1828/1772 907/1827/1773 918/1836/1768
f 907/1827/1773 908/1826/1774 918/1836/1768
f 908/1826/1774 909/1825/1775 918/1836/1768
f 909/1825/1775 910/1824/1776 918/1836/1768
f 910/1824/1776 911/1823/1777 918/1836/1768
f 911/1823/1777 912/1822/1778 918/1836/1768
f 912/1822/1778 913/1821/1779 918/1836/1768
f 913/1821/1779 914/1820/1780 918/1836/1768
f 914/1820/1780 915/1819/1781 918/1836/1768
f 915/1819/1781 916/1834/1782 918/1836/1768
f 916/1834/1782 901/1833/1766 918/1836/1768
g default
v -3656.396008 64.253365 -163.182385
v -3662.025230 64.253365 -162.545494
v -3666.982225 64.253365 -159.802875
v -3670.512337 64.253365 -155.372065
v -3672.078138 64.253365 -149.927615
v -3671.441247 64.253365 -144.298393
v -3668.698627 64.253365 -139.341398
v -3664.267816 64.253365 -135.811287
v -3658.823366 64.253365 -134.245488
v -3653.194143 64.253365 -134.882379
v -3648.237148 64.253365 -137.625000
v -3644.707038 64.253365 -142.055812
v -3643.141241 64.253365 -147.500262
v -3643.778133 64.253365 -153.129484
v -3646.520755 64.253365 -158.086478
v -3650.951567 64.253365 -161.616588
v -3656.396008 67.343816 -163.182385
v -3662.025230 67.343816 -162.545494
v -3666.982225 67.343816 -159.802875
v -3670.512337 67.343816 -155.372065
v -3672.078138 67.343816 -149.927615
v -3671.441247 67.343816 -144.298393
v -3668.698627 67.343816 -139.341398
v -3664.267816 67.343816 -135.811287
v -3658.823366 67.343816 -134.245488
v -3653.194143 67.343816 -134.882379
v -3648.237148 67.343816 -137.625000
v -3644.707038 67.343816 -142.055812
v -3643.141241 67.343816 -147.500262
v -3643.778133 67.343816 -153.129484
v -3646.520755 67.343816 -158.086478
v -3650.951567 67.343816 -161.616588
v -3657.609689 64.253365 -148.713936
v -3657.609689 67.343816 -148.713936
vt 0.901341 0.331391
vt 0.805642 0.178433
vt 0.662417 0.076230
vt 0.493471 0.040341
vt 0.324526 0.076230
vt 0.181301 0.178433
vt 0.085601 0.331390
vt 0.051995 0.511816
vt 0.085601 0.692242
vt 0.181301 0.845199
vt 0.324526 0.947402
vt 0.493471 0.983291
vt 0.662416 0.947402
vt 0.805642 0.845199
vt 0.901341 0.692242
vt 0.934947 0.511816
vt 0.160892 0.390895
vt 0.166870 0.390895
vt 0.172848 0.390895
vt 0.178827 0.390895
vt 0.184805 0.390895
vt 0.190784 0.390895
vt 0.196762 0.390895
vt 0.202741 0.390895
vt 0.208719 0.390895
vt 0.214697 0.390895
vt 0.220676 0.390895
vt 0.226654 0.390895
vt 0.232633 0.390895
vt 0.238611 0.390895
vt 0.244590 0.390895
vt 0.250568 0.390895
vt 0.256546 0.390895
vt 0.160892 0.597454
vt 0.166870 0.597454
vt 0.172848 0.597454
vt 0.178827 0.597454
vt 0.184805 0.597454
vt 0.190784 0.597454
vt 0.196762 0.597454
vt 0.202741 0.597454
vt 0.208719 0.597454
vt 0.214697 0.597454
vt 0.220676 0.597454
vt 0.226654 0.597454
vt 0.232633 0.597454
vt 0.238611 0.597454
vt 0.244590 0.597454
vt 0.250568 0.597454
vt 0.256546 0.597454
vt 0.901341 0.331391
vt 0.805642 0.178433
vt 0.662417 0.076230
vt 0.493471 0.040341
vt 0.324526 0.076230
vt 0.181301 0.178433
vt 0.085601 0.331390
vt 0.051995 0.511816
vt 0.085601 0.692242
vt 0.181301 0.845199
vt 0.324526 0.947402
vt 0.493471 0.983291
vt 0.662416 0.947402
vt 0.805642 0.845199
vt 0.901341 0.692242
vt 0.934947 0.511816
vt 0.493471 0.511816
vt 0.493471 0.511816
vn 0.083591 0.000000 -0.996500
vn -0.304116 0.000000 -0.952635
vn -0.304116 0.000000 -0.952635
vn 0.083591 0.000000 -0.996500
vn -0.645524 0.000000 -0.763740
vn -0.645524 0.000000 -0.763740
vn -0.888657 0.000000 -0.458572
vn -0.888657 0.000000 -0.458572
vn -0.996500 0.000000 -0.083591
vn -0.996500 0.000000 -0.083591
vn -0.952635 0.000000 0.304116
vn -0.952635 0.000000 0.304116
vn -0.763740 0.000000 0.645524
vn -0.763740 0.000000 0.645524
vn -0.458572 0.000000 0.888657
vn -0.458572 0.000000 0.888657
vn -0.083591 0.000000 0.996500
vn -0.083591 0.000000 0.996500
vn 0.304116 0.000000 0.952635
vn 0.304116 0.000000 0.952635
vn 0.645525 0.000000 0.763740
vn 0.645525 0.000000 0.763740
vn 0.888657 0.000000 0.458572
vn 0.888657 0.000000 0.458572
vn 0.996500 0.000000 0.083591
vn 0.996500 0.000000 0.083591
vn 0.952635 0.000000 -0.304117
vn 0.952635 0.000000 -0.304117
vn 0.763739 0.000000 -0.645525
vn 0.763739 0.000000 -0.645525
vn 0.458572 0.000000 -0.888657
vn 0.458572 0.000000 -0.888657
vn 0.000000 -1.000000 0.000000
vn 0.000000 -1.000000 0.000000
vn -0.000000 -1.000000 -0.000000
vn -0.000000 -1.000000 -0.000000
vn -0.000000 -1.000000 -0.000000
vn -0.000000 -1.000000 -0.000000
vn -0.000000 -1.000000 -0.000000
vn 0.000000 -1.000000 0.000000
vn 0.000000 -1.000000 0.000000
vn 0.000000 -1.000000 0.000000
vn 0.000000 -1.000000 0.000000
vn -0.000000 -1.000000 -0.000000
vn -0.000000 -1.000000 -0.000000
vn -0.000000 -1.000000 -0.000000
vn -0.000000 -1.000000 -0.000000
vn 0.000000 -1.000000 0.000000
vn 0.000000 -1.000000 0.000000
vn 0.000000 1.000000 0.000000
vn 0.000000 1.000000 0.000000
vn 0.000000 1.000000 0.000000
vn 0.000000 1.000000 0.000000
vn 0.000000 1.000000 0.000000
vn -0.000000 1.000000 -0.000000
vn 0.000000 1.000000 0.000000
vn 0.000000 1.000000 0.000000
vn 0.000000 1.000000 0.000000
vn 0.000000 1.000000 0.000000
vn 0.000000 1.000000 0.000000
vn 0.000000 1.000000 0.000000
vn 0.000000 1.000000 0.000000
vn -0.000000 1.000000 -0.000000
vn 0.000000 1.000000 0.000000
vn 0.000000 1.000000 0.000000
vn 0.000000 1.000000 0.000000
s 1
g pCylinder52
usemtl lambert7SG
f 919/1853/1783 920/1854/1784 936/1871/1785 935/1870/1786
f 920/1854/1784 921/1855/1787 937/1872/1788 936/1871/1785
f 921/1855/1787 922/1856/1789 938/1873/1790 937/1872/1788
f 922/1856/1789 923/1857/1791 939/1874/1792 938/1873/1790
f 923/1857/1791 924/1858/1793 940/1875/1794 939/1874/1792
f 924/1858/1793 925/1859/1795 941/1876/1796 940/1875/1794
f 925/1859/1795 926/1860/1797 942/1877/1798 941/1876/1796
f 926/1860/1797 927/1861/1799 943/1878/1800 942/1877/1798
f 927/1861/1799 928/1862/1801 944/1879/1802 943/1878/1800
f 928/1862/1801 929/1863/1803 945/1880/1804 944/1879/1802
f 929/1863/1803 930/1864/1805 946/1881/1806 945/1880/1804
f 930/1864/1805 931/1865/1807 947/1882/1808 946/1881/1806
f 931/1865/1807 932/1866/1809 948/1883/1810 947/1882/1808
f 932/1866/1809 933/1867/1811 949/1884/1812 948/1883/1810
f 933/1867/1811 934/1868/1813 950/1885/1814 949/1884/1812
f 934/1868/1813 919/1869/1783 935/1886/1786 950/1885/1814
s 2
f 920/1838/1815 919/1837/1816 951/1903/1817
f 921/1839/1818 920/1838/1815 951/1903/1817
f 922/1840/1819 921/1839/1818 951/1903/1817
f 923/1841/1820 922/1840/1819 951/1903/1817
f 924/1842/1821 923/1841/1820 951/1903/1817
f 925/1843/1822 924/1842/1821 951/1903/1817
f 926/1844/1823 925/1843/1822 951/1903/1817
f 927/1845/1824 926/1844/1823 951/1903/1817
f 928/1846/1825 927/1845/1824 951/1903/1817
f 929/1847/1826 928/1846/1825 951/1903/1817
f 930/1848/1827 929/1847/1826 951/1903/1817
f 931/1849/1828 930/1848/1827 951/1903/1817
f 932/1850/1829 931/1849/1828 951/1903/1817
f 933/1851/1830 932/1850/1829 951/1903/1817
f 934/1852/1831 933/1851/1830 951/1903/1817
f 919/1837/1816 934/1852/1831 951/1903/1817
s 3
f 935/1901/1832 936/1900/1833 952/1904/1834
f 936/1900/1833 937/1899/1835 952/1904/1834
f 937/1899/1835 938/1898/1836 952/1904/1834
f 938/1898/1836 939/1897/1837 952/1904/1834
f 939/1897/1837 940/1896/1838 952/1904/1834
f 940/1896/1838 941/1895/1839 952/1904/1834
f 941/1895/1839 942/1894/1840 952/1904/1834
f 942/1894/1840 943/1893/1841 952/1904/1834
f 943/1893/1841 944/1892/1842 952/1904/1834
f 944/1892/1842 945/1891/1843 952/1904/1834
f 945/1891/1843 946/1890/1844 952/1904/1834
f 946/1890/1844 947/1889/1845 952/1904/1834
f 947/1889/1845 948/1888/1846 952/1904/1834
f 948/1888/1846 949/1887/1847 952/1904/1834
f 949/1887/1847 950/1902/1848 952/1904/1834
f 950/1902/1848 935/1901/1832 952/1904/1834
g default
v -3653.021120 64.253365 -213.757568
v -3658.650342 64.253365 -213.120677
v -3663.607337 64.253365 -210.378058
v -3667.137449 64.253365 -205.947248
v -3668.703250 64.253365 -200.502798
v -3668.066359 64.253365 -194.873576
v -3665.323739 64.253365 -189.916580
v -3660.892928 64.253365 -186.386470
v -3655.448478 64.253365 -184.820671
v -3649.819255 64.253365 -185.457562
v -3644.862260 64.253365 -188.200183
v -3641.332150 64.253365 -192.630995
v -3639.766353 64.253365 -198.075445
v -3640.403244 64.253365 -203.704667
v -3643.145867 64.253365 -208.661661
v -3647.576679 64.253365 -212.191771
v -3653.021120 67.343816 -213.757568
v -3658.650342 67.343816 -213.120677
v -3663.607337 67.343816 -210.378058
v -3667.137449 67.343816 -205.947248
v -3668.703250 67.343816 -200.502798
v -3668.066359 67.343816 -194.873576
v -3665.323739 67.343816 -189.916580
v -3660.892928 67.343816 -186.386470
v -3655.448478 67.343816 -184.820671
v -3649.819255 67.343816 -185.457562
v -3644.862260 67.343816 -188.200183
v -3641.332150 67.343816 -192.630995
v -3639.766353 67.343816 -198.075445
v -3640.403244 67.343816 -203.704667
v -3643.145867 67.343816 -208.661661
v -3647.576679 67.343816 -212.191771
v -3654.234801 64.253365 -199.289119
v -3654.234801 67.343816 -199.289119
vt 0.901341 0.331391
vt 0.805642 0.178433
vt 0.662417 0.076230
vt 0.493471 0.040341
vt 0.324526 0.076230
vt 0.181301 0.178433
vt 0.085601 0.331390
vt 0.051995 0.511816
vt 0.085601 0.692242
vt 0.181301 0.845199
vt 0.324526 0.947402
vt 0.493471 0.983291
vt 0.662416 0.947402
vt 0.805642 0.845199
vt 0.901341 0.692242
vt 0.934947 0.511816
vt 0.160892 0.390895
vt 0.166870 0.390895
vt 0.172848 0.390895
vt 0.178827 0.390895
vt 0.184805 0.390895
vt 0.190784 0.390895
vt 0.196762 0.390895
vt 0.202741 0.390895
vt 0.208719 0.390895
vt 0.214697 0.390895
vt 0.220676 0.390895
vt 0.226654 0.390895
vt 0.232633 0.390895
vt 0.238611 0.390895
vt 0.244590 0.390895
vt 0.250568 0.390895
vt 0.256546 0.390895
vt 0.160892 0.597454
vt 0.166870 0.597454
vt 0.172848 0.597454
vt 0.178827 0.597454
vt 0.184805 0.597454
vt 0.190784 0.597454
vt 0.196762 0.597454
vt 0.202741 0.597454
vt 0.208719 0.597454
vt 0.214697 0.597454
vt 0.220676 0.597454
vt 0.226654 0.597454
vt 0.232633 0.597454
vt 0.238611 0.597454
vt 0.244590 0.597454
vt 0.250568 0.597454
vt 0.256546 0.597454
vt 0.901341 0.331391
vt 0.805642 0.178433
vt 0.662417 0.076230
vt 0.493471 0.040341
vt 0.324526 0.076230
vt 0.181301 0.178433
vt 0.085601 0.331390
vt 0.051995 0.511816
vt 0.085601 0.692242
vt 0.181301 0.845199
vt 0.324526 0.947402
vt 0.493471 0.983291
vt 0.662416 0.947402
vt 0.805642 0.845199
vt 0.901341 0.692242
vt 0.934947 0.511816
vt 0.493471 0.511816
vt 0.493471 0.511816
vn 0.083591 0.000000 -0.996500
vn -0.304116 0.000000 -0.952635
vn -0.304116 0.000000 -0.952635
vn 0.083591 0.000000 -0.996500
vn -0.645524 0.000000 -0.763740
vn -0.645524 0.000000 -0.763740
vn -0.888657 0.000000 -0.458572
vn -0.888657 0.000000 -0.458572
vn -0.996500 0.000000 -0.083591
vn -0.996500 0.000000 -0.083591
vn -0.952635 0.000000 0.304116
vn -0.952635 0.000000 0.304116
vn -0.763740 0.000000 0.645524
vn -0.763740 0.000000 0.645524
vn -0.458572 0.000000 0.888657
vn -0.458572 0.000000 0.888657
vn -0.083591 0.000000 0.996500
vn -0.083591 0.000000 0.996500
vn 0.304116 0.000000 0.952635
vn 0.304116 0.000000 0.952635
vn 0.645525 0.000000 0.763740
vn 0.645525 0.000000 0.763740
vn 0.888657 0.000000 0.458572
vn 0.888657 0.000000 0.458572
vn 0.996500 0.000000 0.083591
vn 0.996500 0.000000 0.083591
vn 0.952635 0.000000 -0.304117
vn 0.952635 0.000000 -0.304117
vn 0.763739 0.000000 -0.645525
vn 0.763739 0.000000 -0.645525
vn 0.458572 0.000000 -0.888657
vn 0.458572 0.000000 -0.888657
vn 0.000000 -1.000000 0.000000
vn 0.000000 -1.000000 0.000000
vn -0.000000 -1.000000 -0.000000
vn -0.000000 -1.000000 -0.000000
vn -0.000000 -1.000000 -0.000000
vn -0.000000 -1.000000 -0.000000
vn -0.000000 -1.000000 -0.000000
vn 0.000000 -1.000000 0.000000
vn 0.000000 -1.000000 0.000000
vn 0.000000 -1.000000 0.000000
vn 0.000000 -1.000000 0.000000
vn -0.000000 -1.000000 -0.000000
vn -0.000000 -1.000000 -0.000000
vn -0.000000 -1.000000 -0.000000
vn -0.000000 -1.000000 -0.000000
vn 0.000000 -1.000000 0.000000
vn 0.000000 -1.000000 0.000000
vn 0.000000 1.000000 0.000000
vn 0.000000 1.000000 0.000000
vn 0.000000 1.000000 0.000000
vn 0.000000 1.000000 0.000000
vn 0.000000 1.000000 0.000000
vn -0.000000 1.000000 -0.000000
vn 0.000000 1.000000 0.000000
vn 0.000000 1.000000 0.000000
vn 0.000000 1.000000 0.000000
vn 0.000000 1.000000 0.000000
vn 0.000000 1.000000 0.000000
vn 0.000000 1.000000 0.000000
vn 0.000000 1.000000 0.000000
vn -0.000000 1.000000 -0.000000
vn 0.000000 1.000000 0.000000
vn 0.000000 1.000000 0.000000
vn 0.000000 1.000000 0.000000
s 1
g pCylinder55
usemtl lambert7SG
f 953/1921/1849 954/1922/1850 970/1939/1851 969/1938/1852
f 954/1922/1850 955/1923/1853 971/1940/1854 970/1939/1851
f 955/1923/1853 956/1924/1855 972/1941/1856 971/1940/1854
f 956/1924/1855 957/1925/1857 973/1942/1858 972/1941/1856
f 957/1925/1857 958/1926/1859 974/1943/1860 973/1942/1858
f 958/1926/1859 959/1927/1861 975/1944/1862 974/1943/1860
f 959/1927/1861 960/1928/1863 976/1945/1864 975/1944/1862
f 960/1928/1863 961/1929/1865 977/1946/1866 976/1945/1864
f 961/1929/1865 962/1930/1867 978/1947/1868 977/1946/1866
f 962/1930/1867 963/1931/1869 979/1948/1870 978/1947/1868
f 963/1931/1869 964/1932/1871 980/1949/1872 979/1948/1870
f 964/1932/1871 965/1933/1873 981/1950/1874 980/1949/1872
f 965/1933/1873 966/1934/1875 982/1951/1876 981/1950/1874
f 966/1934/1875 967/1935/1877 983/1952/1878 982/1951/1876
f 967/1935/1877 968/1936/1879 984/1953/1880 983/1952/1878
f 968/1936/1879 953/1937/1849 969/1954/1852 984/1953/1880
s 2
f 954/1906/1881 953/1905/1882 985/1971/1883
f 955/1907/1884 954/1906/1881 985/1971/1883
f 956/1908/1885 955/1907/1884 985/1971/1883
f 957/1909/1886 956/1908/1885 985/1971/1883
f 958/1910/1887 957/1909/1886 985/1971/1883
f 959/1911/1888 958/1910/1887 985/1971/1883
f 960/1912/1889 959/1911/1888 985/1971/1883
f 961/1913/1890 960/1912/1889 985/1971/1883
f 962/1914/1891 961/1913/1890 985/1971/1883
f 963/1915/1892 962/1914/1891 985/1971/1883
f 964/1916/1893 963/1915/1892 985/1971/1883
f 965/1917/1894 964/1916/1893 985/1971/1883
f 966/1918/1895 965/1917/1894 985/1971/1883
f 967/1919/1896 966/1918/1895 985/1971/1883
f 968/1920/1897 967/1919/1896 985/1971/1883
f 953/1905/1882 968/1920/1897 985/1971/1883
s 3
f 969/1969/1898 970/1968/1899 986/1972/1900
f 970/1968/1899 971/1967/1901 986/1972/1900
f 971/1967/1901 972/1966/1902 986/1972/1900
f 972/1966/1902 973/1965/1903 986/1972/1900
f 973/1965/1903 974/1964/1904 986/1972/1900
f 974/1964/1904 975/1963/1905 986/1972/1900
f 975/1963/1905 976/1962/1906 986/1972/1900
f 976/1962/1906 977/1961/1907 986/1972/1900
f 977/1961/1907 978/1960/1908 986/1972/1900
f 978/1960/1908 979/1959/1909 986/1972/1900
f 979/1959/1909 980/1958/1910 986/1972/1900
f 980/1958/1910 981/1957/1911 986/1972/1900
f 981/1957/1911 982/1956/1912 986/1972/1900
f 982/1956/1912 983/1955/1913 986/1972/1900
f 983/1955/1913 984/1970/1914 986/1972/1900
f 984/1970/1914 969/1969/1898 986/1972/1900
g default
v -3614.887383 64.253365 -173.544860
v -3620.516604 64.253365 -172.907969
v -3625.473600 64.253365 -170.165350
v -3629.003711 64.253365 -165.734540
v -3630.569512 64.253365 -160.290090
v -3629.932622 64.253365 -154.660868
v -3627.190002 64.253365 -149.703873
v -3622.759191 64.253365 -146.173762
v -3617.314740 64.253365 -144.607963
v -3611.685518 64.253365 -145.244854
v -3606.728523 64.253365 -147.987475
v -3603.198413 64.253365 -152.418287
v -3601.632615 64.253365 -157.862738
v -3602.269507 64.253365 -163.491959
v -3605.012130 64.253365 -168.448953
v -3609.442941 64.253365 -171.979063
v -3614.887383 67.343816 -173.544860
v -3620.516604 67.343816 -172.907969
v -3625.473600 67.343816 -170.165350
v -3629.003711 67.343816 -165.734540
v -3630.569512 67.343816 -160.290090
v -3629.932622 67.343816 -154.660868
v -3627.190002 67.343816 -149.703873
v -3622.759191 67.343816 -146.173762
v -3617.314740 67.343816 -144.607963
v -3611.685518 67.343816 -145.244854
v -3606.728523 67.343816 -147.987475
v -3603.198413 67.343816 -152.418287
v -3601.632615 67.343816 -157.862738
v -3602.269507 67.343816 -163.491959
v -3605.012130 67.343816 -168.448953
v -3609.442941 67.343816 -171.979063
v -3616.101064 64.253365 -159.076411
v -3616.101064 67.343816 -159.076411
vt 0.901341 0.331391
vt 0.805642 0.178433
vt 0.662417 0.076230
vt 0.493471 0.040341
vt 0.324526 0.076230
vt 0.181301 0.178433
vt 0.085601 0.331390
vt 0.051995 0.511816
vt 0.085601 0.692242
vt 0.181301 0.845199
vt 0.324526 0.947402
vt 0.493471 0.983291
vt 0.662416 0.947402
vt 0.805642 0.845199
vt 0.901341 0.692242
vt 0.934947 0.511816
vt 0.160892 0.390895
vt 0.166870 0.390895
vt 0.172848 0.390895
vt 0.178827 0.390895
vt 0.184805 0.390895
vt 0.190784 0.390895
vt 0.196762 0.390895
vt 0.202741 0.390895
vt 0.208719 0.390895
vt 0.214697 0.390895
vt 0.220676 0.390895
vt 0.226654 0.390895
vt 0.232633 0.390895
vt 0.238611 0.390895
vt 0.244590 0.390895
vt 0.250568 0.390895
vt 0.256546 0.390895
vt 0.160892 0.597454
vt 0.166870 0.597454
vt 0.172848 0.597454
vt 0.178827 0.597454
vt 0.184805 0.597454
vt 0.190784 0.597454
vt 0.196762 0.597454
vt 0.202741 0.597454
vt 0.208719 0.597454
vt 0.214697 0.597454
vt 0.220676 0.597454
vt 0.226654 0.597454
vt 0.232633 0.597454
vt 0.238611 0.597454
vt 0.244590 0.597454
vt 0.250568 0.597454
vt 0.256546 0.597454
vt 0.901341 0.331391
vt 0.805642 0.178433
vt 0.662417 0.076230
vt 0.493471 0.040341
vt 0.324526 0.076230
vt 0.181301 0.178433
vt 0.085601 0.331390
vt 0.051995 0.511816
vt 0.085601 0.692242
vt 0.181301 0.845199
vt 0.324526 0.947402
vt 0.493471 0.983291
vt 0.662416 0.947402
vt 0.805642 0.845199
vt 0.901341 0.692242
vt 0.934947 0.511816
vt 0.493471 0.511816
vt 0.493471 0.511816
vn 0.083591 0.000000 -0.996500
vn -0.304116 0.000000 -0.952635
vn -0.304116 0.000000 -0.952635
vn 0.083591 0.000000 -0.996500
vn -0.645524 0.000000 -0.763740
vn -0.645524 0.000000 -0.763740
vn -0.888657 0.000000 -0.458572
vn -0.888657 0.000000 -0.458572
vn -0.996500 0.000000 -0.083591
vn -0.996500 0.000000 -0.083591
vn -0.952635 0.000000 0.304116
vn -0.952635 0.000000 0.304116
vn -0.763740 0.000000 0.645524
vn -0.763740 0.000000 0.645524
vn -0.458572 0.000000 0.888657
vn -0.458572 0.000000 0.888657
vn -0.083591 0.000000 0.996500
vn -0.083591 0.000000 0.996500
vn 0.304116 0.000000 0.952635
vn 0.304116 0.000000 0.952635
vn 0.645525 0.000000 0.763740
vn 0.645525 0.000000 0.763740
vn 0.888657 0.000000 0.458572
vn 0.888657 0.000000 0.458572
vn 0.996500 0.000000 0.083591
vn 0.996500 0.000000 0.083591
vn 0.952635 0.000000 -0.304117
vn 0.952635 0.000000 -0.304117
vn 0.763739 0.000000 -0.645525
vn 0.763739 0.000000 -0.645525
vn 0.458572 0.000000 -0.888657
vn 0.458572 0.000000 -0.888657
vn 0.000000 -1.000000 0.000000
vn 0.000000 -1.000000 0.000000
vn -0.000000 -1.000000 -0.000000
vn -0.000000 -1.000000 -0.000000
vn -0.000000 -1.000000 -0.000000
vn -0.000000 -1.000000 -0.000000
vn -0.000000 -1.000000 -0.000000
vn 0.000000 -1.000000 0.000000
vn 0.000000 -1.000000 0.000000
vn 0.000000 -1.000000 0.000000
vn 0.000000 -1.000000 0.000000
vn -0.000000 -1.000000 -0.000000
vn -0.000000 -1.000000 -0.000000
vn -0.000000 -1.000000 -0.000000
vn -0.000000 -1.000000 -0.000000
vn 0.000000 -1.000000 0.000000
vn 0.000000 -1.000000 0.000000
vn 0.000000 1.000000 0.000000
vn 0.000000 1.000000 0.000000
vn 0.000000 1.000000 0.000000
vn 0.000000 1.000000 0.000000
vn 0.000000 1.000000 0.000000
vn -0.000000 1.000000 -0.000000
vn 0.000000 1.000000 0.000000
vn 0.000000 1.000000 0.000000
vn 0.000000 1.000000 0.000000
vn 0.000000 1.000000 0.000000
vn 0.000000 1.000000 0.000000
vn 0.000000 1.000000 0.000000
vn 0.000000 1.000000 0.000000
vn -0.000000 1.000000 -0.000000
vn 0.000000 1.000000 0.000000
vn 0.000000 1.000000 0.000000
vn 0.000000 1.000000 0.000000
s 1
g pCylinder53
usemtl lambert7SG
f 987/1989/1915 988/1990/1916 1004/2007/1917 1003/2006/1918
f 988/1990/1916 989/1991/1919 1005/2008/1920 1004/2007/1917
f 989/1991/1919 990/1992/1921 1006/2009/1922 1005/2008/1920
f 990/1992/1921 991/1993/1923 1007/2010/1924 1006/2009/1922
f 991/1993/1923 992/1994/1925 1008/2011/1926 1007/2010/1924
f 992/1994/1925 993/1995/1927 1009/2012/1928 1008/2011/1926
f 993/1995/1927 994/1996/1929 1010/2013/1930 1009/2012/1928
f 994/1996/1929 995/1997/1931 1011/2014/1932 1010/2013/1930
f 995/1997/1931 996/1998/1933 1012/2015/1934 1011/2014/1932
f 996/1998/1933 997/1999/1935 1013/2016/1936 1012/2015/1934
f 997/1999/1935 998/2000/1937 1014/2017/1938 1013/2016/1936
f 998/2000/1937 999/2001/1939 1015/2018/1940 1014/2017/1938
f 999/2001/1939 1000/2002/1941 1016/2019/1942 1015/2018/1940
f 1000/2002/1941 1001/2003/1943 1017/2020/1944 1016/2019/1942
f 1001/2003/1943 1002/2004/1945 1018/2021/1946 1017/2020/1944
f 1002/2004/1945 987/2005/1915 1003/2022/1918 1018/2021/1946
s 2
f 988/1974/1947 987/1973/1948 1019/2039/1949
f 989/1975/1950 988/1974/1947 1019/2039/1949
f 990/1976/1951 989/1975/1950 1019/2039/1949
f 991/1977/1952 990/1976/1951 1019/2039/1949
f 992/1978/1953 991/1977/1952 1019/2039/1949
f 993/1979/1954 992/1978/1953 1019/2039/1949
f 994/1980/1955 993/1979/1954 1019/2039/1949
f 995/1981/1956 994/1980/1955 1019/2039/1949
f 996/1982/1957 995/1981/1956 1019/2039/1949
f 997/1983/1958 996/1982/1957 1019/2039/1949
f 998/1984/1959 997/1983/1958 1019/2039/1949
f 999/1985/1960 998/1984/1959 1019/2039/1949
f 1000/1986/1961 999/1985/1960 1019/2039/1949
f 1001/1987/1962 1000/1986/1961 1019/2039/1949
f 1002/1988/1963 1001/1987/1962 1019/2039/1949
f 987/1973/1948 1002/1988/1963 1019/2039/1949
s 3
f 1003/2037/1964 1004/2036/1965 1020/2040/1966
f 1004/2036/1965 1005/2035/1967 1020/2040/1966
f 1005/2035/1967 1006/2034/1968 1020/2040/1966
f 1006/2034/1968 1007/2033/1969 1020/2040/1966
f 1007/2033/1969 1008/2032/1970 1020/2040/1966
f 1008/2032/1970 1009/2031/1971 1020/2040/1966
f 1009/2031/1971 1010/2030/1972 1020/2040/1966
f 1010/2030/1972 1011/2029/1973 1020/2040/1966
f 1011/2029/1973 1012/2028/1974 1020/2040/1966
f 1012/2028/1974 1013/2027/1975 1020/2040/1966
f 1013/2027/1975 1014/2026/1976 1020/2040/1966
f 1014/2026/1976 1015/2025/1977 1020/2040/1966
f 1015/2025/1977 1016/2024/1978 1020/2040/1966
f 1016/2024/1978 1017/2023/1979 1020/2040/1966
f 1017/2023/1979 1018/2038/1980 1020/2040/1966
f 1018/2038/1980 1003/2037/1964 1020/2040/1966
g default
v -3619.834387 67.319410 -182.857183
v -3625.463609 67.319410 -182.220292
v -3630.420604 67.319410 -179.477673
v -3633.950716 67.319410 -175.046863
v -3635.516517 67.319410 -169.602413
v -3634.879626 67.319410 -163.973191
v -3632.137006 67.319410 -159.016196
v -3627.706195 67.319410 -155.486085
v -3622.261745 67.319410 -153.920286
v -3616.632522 67.319410 -154.557177
v -3611.675527 67.319410 -157.299798
v -3608.145417 67.319410 -161.730610
v -3606.579620 67.319410 -167.175060
v -3607.216512 67.319410 -172.804282
v -3609.959134 67.319410 -177.761276
v -3614.389946 67.319410 -181.291386
v -3619.834387 70.409861 -182.857183
v -3625.463609 70.409861 -182.220292
v -3630.420604 70.409861 -179.477673
v -3633.950716 70.409861 -175.046863
v -3635.516517 70.409861 -169.602413
v -3634.879626 70.409861 -163.973191
v -3632.137006 70.409861 -159.016196
v -3627.706195 70.409861 -155.486085
v -3622.261745 70.409861 -153.920286
v -3616.632522 70.409861 -154.557177
v -3611.675527 70.409861 -157.299798
v -3608.145417 70.409861 -161.730610
v -3606.579620 70.409861 -167.175060
v -3607.216512 70.409861 -172.804282
v -3609.959134 70.409861 -177.761276
v -3614.389946 70.409861 -181.291386
v -3621.048068 67.319410 -168.388734
v -3621.048068 70.409861 -168.388734
vt 0.901341 0.331391
vt 0.805642 0.178433
vt 0.662417 0.076230
vt 0.493471 0.040341
vt 0.324526 0.076230
vt 0.181301 0.178433
vt 0.085601 0.331390
vt 0.051995 0.511816
vt 0.085601 0.692242
vt 0.181301 0.845199
vt 0.324526 0.947402
vt 0.493471 0.983291
vt 0.662416 0.947402
vt 0.805642 0.845199
vt 0.901341 0.692242
vt 0.934947 0.511816
vt 0.160892 0.390895
vt 0.166870 0.390895
vt 0.172848 0.390895
vt 0.178827 0.390895
vt 0.184805 0.390895
vt 0.190784 0.390895
vt 0.196762 0.390895
vt 0.202741 0.390895
vt 0.208719 0.390895
vt 0.214697 0.390895
vt 0.220676 0.390895
vt 0.226654 0.390895
vt 0.232633 0.390895
vt 0.238611 0.390895
vt 0.244590 0.390895
vt 0.250568 0.390895
vt 0.256546 0.390895
vt 0.160892 0.597454
vt 0.166870 0.597454
vt 0.172848 0.597454
vt 0.178827 0.597454
vt 0.184805 0.597454
vt 0.190784 0.597454
vt 0.196762 0.597454
vt 0.202741 0.597454
vt 0.208719 0.597454
vt 0.214697 0.597454
vt 0.220676 0.597454
vt 0.226654 0.597454
vt 0.232633 0.597454
vt 0.238611 0.597454
vt 0.244590 0.597454
vt 0.250568 0.597454
vt 0.256546 0.597454
vt 0.901341 0.331391
vt 0.805642 0.178433
vt 0.662417 0.076230
vt 0.493471 0.040341
vt 0.324526 0.076230
vt 0.181301 0.178433
vt 0.085601 0.331390
vt 0.051995 0.511816
vt 0.085601 0.692242
vt 0.181301 0.845199
vt 0.324526 0.947402
vt 0.493471 0.983291
vt 0.662416 0.947402
vt 0.805642 0.845199
vt 0.901341 0.692242
vt 0.934947 0.511816
vt 0.493471 0.511816
vt 0.493471 0.511816
vn 0.083591 0.000000 -0.996500
vn -0.304116 0.000000 -0.952635
vn -0.304116 0.000000 -0.952635
vn 0.083591 0.000000 -0.996500
vn -0.645524 0.000000 -0.763740
vn -0.645524 0.000000 -0.763740
vn -0.888657 0.000000 -0.458572
vn -0.888657 0.000000 -0.458572
vn -0.996500 0.000000 -0.083591
vn -0.996500 0.000000 -0.083591
vn -0.952635 0.000000 0.304116
vn -0.952635 0.000000 0.304116
vn -0.763740 0.000000 0.645524
vn -0.763740 0.000000 0.645524
vn -0.458572 0.000000 0.888657
vn -0.458572 0.000000 0.888657
vn -0.083591 0.000000 0.996500
vn -0.083591 0.000000 0.996500
vn 0.304116 0.000000 0.952635
vn 0.304116 0.000000 0.952635
vn 0.645525 0.000000 0.763740
vn 0.645525 0.000000 0.763740
vn 0.888657 0.000000 0.458572
vn 0.888657 0.000000 0.458572
vn 0.996500 0.000000 0.083591
vn 0.996500 0.000000 0.083591
vn 0.952635 0.000000 -0.304117
vn 0.952635 0.000000 -0.304117
vn 0.763739 0.000000 -0.645525
vn 0.763739 0.000000 -0.645525
vn 0.458572 0.000000 -0.888657
vn 0.458572 0.000000 -0.888657
vn 0.000000 -1.000000 0.000000
vn 0.000000 -1.000000 0.000000
vn -0.000000 -1.000000 -0.000000
vn -0.000000 -1.000000 -0.000000
vn -0.000000 -1.000000 -0.000000
vn -0.000000 -1.000000 -0.000000
vn -0.000000 -1.000000 -0.000000
vn 0.000000 -1.000000 0.000000
vn 0.000000 -1.000000 0.000000
vn 0.000000 -1.000000 0.000000
vn 0.000000 -1.000000 0.000000
vn -0.000000 -1.000000 -0.000000
vn -0.000000 -1.000000 -0.000000
vn -0.000000 -1.000000 -0.000000
vn -0.000000 -1.000000 -0.000000
vn 0.000000 -1.000000 0.000000
vn 0.000000 -1.000000 0.000000
vn 0.000000 1.000000 0.000000
vn 0.000000 1.000000 0.000000
vn 0.000000 1.000000 0.000000
vn 0.000000 1.000000 0.000000
vn 0.000000 1.000000 0.000000
vn -0.000000 1.000000 -0.000000
vn 0.000000 1.000000 0.000000
vn 0.000000 1.000000 0.000000
vn 0.000000 1.000000 0.000000
vn 0.000000 1.000000 0.000000
vn 0.000000 1.000000 0.000000
vn 0.000000 1.000000 0.000000
vn 0.000000 1.000000 0.000000
vn -0.000000 1.000000 -0.000000
vn 0.000000 1.000000 0.000000
vn 0.000000 1.000000 0.000000
vn 0.000000 1.000000 0.000000
s 1
g pCylinder51
usemtl lambert7SG
f 1021/2057/1981 1022/2058/1982 1038/2075/1983 1037/2074/1984
f 1022/2058/1982 1023/2059/1985 1039/2076/1986 1038/2075/1983
f 1023/2059/1985 1024/2060/1987 1040/2077/1988 1039/2076/1986
f 1024/2060/1987 1025/2061/1989 1041/2078/1990 1040/2077/1988
f 1025/2061/1989 1026/2062/1991 1042/2079/1992 1041/2078/1990
f 1026/2062/1991 1027/2063/1993 1043/2080/1994 1042/2079/1992
f 1027/2063/1993 1028/2064/1995 1044/2081/1996 1043/2080/1994
f 1028/2064/1995 1029/2065/1997 1045/2082/1998 1044/2081/1996
f 1029/2065/1997 1030/2066/1999 1046/2083/2000 1045/2082/1998
f 1030/2066/1999 1031/2067/2001 1047/2084/2002 1046/2083/2000
f 1031/2067/2001 1032/2068/2003 1048/2085/2004 1047/2084/2002
f 1032/2068/2003 1033/2069/2005 1049/2086/2006 1048/2085/2004
f 1033/2069/2005 1034/2070/2007 1050/2087/2008 1049/2086/2006
f 1034/2070/2007 1035/2071/2009 1051/2088/2010 1050/2087/2008
f 1035/2071/2009 1036/2072/2011 1052/2089/2012 1051/2088/2010
f 1036/2072/2011 1021/2073/1981 1037/2090/1984 1052/2089/2012
s 2
f 1022/2042/2013 1021/2041/2014 1053/2107/2015
f 1023/2043/2016 1022/2042/2013 1053/2107/2015
f 1024/2044/2017 1023/2043/2016 1053/2107/2015
f 1025/2045/2018 1024/2044/2017 1053/2107/2015
f 1026/2046/2019 1025/2045/2018 1053/2107/2015
f 1027/2047/2020 1026/2046/2019 1053/2107/2015
f 1028/2048/2021 1027/2047/2020 1053/2107/2015
f 1029/2049/2022 1028/2048/2021 1053/2107/2015
f 1030/2050/2023 1029/2049/2022 1053/2107/2015
f 1031/2051/2024 1030/2050/2023 1053/2107/2015
f 1032/2052/2025 1031/2051/2024 1053/2107/2015
f 1033/2053/2026 1032/2052/2025 1053/2107/2015
f 1034/2054/2027 1033/2053/2026 1053/2107/2015
f 1035/2055/2028 1034/2054/2027 1053/2107/2015
f 1036/2056/2029 1035/2055/2028 1053/2107/2015
f 1021/2041/2014 1036/2056/2029 1053/2107/2015
s 3
f 1037/2105/2030 1038/2104/2031 1054/2108/2032
f 1038/2104/2031 1039/2103/2033 1054/2108/2032
f 1039/2103/2033 1040/2102/2034 1054/2108/2032
f 1040/2102/2034 1041/2101/2035 1054/2108/2032
f 1041/2101/2035 1042/2100/2036 1054/2108/2032
f 1042/2100/2036 1043/2099/2037 1054/2108/2032
f 1043/2099/2037 1044/2098/2038 1054/2108/2032
f 1044/2098/2038 1045/2097/2039 1054/2108/2032
f 1045/2097/2039 1046/2096/2040 1054/2108/2032
f 1046/2096/2040 1047/2095/2041 1054/2108/2032
f 1047/2095/2041 1048/2094/2042 1054/2108/2032
f 1048/2094/2042 1049/2093/2043 1054/2108/2032
f 1049/2093/2043 1050/2092/2044 1054/2108/2032
f 1050/2092/2044 1051/2091/2045 1054/2108/2032
f 1051/2091/2045 1052/2106/2046 1054/2108/2032
f 1052/2106/2046 1037/2105/2030 1054/2108/2032
g default
v -3586.890627 67.319410 -202.616658
v -3591.912559 67.319410 -205.238483
v -3597.555548 67.319410 -205.738923
v -3602.960500 67.319410 -204.041791
v -3607.304561 67.319410 -200.405461
v -3609.926386 67.319410 -195.383528
v -3610.426825 67.319410 -189.740539
v -3608.729692 67.319410 -184.335587
v -3605.093360 67.319410 -179.991527
v -3600.071427 67.319410 -177.369703
v -3594.428437 67.319410 -176.869264
v -3589.023486 67.319410 -178.566398
v -3584.679427 67.319410 -182.202731
v -3582.057604 67.319410 -187.224664
v -3581.557166 67.319410 -192.867654
v -3583.254300 67.319410 -198.272605
v -3586.890627 70.409861 -202.616658
v -3591.912559 70.409861 -205.238483
v -3597.555548 70.409861 -205.738923
v -3602.960500 70.409861 -204.041791
v -3607.304561 70.409861 -200.405461
v -3609.926386 70.409861 -195.383528
v -3610.426825 70.409861 -189.740539
v -3608.729692 70.409861 -184.335587
v -3605.093360 70.409861 -179.991527
v -3600.071427 70.409861 -177.369703
v -3594.428437 70.409861 -176.869264
v -3589.023486 70.409861 -178.566398
v -3584.679427 70.409861 -182.202731
v -3582.057604 70.409861 -187.224664
v -3581.557166 70.409861 -192.867654
v -3583.254300 70.409861 -198.272605
v -3595.991995 67.319410 -191.304094
v -3595.991995 70.409861 -191.304094
vt 0.901341 0.331391
vt 0.805642 0.178433
vt 0.662417 0.076230
vt 0.493471 0.040341
vt 0.324526 0.076230
vt 0.181301 0.178433
vt 0.085601 0.331390
vt 0.051995 0.511816
vt 0.085601 0.692242
vt 0.181301 0.845199
vt 0.324526 0.947402
vt 0.493471 0.983291
vt 0.662416 0.947402
vt 0.805642 0.845199
vt 0.901341 0.692242
vt 0.934947 0.511816
vt 0.160892 0.390895
vt 0.166870 0.390895
vt 0.172848 0.390895
vt 0.178827 0.390895
vt 0.184805 0.390895
vt 0.190784 0.390895
vt 0.196762 0.390895
vt 0.202741 0.390895
vt 0.208719 0.390895
vt 0.214697 0.390895
vt 0.220676 0.390895
vt 0.226654 0.390895
vt 0.232633 0.390895
vt 0.238611 0.390895
vt 0.244590 0.390895
vt 0.250568 0.390895
vt 0.256546 0.390895
vt 0.160892 0.597454
vt 0.166870 0.597454
vt 0.172848 0.597454
vt 0.178827 0.597454
vt 0.184805 0.597454
vt 0.190784 0.597454
vt 0.196762 0.597454
vt 0.202741 0.597454
vt 0.208719 0.597454
vt 0.214697 0.597454
vt 0.220676 0.597454
vt 0.226654 0.597454
vt 0.232633 0.597454
vt 0.238611 0.597454
vt 0.244590 0.597454
vt 0.250568 0.597454
vt 0.256546 0.597454
vt 0.901341 0.331391
vt 0.805642 0.178433
vt 0.662417 0.076230
vt 0.493471 0.040341
vt 0.324526 0.076230
vt 0.181301 0.178433
vt 0.085601 0.331390
vt 0.051995 0.511816
vt 0.085601 0.692242
vt 0.181301 0.845199
vt 0.324526 0.947402
vt 0.493471 0.983291
vt 0.662416 0.947402
vt 0.805642 0.845199
vt 0.901341 0.692242
vt 0.934947 0.511816
vt 0.493471 0.511816
vt 0.493471 0.511816
vn 0.626848 0.000000 -0.779142
vn 0.280967 0.000000 -0.959717
vn 0.280967 0.000000 -0.959717
vn 0.626848 0.000000 -0.779142
vn -0.107688 0.000000 -0.994185
vn -0.107688 0.000000 -0.994185
vn -0.479949 0.000000 -0.877297
vn -0.479949 0.000000 -0.877297
vn -0.779142 0.000000 -0.626848
vn -0.779142 0.000000 -0.626848
vn -0.959717 0.000000 -0.280967
vn -0.959717 0.000000 -0.280967
vn -0.994185 0.000000 0.107688
vn -0.994185 0.000000 0.107688
vn -0.877296 0.000000 0.479949
vn -0.877296 0.000000 0.479949
vn -0.626848 0.000000 0.779142
vn -0.626848 0.000000 0.779142
vn -0.280967 0.000000 0.959717
vn -0.280967 0.000000 0.959717
vn 0.107689 0.000000 0.994185
vn 0.107689 0.000000 0.994185
vn 0.479949 0.000000 0.877296
vn 0.479949 0.000000 0.877296
vn 0.779142 0.000000 0.626847
vn 0.779142 0.000000 0.626847
vn 0.959718 0.000000 0.280967
vn 0.959718 0.000000 0.280967
vn 0.994185 0.000000 -0.107689
vn 0.994185 0.000000 -0.107689
vn 0.877296 0.000000 -0.479949
vn 0.877296 0.000000 -0.479949
vn 0.000000 -1.000000 0.000000
vn 0.000000 -1.000000 0.000000
vn -0.000000 -1.000000 -0.000000
vn -0.000000 -1.000000 -0.000000
vn -0.000000 -1.000000 -0.000000
vn -0.000000 -1.000000 -0.000000
vn -0.000000 -1.000000 -0.000000
vn 0.000000 -1.000000 0.000000
vn 0.000000 -1.000000 0.000000
vn 0.000000 -1.000000 0.000000
vn 0.000000 -1.000000 0.000000
vn -0.000000 -1.000000 -0.000000
vn -0.000000 -1.000000 -0.000000
vn -0.000000 -1.000000 -0.000000
vn -0.000000 -1.000000 -0.000000
vn 0.000000 -1.000000 0.000000
vn 0.000000 -1.000000 0.000000
vn 0.000000 1.000000 0.000000
vn 0.000000 1.000000 0.000000
vn 0.000000 1.000000 0.000000
vn 0.000000 1.000000 0.000000
vn 0.000000 1.000000 0.000000
vn -0.000000 1.000000 -0.000000
vn 0.000000 1.000000 0.000000
vn 0.000000 1.000000 0.000000
vn 0.000000 1.000000 0.000000
vn 0.000000 1.000000 0.000000
vn 0.000000 1.000000 0.000000
vn 0.000000 1.000000 0.000000
vn 0.000000 1.000000 0.000000
vn -0.000000 1.000000 -0.000000
vn 0.000000 1.000000 0.000000
vn 0.000000 1.000000 0.000000
vn 0.000000 1.000000 0.000000
s 1
g pCylinder43
usemtl lambert7SG
f 1055/2125/2047 1056/2126/2048 1072/2143/2049 1071/2142/2050
f 1056/2126/2048 1057/2127/2051 1073/2144/2052 1072/2143/2049
f 1057/2127/2051 1058/2128/2053 1074/2145/2054 1073/2144/2052
f 1058/2128/2053 1059/2129/2055 1075/2146/2056 1074/2145/2054
f 1059/2129/2055 1060/2130/2057 1076/2147/2058 1075/2146/2056
f 1060/2130/2057 1061/2131/2059 1077/2148/2060 1076/2147/2058
f 1061/2131/2059 1062/2132/2061 1078/2149/2062 1077/2148/2060
f 1062/2132/2061 1063/2133/2063 1079/2150/2064 1078/2149/2062
f 1063/2133/2063 1064/2134/2065 1080/2151/2066 1079/2150/2064
f 1064/2134/2065 1065/2135/2067 1081/2152/2068 1080/2151/2066
f 1065/2135/2067 1066/2136/2069 1082/2153/2070 1081/2152/2068
f 1066/2136/2069 1067/2137/2071 1083/2154/2072 1082/2153/2070
f 1067/2137/2071 1068/2138/2073 1084/2155/2074 1083/2154/2072
f 1068/2138/2073 1069/2139/2075 1085/2156/2076 1084/2155/2074
f 1069/2139/2075 1070/2140/2077 1086/2157/2078 1085/2156/2076
f 1070/2140/2077 1055/2141/2047 1071/2158/2050 1086/2157/2078
s 2
f 1056/2110/2079 1055/2109/2080 1087/2175/2081
f 1057/2111/2082 1056/2110/2079 1087/2175/2081
f 1058/2112/2083 1057/2111/2082 1087/2175/2081
f 1059/2113/2084 1058/2112/2083 1087/2175/2081
f 1060/2114/2085 1059/2113/2084 1087/2175/2081
f 1061/2115/2086 1060/2114/2085 1087/2175/2081
f 1062/2116/2087 1061/2115/2086 1087/2175/2081
f 1063/2117/2088 1062/2116/2087 1087/2175/2081
f 1064/2118/2089 1063/2117/2088 1087/2175/2081
f 1065/2119/2090 1064/2118/2089 1087/2175/2081
f 1066/2120/2091 1065/2119/2090 1087/2175/2081
f 1067/2121/2092 1066/2120/2091 1087/2175/2081
f 1068/2122/2093 1067/2121/2092 1087/2175/2081
f 1069/2123/2094 1068/2122/2093 1087/2175/2081
f 1070/2124/2095 1069/2123/2094 1087/2175/2081
f 1055/2109/2080 1070/2124/2095 1087/2175/2081
s 3
f 1071/2173/2096 1072/2172/2097 1088/2176/2098
f 1072/2172/2097 1073/2171/2099 1088/2176/2098
f 1073/2171/2099 1074/2170/2100 1088/2176/2098
f 1074/2170/2100 1075/2169/2101 1088/2176/2098
f 1075/2169/2101 1076/2168/2102 1088/2176/2098
f 1076/2168/2102 1077/2167/2103 1088/2176/2098
f 1077/2167/2103 1078/2166/2104 1088/2176/2098
f 1078/2166/2104 1079/2165/2105 1088/2176/2098
f 1079/2165/2105 1080/2164/2106 1088/2176/2098
f 1080/2164/2106 1081/2163/2107 1088/2176/2098
f 1081/2163/2107 1082/2162/2108 1088/2176/2098
f 1082/2162/2108 1083/2161/2109 1088/2176/2098
f 1083/2161/2109 1084/2160/2110 1088/2176/2098
f 1084/2160/2110 1085/2159/2111 1088/2176/2098
f 1085/2159/2111 1086/2174/2112 1088/2176/2098
f 1086/2174/2112 1071/2173/2096 1088/2176/2098
g default
v -3586.890627 64.253365 -188.712077
v -3591.912559 64.253365 -191.333902
v -3597.555548 64.253365 -191.834342
v -3602.960500 64.253365 -190.137210
v -3607.304561 64.253365 -186.500880
v -3609.926386 64.253365 -181.478948
v -3610.426825 64.253365 -175.835958
v -3608.729692 64.253365 -170.431006
v -3605.093360 64.253365 -166.086946
v -3600.071427 64.253365 -163.465122
v -3594.428437 64.253365 -162.964683
v -3589.023486 64.253365 -164.661817
v -3584.679427 64.253365 -168.298150
v -3582.057604 64.253365 -173.320083
v -3581.557166 64.253365 -178.963073
v -3583.254300 64.253365 -184.368024
v -3586.890627 67.343816 -188.712077
v -3591.912559 67.343816 -191.333902
v -3597.555548 67.343816 -191.834342
v -3602.960500 67.343816 -190.137210
v -3607.304561 67.343816 -186.500880
v -3609.926386 67.343816 -181.478948
v -3610.426825 67.343816 -175.835958
v -3608.729692 67.343816 -170.431006
v -3605.093360 67.343816 -166.086946
v -3600.071427 67.343816 -163.465122
v -3594.428437 67.343816 -162.964683
v -3589.023486 67.343816 -164.661817
v -3584.679427 67.343816 -168.298150
v -3582.057604 67.343816 -173.320083
v -3581.557166 67.343816 -178.963073
v -3583.254300 67.343816 -184.368024
v -3595.991995 64.253365 -177.399513
v -3595.991995 67.343816 -177.399513
vt 0.901341 0.331391
vt 0.805642 0.178433
vt 0.662417 0.076230
vt 0.493471 0.040341
vt 0.324526 0.076230
vt 0.181301 0.178433
vt 0.085601 0.331390
vt 0.051995 0.511816
vt 0.085601 0.692242
vt 0.181301 0.845199
vt 0.324526 0.947402
vt 0.493471 0.983291
vt 0.662416 0.947402
vt 0.805642 0.845199
vt 0.901341 0.692242
vt 0.934947 0.511816
vt 0.160892 0.390895
vt 0.166870 0.390895
vt 0.172848 0.390895
vt 0.178827 0.390895
vt 0.184805 0.390895
vt 0.190784 0.390895
vt 0.196762 0.390895
vt 0.202741 0.390895
vt 0.208719 0.390895
vt 0.214697 0.390895
vt 0.220676 0.390895
vt 0.226654 0.390895
vt 0.232633 0.390895
vt 0.238611 0.390895
vt 0.244590 0.390895
vt 0.250568 0.390895
vt 0.256546 0.390895
vt 0.160892 0.597454
vt 0.166870 0.597454
vt 0.172848 0.597454
vt 0.178827 0.597454
vt 0.184805 0.597454
vt 0.190784 0.597454
vt 0.196762 0.597454
vt 0.202741 0.597454
vt 0.208719 0.597454
vt 0.214697 0.597454
vt 0.220676 0.597454
vt 0.226654 0.597454
vt 0.232633 0.597454
vt 0.238611 0.597454
vt 0.244590 0.597454
vt 0.250568 0.597454
vt 0.256546 0.597454
vt 0.901341 0.331391
vt 0.805642 0.178433
vt 0.662417 0.076230
vt 0.493471 0.040341
vt 0.324526 0.076230
vt 0.181301 0.178433
vt 0.085601 0.331390
vt 0.051995 0.511816
vt 0.085601 0.692242
vt 0.181301 0.845199
vt 0.324526 0.947402
vt 0.493471 0.983291
vt 0.662416 0.947402
vt 0.805642 0.845199
vt 0.901341 0.692242
vt 0.934947 0.511816
vt 0.493471 0.511816
vt 0.493471 0.511816
vn 0.626848 0.000000 -0.779142
vn 0.280967 0.000000 -0.959717
vn 0.280967 0.000000 -0.959717
vn 0.626848 0.000000 -0.779142
vn -0.107688 0.000000 -0.994185
vn -0.107688 0.000000 -0.994185
vn -0.479949 0.000000 -0.877297
vn -0.479949 0.000000 -0.877297
vn -0.779142 0.000000 -0.626848
vn -0.779142 0.000000 -0.626848
vn -0.959717 0.000000 -0.280967
vn -0.959717 0.000000 -0.280967
vn -0.994185 0.000000 0.107688
vn -0.994185 0.000000 0.107688
vn -0.877296 0.000000 0.479949
vn -0.877296 0.000000 0.479949
vn -0.626848 0.000000 0.779142
vn -0.626848 0.000000 0.779142
vn -0.280967 0.000000 0.959717
vn -0.280967 0.000000 0.959717
vn 0.107689 0.000000 0.994185
vn 0.107689 0.000000 0.994185
vn 0.479949 0.000000 0.877296
vn 0.479949 0.000000 0.877296
vn 0.779142 0.000000 0.626847
vn 0.779142 0.000000 0.626847
vn 0.959718 0.000000 0.280967
vn 0.959718 0.000000 0.280967
vn 0.994185 0.000000 -0.107689
vn 0.994185 0.000000 -0.107689
vn 0.877296 0.000000 -0.479949
vn 0.877296 0.000000 -0.479949
vn 0.000000 -1.000000 0.000000
vn 0.000000 -1.000000 0.000000
vn -0.000000 -1.000000 -0.000000
vn -0.000000 -1.000000 -0.000000
vn -0.000000 -1.000000 -0.000000
vn -0.000000 -1.000000 -0.000000
vn -0.000000 -1.000000 -0.000000
vn 0.000000 -1.000000 0.000000
vn 0.000000 -1.000000 0.000000
vn 0.000000 -1.000000 0.000000
vn 0.000000 -1.000000 0.000000
vn -0.000000 -1.000000 -0.000000
vn -0.000000 -1.000000 -0.000000
vn -0.000000 -1.000000 -0.000000
vn -0.000000 -1.000000 -0.000000
vn 0.000000 -1.000000 0.000000
vn 0.000000 -1.000000 0.000000
vn 0.000000 1.000000 0.000000
vn 0.000000 1.000000 0.000000
vn 0.000000 1.000000 0.000000
vn 0.000000 1.000000 0.000000
vn 0.000000 1.000000 0.000000
vn -0.000000 1.000000 -0.000000
vn 0.000000 1.000000 0.000000
vn 0.000000 1.000000 0.000000
vn 0.000000 1.000000 0.000000
vn 0.000000 1.000000 0.000000
vn 0.000000 1.000000 0.000000
vn 0.000000 1.000000 0.000000
vn 0.000000 1.000000 0.000000
vn -0.000000 1.000000 -0.000000
vn 0.000000 1.000000 0.000000
vn 0.000000 1.000000 0.000000
vn 0.000000 1.000000 0.000000
s 1
g pCylinder42
usemtl lambert7SG
f 1089/2193/2113 1090/2194/2114 1106/2211/2115 1105/2210/2116
f 1090/2194/2114 1091/2195/2117 1107/2212/2118 1106/2211/2115
f 1091/2195/2117 1092/2196/2119 1108/2213/2120 1107/2212/2118
f 1092/2196/2119 1093/2197/2121 1109/2214/2122 1108/2213/2120
f 1093/2197/2121 1094/2198/2123 1110/2215/2124 1109/2214/2122
f 1094/2198/2123 1095/2199/2125 1111/2216/2126 1110/2215/2124
f 1095/2199/2125 1096/2200/2127 1112/2217/2128 1111/2216/2126
f 1096/2200/2127 1097/2201/2129 1113/2218/2130 1112/2217/2128
f 1097/2201/2129 1098/2202/2131 1114/2219/2132 1113/2218/2130
f 1098/2202/2131 1099/2203/2133 1115/2220/2134 1114/2219/2132
f 1099/2203/2133 1100/2204/2135 1116/2221/2136 1115/2220/2134
f 1100/2204/2135 1101/2205/2137 1117/2222/2138 1116/2221/2136
f 1101/2205/2137 1102/2206/2139 1118/2223/2140 1117/2222/2138
f 1102/2206/2139 1103/2207/2141 1119/2224/2142 1118/2223/2140
f 1103/2207/2141 1104/2208/2143 1120/2225/2144 1119/2224/2142
f 1104/2208/2143 1089/2209/2113 1105/2226/2116 1120/2225/2144
s 2
f 1090/2178/2145 1089/2177/2146 1121/2243/2147
f 1091/2179/2148 1090/2178/2145 1121/2243/2147
f 1092/2180/2149 1091/2179/2148 1121/2243/2147
f 1093/2181/2150 1092/2180/2149 1121/2243/2147
f 1094/2182/2151 1093/2181/2150 1121/2243/2147
f 1095/2183/2152 1094/2182/2151 1121/2243/2147
f 1096/2184/2153 1095/2183/2152 1121/2243/2147
f 1097/2185/2154 1096/2184/2153 1121/2243/2147
f 1098/2186/2155 1097/2185/2154 1121/2243/2147
f 1099/2187/2156 1098/2186/2155 1121/2243/2147
f 1100/2188/2157 1099/2187/2156 1121/2243/2147
f 1101/2189/2158 1100/2188/2157 1121/2243/2147
f 1102/2190/2159 1101/2189/2158 1121/2243/2147
f 1103/2191/2160 1102/2190/2159 1121/2243/2147
f 1104/2192/2161 1103/2191/2160 1121/2243/2147
f 1089/2177/2146 1104/2192/2161 1121/2243/2147
s 3
f 1105/2241/2162 1106/2240/2163 1122/2244/2164
f 1106/2240/2163 1107/2239/2165 1122/2244/2164
f 1107/2239/2165 1108/2238/2166 1122/2244/2164
f 1108/2238/2166 1109/2237/2167 1122/2244/2164
f 1109/2237/2167 1110/2236/2168 1122/2244/2164
f 1110/2236/2168 1111/2235/2169 1122/2244/2164
f 1111/2235/2169 1112/2234/2170 1122/2244/2164
f 1112/2234/2170 1113/2233/2171 1122/2244/2164
f 1113/2233/2171 1114/2232/2172 1122/2244/2164
f 1114/2232/2172 1115/2231/2173 1122/2244/2164
f 1115/2231/2173 1116/2230/2174 1122/2244/2164
f 1116/2230/2174 1117/2229/2175 1122/2244/2164
f 1117/2229/2175 1118/2228/2176 1122/2244/2164
f 1118/2228/2176 1119/2227/2177 1122/2244/2164
f 1119/2227/2177 1120/2242/2178 1122/2244/2164
f 1120/2242/2178 1105/2241/2162 1122/2244/2164
g default
v -3548.756889 64.253365 -170.388976
v -3553.778821 64.253365 -173.010800
v -3559.421810 64.253365 -173.511240
v -3564.826762 64.253365 -171.814109
v -3569.170823 64.253365 -168.177778
v -3571.792648 64.253365 -163.155846
v -3572.293088 64.253365 -157.512857
v -3570.595955 64.253365 -152.107904
v -3566.959623 64.253365 -147.763845
v -3561.937689 64.253365 -145.142020
v -3556.294700 64.253365 -144.641582
v -3550.889748 64.253365 -146.338716
v -3546.545690 64.253365 -149.975049
v -3543.923866 64.253365 -154.996981
v -3543.423429 64.253365 -160.639971
v -3545.120563 64.253365 -166.044923
v -3548.756889 67.343816 -170.388976
v -3553.778821 67.343816 -173.010800
v -3559.421810 67.343816 -173.511240
v -3564.826762 67.343816 -171.814109
v -3569.170823 67.343816 -168.177778
v -3571.792648 67.343816 -163.155846
v -3572.293088 67.343816 -157.512857
v -3570.595955 67.343816 -152.107904
v -3566.959623 67.343816 -147.763845
v -3561.937689 67.343816 -145.142020
v -3556.294700 67.343816 -144.641582
v -3550.889748 67.343816 -146.338716
v -3546.545690 67.343816 -149.975049
v -3543.923866 67.343816 -154.996981
v -3543.423429 67.343816 -160.639971
v -3545.120563 67.343816 -166.044923
v -3557.858258 64.253365 -159.076411
v -3557.858258 67.343816 -159.076411
vt 0.901341 0.331391
vt 0.805642 0.178433
vt 0.662417 0.076230
vt 0.493471 0.040341
vt 0.324526 0.076230
vt 0.181301 0.178433
vt 0.085601 0.331390
vt 0.051995 0.511816
vt 0.085601 0.692242
vt 0.181301 0.845199
vt 0.324526 0.947402
vt 0.493471 0.983291
vt 0.662416 0.947402
vt 0.805642 0.845199
vt 0.901341 0.692242
vt 0.934947 0.511816
vt 0.160892 0.390895
vt 0.166870 0.390895
vt 0.172848 0.390895
vt 0.178827 0.390895
vt 0.184805 0.390895
vt 0.190784 0.390895
vt 0.196762 0.390895
vt 0.202741 0.390895
vt 0.208719 0.390895
vt 0.214697 0.390895
vt 0.220676 0.390895
vt 0.226654 0.390895
vt 0.232633 0.390895
vt 0.238611 0.390895
vt 0.244590 0.390895
vt 0.250568 0.390895
vt 0.256546 0.390895
vt 0.160892 0.597454
vt 0.166870 0.597454
vt 0.172848 0.597454
vt 0.178827 0.597454
vt 0.184805 0.597454
vt 0.190784 0.597454
vt 0.196762 0.597454
vt 0.202741 0.597454
vt 0.208719 0.597454
vt 0.214697 0.597454
vt 0.220676 0.597454
vt 0.226654 0.597454
vt 0.232633 0.597454
vt 0.238611 0.597454
vt 0.244590 0.597454
vt 0.250568 0.597454
vt 0.256546 0.597454
vt 0.901341 0.331391
vt 0.805642 0.178433
vt 0.662417 0.076230
vt 0.493471 0.040341
vt 0.324526 0.076230
vt 0.181301 0.178433
vt 0.085601 0.331390
vt 0.051995 0.511816
vt 0.085601 0.692242
vt 0.181301 0.845199
vt 0.324526 0.947402
vt 0.493471 0.983291
vt 0.662416 0.947402
vt 0.805642 0.845199
vt 0.901341 0.692242
vt 0.934947 0.511816
vt 0.493471 0.511816
vt 0.493471 0.511816
vn 0.626848 0.000000 -0.779142
vn 0.280967 0.000000 -0.959717
vn 0.280967 0.000000 -0.959717
vn 0.626848 0.000000 -0.779142
vn -0.107688 0.000000 -0.994185
vn -0.107688 0.000000 -0.994185
vn -0.479949 0.000000 -0.877297
vn -0.479949 0.000000 -0.877297
vn -0.779142 0.000000 -0.626848
vn -0.779142 0.000000 -0.626848
vn -0.959717 0.000000 -0.280967
vn -0.959717 0.000000 -0.280967
vn -0.994185 0.000000 0.107688
vn -0.994185 0.000000 0.107688
vn -0.877296 0.000000 0.479949
vn -0.877296 0.000000 0.479949
vn -0.626848 0.000000 0.779142
vn -0.626848 0.000000 0.779142
vn -0.280967 0.000000 0.959717
vn -0.280967 0.000000 0.959717
vn 0.107689 0.000000 0.994185
vn 0.107689 0.000000 0.994185
vn 0.479949 0.000000 0.877296
vn 0.479949 0.000000 0.877296
vn 0.779142 0.000000 0.626847
vn 0.779142 0.000000 0.626847
vn 0.959718 0.000000 0.280967
vn 0.959718 0.000000 0.280967
vn 0.994185 0.000000 -0.107689
vn 0.994185 0.000000 -0.107689
vn 0.877296 0.000000 -0.479949
vn 0.877296 0.000000 -0.479949
vn 0.000000 -1.000000 0.000000
vn 0.000000 -1.000000 0.000000
vn -0.000000 -1.000000 -0.000000
vn -0.000000 -1.000000 -0.000000
vn -0.000000 -1.000000 -0.000000
vn -0.000000 -1.000000 -0.000000
vn -0.000000 -1.000000 -0.000000
vn 0.000000 -1.000000 0.000000
vn 0.000000 -1.000000 0.000000
vn 0.000000 -1.000000 0.000000
vn 0.000000 -1.000000 0.000000
vn -0.000000 -1.000000 -0.000000
vn -0.000000 -1.000000 -0.000000
vn -0.000000 -1.000000 -0.000000
vn -0.000000 -1.000000 -0.000000
vn 0.000000 -1.000000 0.000000
vn 0.000000 -1.000000 0.000000
vn 0.000000 1.000000 0.000000
vn 0.000000 1.000000 0.000000
vn 0.000000 1.000000 0.000000
vn 0.000000 1.000000 0.000000
vn 0.000000 1.000000 0.000000
vn -0.000000 1.000000 -0.000000
vn 0.000000 1.000000 0.000000
vn 0.000000 1.000000 0.000000
vn 0.000000 1.000000 0.000000
vn 0.000000 1.000000 0.000000
vn 0.000000 1.000000 0.000000
vn 0.000000 1.000000 0.000000
vn 0.000000 1.000000 0.000000
vn -0.000000 1.000000 -0.000000
vn 0.000000 1.000000 0.000000
vn 0.000000 1.000000 0.000000
vn 0.000000 1.000000 0.000000
s 1
g pCylinder39
usemtl lambert7SG
f 1123/2261/2179 1124/2262/2180 1140/2279/2181 1139/2278/2182
f 1124/2262/2180 1125/2263/2183 1141/2280/2184 1140/2279/2181
f 1125/2263/2183 1126/2264/2185 1142/2281/2186 1141/2280/2184
f 1126/2264/2185 1127/2265/2187 1143/2282/2188 1142/2281/2186
f 1127/2265/2187 1128/2266/2189 1144/2283/2190 1143/2282/2188
f 1128/2266/2189 1129/2267/2191 1145/2284/2192 1144/2283/2190
f 1129/2267/2191 1130/2268/2193 1146/2285/2194 1145/2284/2192
f 1130/2268/2193 1131/2269/2195 1147/2286/2196 1146/2285/2194
f 1131/2269/2195 1132/2270/2197 1148/2287/2198 1147/2286/2196
f 1132/2270/2197 1133/2271/2199 1149/2288/2200 1148/2287/2198
f 1133/2271/2199 1134/2272/2201 1150/2289/2202 1149/2288/2200
f 1134/2272/2201 1135/2273/2203 1151/2290/2204 1150/2289/2202
f 1135/2273/2203 1136/2274/2205 1152/2291/2206 1151/2290/2204
f 1136/2274/2205 1137/2275/2207 1153/2292/2208 1152/2291/2206
f 1137/2275/2207 1138/2276/2209 1154/2293/2210 1153/2292/2208
f 1138/2276/2209 1123/2277/2179 1139/2294/2182 1154/2293/2210
s 2
f 1124/2246/2211 1123/2245/2212 1155/2311/2213
f 1125/2247/2214 1124/2246/2211 1155/2311/2213
f 1126/2248/2215 1125/2247/2214 1155/2311/2213
f 1127/2249/2216 1126/2248/2215 1155/2311/2213
f 1128/2250/2217 1127/2249/2216 1155/2311/2213
f 1129/2251/2218 1128/2250/2217 1155/2311/2213
f 1130/2252/2219 1129/2251/2218 1155/2311/2213
f 1131/2253/2220 1130/2252/2219 1155/2311/2213
f 1132/2254/2221 1131/2253/2220 1155/2311/2213
f 1133/2255/2222 1132/2254/2221 1155/2311/2213
f 1134/2256/2223 1133/2255/2222 1155/2311/2213
f 1135/2257/2224 1134/2256/2223 1155/2311/2213
f 1136/2258/2225 1135/2257/2224 1155/2311/2213
f 1137/2259/2226 1136/2258/2225 1155/2311/2213
f 1138/2260/2227 1137/2259/2226 1155/2311/2213
f 1123/2245/2212 1138/2260/2227 1155/2311/2213
s 3
f 1139/2309/2228 1140/2308/2229 1156/2312/2230
f 1140/2308/2229 1141/2307/2231 1156/2312/2230
f 1141/2307/2231 1142/2306/2232 1156/2312/2230
f 1142/2306/2232 1143/2305/2233 1156/2312/2230
f 1143/2305/2233 1144/2304/2234 1156/2312/2230
f 1144/2304/2234 1145/2303/2235 1156/2312/2230
f 1145/2303/2235 1146/2302/2236 1156/2312/2230
f 1146/2302/2236 1147/2301/2237 1156/2312/2230
f 1147/2301/2237 1148/2300/2238 1156/2312/2230
f 1148/2300/2238 1149/2299/2239 1156/2312/2230
f 1149/2299/2239 1150/2298/2240 1156/2312/2230
f 1150/2298/2240 1151/2297/2241 1156/2312/2230
f 1151/2297/2241 1152/2296/2242 1156/2312/2230
f 1152/2296/2242 1153/2295/2243 1156/2312/2230
f 1153/2295/2243 1154/2310/2244 1156/2312/2230
f 1154/2310/2244 1139/2309/2228 1156/2312/2230
g default
v -3590.265515 64.253365 -160.026501
v -3595.287447 64.253365 -162.648325
v -3600.930436 64.253365 -163.148765
v -3606.335388 64.253365 -161.451633
v -3610.679449 64.253365 -157.815303
v -3613.301274 64.253365 -152.793371
v -3613.801713 64.253365 -147.150381
v -3612.104580 64.253365 -141.745429
v -3608.468248 64.253365 -137.401369
v -3603.446315 64.253365 -134.779545
v -3597.803325 64.253365 -134.279106
v -3592.398374 64.253365 -135.976240
v -3588.054315 64.253365 -139.612573
v -3585.432492 64.253365 -144.634506
v -3584.932055 64.253365 -150.277496
v -3586.629188 64.253365 -155.682448
v -3590.265515 67.343816 -160.026501
v -3595.287447 67.343816 -162.648325
v -3600.930436 67.343816 -163.148765
v -3606.335388 67.343816 -161.451633
v -3610.679449 67.343816 -157.815303
v -3613.301274 67.343816 -152.793371
v -3613.801713 67.343816 -147.150381
v -3612.104580 67.343816 -141.745429
v -3608.468248 67.343816 -137.401369
v -3603.446315 67.343816 -134.779545
v -3597.803325 67.343816 -134.279106
v -3592.398374 67.343816 -135.976240
v -3588.054315 67.343816 -139.612573
v -3585.432492 67.343816 -144.634506
v -3584.932055 67.343816 -150.277496
v -3586.629188 67.343816 -155.682448
v -3599.366883 64.253365 -148.713936
v -3599.366883 67.343816 -148.713936
vt 0.901341 0.331391
vt 0.805642 0.178433
vt 0.662417 0.076230
vt 0.493471 0.040341
vt 0.324526 0.076230
vt 0.181301 0.178433
vt 0.085601 0.331390
vt 0.051995 0.511816
vt 0.085601 0.692242
vt 0.181301 0.845199
vt 0.324526 0.947402
vt 0.493471 0.983291
vt 0.662416 0.947402
vt 0.805642 0.845199
vt 0.901341 0.692242
vt 0.934947 0.511816
vt 0.160892 0.390895
vt 0.166870 0.390895
vt 0.172848 0.390895
vt 0.178827 0.390895
vt 0.184805 0.390895
vt 0.190784 0.390895
vt 0.196762 0.390895
vt 0.202741 0.390895
vt 0.208719 0.390895
vt 0.214697 0.390895
vt 0.220676 0.390895
vt 0.226654 0.390895
vt 0.232633 0.390895
vt 0.238611 0.390895
vt 0.244590 0.390895
vt 0.250568 0.390895
vt 0.256546 0.390895
vt 0.160892 0.597454
vt 0.166870 0.597454
vt 0.172848 0.597454
vt 0.178827 0.597454
vt 0.184805 0.597454
vt 0.190784 0.597454
vt 0.196762 0.597454
vt 0.202741 0.597454
vt 0.208719 0.597454
vt 0.214697 0.597454
vt 0.220676 0.597454
vt 0.226654 0.597454
vt 0.232633 0.597454
vt 0.238611 0.597454
vt 0.244590 0.597454
vt 0.250568 0.597454
vt 0.256546 0.597454
vt 0.901341 0.331391
vt 0.805642 0.178433
vt 0.662417 0.076230
vt 0.493471 0.040341
vt 0.324526 0.076230
vt 0.181301 0.178433
vt 0.085601 0.331390
vt 0.051995 0.511816
vt 0.085601 0.692242
vt 0.181301 0.845199
vt 0.324526 0.947402
vt 0.493471 0.983291
vt 0.662416 0.947402
vt 0.805642 0.845199
vt 0.901341 0.692242
vt 0.934947 0.511816
vt 0.493471 0.511816
vt 0.493471 0.511816
vn 0.626848 0.000000 -0.779142
vn 0.280967 0.000000 -0.959717
vn 0.280967 0.000000 -0.959717
vn 0.626848 0.000000 -0.779142
vn -0.107688 0.000000 -0.994185
vn -0.107688 0.000000 -0.994185
vn -0.479949 0.000000 -0.877297
vn -0.479949 0.000000 -0.877297
vn -0.779142 0.000000 -0.626848
vn -0.779142 0.000000 -0.626848
vn -0.959717 0.000000 -0.280967
vn -0.959717 0.000000 -0.280967
vn -0.994185 0.000000 0.107688
vn -0.994185 0.000000 0.107688
vn -0.877296 0.000000 0.479949
vn -0.877296 0.000000 0.479949
vn -0.626848 0.000000 0.779142
vn -0.626848 0.000000 0.779142
vn -0.280967 0.000000 0.959717
vn -0.280967 0.000000 0.959717
vn 0.107689 0.000000 0.994185
vn 0.107689 0.000000 0.994185
vn 0.479949 0.000000 0.877296
vn 0.479949 0.000000 0.877296
vn 0.779142 0.000000 0.626847
vn 0.779142 0.000000 0.626847
vn 0.959718 0.000000 0.280967
vn 0.959718 0.000000 0.280967
vn 0.994185 0.000000 -0.107689
vn 0.994185 0.000000 -0.107689
vn 0.877296 0.000000 -0.479949
vn 0.877296 0.000000 -0.479949
vn 0.000000 -1.000000 0.000000
vn 0.000000 -1.000000 0.000000
vn -0.000000 -1.000000 -0.000000
vn -0.000000 -1.000000 -0.000000
vn -0.000000 -1.000000 -0.000000
vn -0.000000 -1.000000 -0.000000
vn -0.000000 -1.000000 -0.000000
vn 0.000000 -1.000000 0.000000
vn 0.000000 -1.000000 0.000000
vn 0.000000 -1.000000 0.000000
vn 0.000000 -1.000000 0.000000
vn -0.000000 -1.000000 -0.000000
vn -0.000000 -1.000000 -0.000000
vn -0.000000 -1.000000 -0.000000
vn -0.000000 -1.000000 -0.000000
vn 0.000000 -1.000000 0.000000
vn 0.000000 -1.000000 0.000000
vn 0.000000 1.000000 0.000000
vn 0.000000 1.000000 0.000000
vn 0.000000 1.000000 0.000000
vn 0.000000 1.000000 0.000000
vn 0.000000 1.000000 0.000000
vn -0.000000 1.000000 -0.000000
vn 0.000000 1.000000 0.000000
vn 0.000000 1.000000 0.000000
vn 0.000000 1.000000 0.000000
vn 0.000000 1.000000 0.000000
vn 0.000000 1.000000 0.000000
vn 0.000000 1.000000 0.000000
vn 0.000000 1.000000 0.000000
vn -0.000000 1.000000 -0.000000
vn 0.000000 1.000000 0.000000
vn 0.000000 1.000000 0.000000
vn 0.000000 1.000000 0.000000
s 1
g pCylinder38
usemtl lambert7SG
f 1157/2329/2245 1158/2330/2246 1174/2347/2247 1173/2346/2248
f 1158/2330/2246 1159/2331/2249 1175/2348/2250 1174/2347/2247
f 1159/2331/2249 1160/2332/2251 1176/2349/2252 1175/2348/2250
f 1160/2332/2251 1161/2333/2253 1177/2350/2254 1176/2349/2252
f 1161/2333/2253 1162/2334/2255 1178/2351/2256 1177/2350/2254
f 1162/2334/2255 1163/2335/2257 1179/2352/2258 1178/2351/2256
f 1163/2335/2257 1164/2336/2259 1180/2353/2260 1179/2352/2258
f 1164/2336/2259 1165/2337/2261 1181/2354/2262 1180/2353/2260
f 1165/2337/2261 1166/2338/2263 1182/2355/2264 1181/2354/2262
f 1166/2338/2263 1167/2339/2265 1183/2356/2266 1182/2355/2264
f 1167/2339/2265 1168/2340/2267 1184/2357/2268 1183/2356/2266
f 1168/2340/2267 1169/2341/2269 1185/2358/2270 1184/2357/2268
f 1169/2341/2269 1170/2342/2271 1186/2359/2272 1185/2358/2270
f 1170/2342/2271 1171/2343/2273 1187/2360/2274 1186/2359/2272
f 1171/2343/2273 1172/2344/2275 1188/2361/2276 1187/2360/2274
f 1172/2344/2275 1157/2345/2245 1173/2362/2248 1188/2361/2276
s 2
f 1158/2314/2277 1157/2313/2278 1189/2379/2279
f 1159/2315/2280 1158/2314/2277 1189/2379/2279
f 1160/2316/2281 1159/2315/2280 1189/2379/2279
f 1161/2317/2282 1160/2316/2281 1189/2379/2279
f 1162/2318/2283 1161/2317/2282 1189/2379/2279
f 1163/2319/2284 1162/2318/2283 1189/2379/2279
f 1164/2320/2285 1163/2319/2284 1189/2379/2279
f 1165/2321/2286 1164/2320/2285 1189/2379/2279
f 1166/2322/2287 1165/2321/2286 1189/2379/2279
f 1167/2323/2288 1166/2322/2287 1189/2379/2279
f 1168/2324/2289 1167/2323/2288 1189/2379/2279
f 1169/2325/2290 1168/2324/2289 1189/2379/2279
f 1170/2326/2291 1169/2325/2290 1189/2379/2279
f 1171/2327/2292 1170/2326/2291 1189/2379/2279
f 1172/2328/2293 1171/2327/2292 1189/2379/2279
f 1157/2313/2278 1172/2328/2293 1189/2379/2279
s 3
f 1173/2377/2294 1174/2376/2295 1190/2380/2296
f 1174/2376/2295 1175/2375/2297 1190/2380/2296
f 1175/2375/2297 1176/2374/2298 1190/2380/2296
f 1176/2374/2298 1177/2373/2299 1190/2380/2296
f 1177/2373/2299 1178/2372/2300 1190/2380/2296
f 1178/2372/2300 1179/2371/2301 1190/2380/2296
f 1179/2371/2301 1180/2370/2302 1190/2380/2296
f 1180/2370/2302 1181/2369/2303 1190/2380/2296
f 1181/2369/2303 1182/2368/2304 1190/2380/2296
f 1182/2368/2304 1183/2367/2305 1190/2380/2296
f 1183/2367/2305 1184/2366/2306 1190/2380/2296
f 1184/2366/2306 1185/2365/2307 1190/2380/2296
f 1185/2365/2307 1186/2364/2308 1190/2380/2296
f 1186/2364/2308 1187/2363/2309 1190/2380/2296
f 1187/2363/2309 1188/2378/2310 1190/2380/2296
f 1188/2378/2310 1173/2377/2294 1190/2380/2296
g default
v -3565.834571 70.416428 -161.845353
v -3570.856503 70.416428 -164.467177
v -3576.499492 70.416428 -164.967618
v -3581.904444 70.416428 -163.270486
v -3586.248505 70.416428 -159.634155
v -3588.870330 70.416428 -154.612223
v -3589.370770 70.416428 -148.969234
v -3587.673637 70.416428 -143.564282
v -3584.037304 70.416428 -139.220222
v -3579.015371 70.416428 -136.598397
v -3573.372382 70.416428 -136.097959
v -3567.967430 70.416428 -137.795093
v -3563.623371 70.416428 -141.431426
v -3561.001548 70.416428 -146.453358
v -3560.501111 70.416428 -152.096348
v -3562.198245 70.416428 -157.501300
v -3565.834571 73.506878 -161.845353
v -3570.856503 73.506878 -164.467177
v -3576.499492 73.506878 -164.967618
v -3581.904444 73.506878 -163.270486
v -3586.248505 73.506878 -159.634155
v -3588.870330 73.506878 -154.612223
v -3589.370770 73.506878 -148.969234
v -3587.673637 73.506878 -143.564282
v -3584.037304 73.506878 -139.220222
v -3579.015371 73.506878 -136.598397
v -3573.372382 73.506878 -136.097959
v -3567.967430 73.506878 -137.795093
v -3563.623371 73.506878 -141.431426
v -3561.001548 73.506878 -146.453358
v -3560.501111 73.506878 -152.096348
v -3562.198245 73.506878 -157.501300
v -3574.935940 70.416428 -150.532789
v -3574.935940 73.506878 -150.532789
vt 0.901341 0.331391
vt 0.805642 0.178433
vt 0.662417 0.076230
vt 0.493471 0.040341
vt 0.324526 0.076230
vt 0.181301 0.178433
vt 0.085601 0.331390
vt 0.051995 0.511816
vt 0.085601 0.692242
vt 0.181301 0.845199
vt 0.324526 0.947402
vt 0.493471 0.983291
vt 0.662416 0.947402
vt 0.805642 0.845199
vt 0.901341 0.692242
vt 0.934947 0.511816
vt 0.160892 0.390895
vt 0.166870 0.390895
vt 0.172848 0.390895
vt 0.178827 0.390895
vt 0.184805 0.390895
vt 0.190784 0.390895
vt 0.196762 0.390895
vt 0.202741 0.390895
vt 0.208719 0.390895
vt 0.214697 0.390895
vt 0.220676 0.390895
vt 0.226654 0.390895
vt 0.232633 0.390895
vt 0.238611 0.390895
vt 0.244590 0.390895
vt 0.250568 0.390895
vt 0.256546 0.390895
vt 0.160892 0.597454
vt 0.166870 0.597454
vt 0.172848 0.597454
vt 0.178827 0.597454
vt 0.184805 0.597454
vt 0.190784 0.597454
vt 0.196762 0.597454
vt 0.202741 0.597454
vt 0.208719 0.597454
vt 0.214697 0.597454
vt 0.220676 0.597454
vt 0.226654 0.597454
vt 0.232633 0.597454
vt 0.238611 0.597454
vt 0.244590 0.597454
vt 0.250568 0.597454
vt 0.256546 0.597454
vt 0.901341 0.331391
vt 0.805642 0.178433
vt 0.662417 0.076230
vt 0.493471 0.040341
vt 0.324526 0.076230
vt 0.181301 0.178433
vt 0.085601 0.331390
vt 0.051995 0.511816
vt 0.085601 0.692242
vt 0.181301 0.845199
vt 0.324526 0.947402
vt 0.493471 0.983291
vt 0.662416 0.947402
vt 0.805642 0.845199
vt 0.901341 0.692242
vt 0.934947 0.511816
vt 0.493471 0.511816
vt 0.493471 0.511816
vn 0.626848 0.000000 -0.779142
vn 0.280967 0.000000 -0.959717
vn 0.280967 0.000000 -0.959717
vn 0.626848 0.000000 -0.779142
vn -0.107688 0.000000 -0.994185
vn -0.107688 0.000000 -0.994185
vn -0.479949 0.000000 -0.877297
vn -0.479949 0.000000 -0.877297
vn -0.779142 0.000000 -0.626848
vn -0.779142 0.000000 -0.626848
vn -0.959717 0.000000 -0.280967
vn -0.959717 0.000000 -0.280967
vn -0.994185 0.000000 0.107688
vn -0.994185 0.000000 0.107688
vn -0.877296 0.000000 0.479949
vn -0.877296 0.000000 0.479949
vn -0.626848 0.000000 0.779142
vn -0.626848 0.000000 0.779142
vn -0.280967 0.000000 0.959717
vn -0.280967 0.000000 0.959717
vn 0.107689 0.000000 0.994185
vn 0.107689 0.000000 0.994185
vn 0.479949 0.000000 0.877296
vn 0.479949 0.000000 0.877296
vn 0.779142 0.000000 0.626847
vn 0.779142 0.000000 0.626847
vn 0.959718 0.000000 0.280967
vn 0.959718 0.000000 0.280967
vn 0.994185 0.000000 -0.107689
vn 0.994185 0.000000 -0.107689
vn 0.877296 0.000000 -0.479949
vn 0.877296 0.000000 -0.479949
vn 0.000000 -1.000000 0.000000
vn 0.000000 -1.000000 0.000000
vn -0.000000 -1.000000 -0.000000
vn -0.000000 -1.000000 -0.000000
vn -0.000000 -1.000000 -0.000000
vn -0.000000 -1.000000 -0.000000
vn -0.000000 -1.000000 -0.000000
vn 0.000000 -1.000000 0.000000
vn 0.000000 -1.000000 0.000000
vn 0.000000 -1.000000 0.000000
vn 0.000000 -1.000000 0.000000
vn -0.000000 -1.000000 -0.000000
vn -0.000000 -1.000000 -0.000000
vn -0.000000 -1.000000 -0.000000
vn -0.000000 -1.000000 -0.000000
vn 0.000000 -1.000000 0.000000
vn 0.000000 -1.000000 0.000000
vn 0.000000 1.000000 0.000000
vn 0.000000 1.000000 0.000000
vn 0.000000 1.000000 0.000000
vn 0.000000 1.000000 0.000000
vn 0.000000 1.000000 0.000000
vn -0.000000 1.000000 -0.000000
vn 0.000000 1.000000 0.000000
vn 0.000000 1.000000 0.000000
vn 0.000000 1.000000 0.000000
vn 0.000000 1.000000 0.000000
vn 0.000000 1.000000 0.000000
vn 0.000000 1.000000 0.000000
vn 0.000000 1.000000 0.000000
vn -0.000000 1.000000 -0.000000
vn 0.000000 1.000000 0.000000
vn 0.000000 1.000000 0.000000
vn 0.000000 1.000000 0.000000
s 1
g pCylinder45
usemtl lambert7SG
f 1191/2397/2311 1192/2398/2312 1208/2415/2313 1207/2414/2314
f 1192/2398/2312 1193/2399/2315 1209/2416/2316 1208/2415/2313
f 1193/2399/2315 1194/2400/2317 1210/2417/2318 1209/2416/2316
f 1194/2400/2317 1195/2401/2319 1211/2418/2320 1210/2417/2318
f 1195/2401/2319 1196/2402/2321 1212/2419/2322 1211/2418/2320
f 1196/2402/2321 1197/2403/2323 1213/2420/2324 1212/2419/2322
f 1197/2403/2323 1198/2404/2325 1214/2421/2326 1213/2420/2324
f 1198/2404/2325 1199/2405/2327 1215/2422/2328 1214/2421/2326
f 1199/2405/2327 1200/2406/2329 1216/2423/2330 1215/2422/2328
f 1200/2406/2329 1201/2407/2331 1217/2424/2332 1216/2423/2330
f 1201/2407/2331 1202/2408/2333 1218/2425/2334 1217/2424/2332
f 1202/2408/2333 1203/2409/2335 1219/2426/2336 1218/2425/2334
f 1203/2409/2335 1204/2410/2337 1220/2427/2338 1219/2426/2336
f 1204/2410/2337 1205/2411/2339 1221/2428/2340 1220/2427/2338
f 1205/2411/2339 1206/2412/2341 1222/2429/2342 1221/2428/2340
f 1206/2412/2341 1191/2413/2311 1207/2430/2314 1222/2429/2342
s 2
f 1192/2382/2343 1191/2381/2344 1223/2447/2345
f 1193/2383/2346 1192/2382/2343 1223/2447/2345
f 1194/2384/2347 1193/2383/2346 1223/2447/2345
f 1195/2385/2348 1194/2384/2347 1223/2447/2345
f 1196/2386/2349 1195/2385/2348 1223/2447/2345
f 1197/2387/2350 1196/2386/2349 1223/2447/2345
f 1198/2388/2351 1197/2387/2350 1223/2447/2345
f 1199/2389/2352 1198/2388/2351 1223/2447/2345
f 1200/2390/2353 1199/2389/2352 1223/2447/2345
f 1201/2391/2354 1200/2390/2353 1223/2447/2345
f 1202/2392/2355 1201/2391/2354 1223/2447/2345
f 1203/2393/2356 1202/2392/2355 1223/2447/2345
f 1204/2394/2357 1203/2393/2356 1223/2447/2345
f 1205/2395/2358 1204/2394/2357 1223/2447/2345
f 1206/2396/2359 1205/2395/2358 1223/2447/2345
f 1191/2381/2344 1206/2396/2359 1223/2447/2345
s 3
f 1207/2445/2360 1208/2444/2361 1224/2448/2362
f 1208/2444/2361 1209/2443/2363 1224/2448/2362
f 1209/2443/2363 1210/2442/2364 1224/2448/2362
f 1210/2442/2364 1211/2441/2365 1224/2448/2362
f 1211/2441/2365 1212/2440/2366 1224/2448/2362
f 1212/2440/2366 1213/2439/2367 1224/2448/2362
f 1213/2439/2367 1214/2438/2368 1224/2448/2362
f 1214/2438/2368 1215/2437/2369 1224/2448/2362
f 1215/2437/2369 1216/2436/2370 1224/2448/2362
f 1216/2436/2370 1217/2435/2371 1224/2448/2362
f 1217/2435/2371 1218/2434/2372 1224/2448/2362
f 1218/2434/2372 1219/2433/2373 1224/2448/2362
f 1219/2433/2373 1220/2432/2374 1224/2448/2362
f 1220/2432/2374 1221/2431/2375 1224/2448/2362
f 1221/2431/2375 1222/2446/2376 1224/2448/2362
f 1222/2446/2376 1207/2445/2360 1224/2448/2362
g default
v -3563.070615 67.319410 -152.384377
v -3568.092547 67.319410 -155.006201
v -3573.735536 67.319410 -155.506641
v -3579.140488 67.319410 -153.809509
v -3583.484549 67.319410 -150.173179
v -3586.106374 67.319410 -145.151247
v -3586.606814 67.319410 -139.508257
v -3584.909681 67.319410 -134.103305
v -3581.273348 67.319410 -129.759245
v -3576.251415 67.319410 -127.137421
v -3570.608426 67.319410 -126.636982
v -3565.203474 67.319410 -128.334116
v -3560.859415 67.319410 -131.970449
v -3558.237592 67.319410 -136.992382
v -3557.737155 67.319410 -142.635372
v -3559.434289 67.319410 -148.040324
v -3563.070615 70.409861 -152.384377
v -3568.092547 70.409861 -155.006201
v -3573.735536 70.409861 -155.506641
v -3579.140488 70.409861 -153.809509
v -3583.484549 70.409861 -150.173179
v -3586.106374 70.409861 -145.151247
v -3586.606814 70.409861 -139.508257
v -3584.909681 70.409861 -134.103305
v -3581.273348 70.409861 -129.759245
v -3576.251415 70.409861 -127.137421
v -3570.608426 70.409861 -126.636982
v -3565.203474 70.409861 -128.334116
v -3560.859415 70.409861 -131.970449
v -3558.237592 70.409861 -136.992382
v -3557.737155 70.409861 -142.635372
v -3559.434289 70.409861 -148.040324
v -3572.171984 67.319410 -141.071812
v -3572.171984 70.409861 -141.071812
vt 0.901341 0.331391
vt 0.805642 0.178433
vt 0.662417 0.076230
vt 0.493471 0.040341
vt 0.324526 0.076230
vt 0.181301 0.178433
vt 0.085601 0.331390
vt 0.051995 0.511816
vt 0.085601 0.692242
vt 0.181301 0.845199
vt 0.324526 0.947402
vt 0.493471 0.983291
vt 0.662416 0.947402
vt 0.805642 0.845199
vt 0.901341 0.692242
vt 0.934947 0.511816
vt 0.160892 0.390895
vt 0.166870 0.390895
vt 0.172848 0.390895
vt 0.178827 0.390895
vt 0.184805 0.390895
vt 0.190784 0.390895
vt 0.196762 0.390895
vt 0.202741 0.390895
vt 0.208719 0.390895
vt 0.214697 0.390895
vt 0.220676 0.390895
vt 0.226654 0.390895
vt 0.232633 0.390895
vt 0.238611 0.390895
vt 0.244590 0.390895
vt 0.250568 0.390895
vt 0.256546 0.390895
vt 0.160892 0.597454
vt 0.166870 0.597454
vt 0.172848 0.597454
vt 0.178827 0.597454
vt 0.184805 0.597454
vt 0.190784 0.597454
vt 0.196762 0.597454
vt 0.202741 0.597454
vt 0.208719 0.597454
vt 0.214697 0.597454
vt 0.220676 0.597454
vt 0.226654 0.597454
vt 0.232633 0.597454
vt 0.238611 0.597454
vt 0.244590 0.597454
vt 0.250568 0.597454
vt 0.256546 0.597454
vt 0.901341 0.331391
vt 0.805642 0.178433
vt 0.662417 0.076230
vt 0.493471 0.040341
vt 0.324526 0.076230
vt 0.181301 0.178433
vt 0.085601 0.331390
vt 0.051995 0.511816
vt 0.085601 0.692242
vt 0.181301 0.845199
vt 0.324526 0.947402
vt 0.493471 0.983291
vt 0.662416 0.947402
vt 0.805642 0.845199
vt 0.901341 0.692242
vt 0.934947 0.511816
vt 0.493471 0.511816
vt 0.493471 0.511816
vn 0.626848 0.000000 -0.779142
vn 0.280967 0.000000 -0.959717
vn 0.280967 0.000000 -0.959717
vn 0.626848 0.000000 -0.779142
vn -0.107688 0.000000 -0.994185
vn -0.107688 0.000000 -0.994185
vn -0.479949 0.000000 -0.877297
vn -0.479949 0.000000 -0.877297
vn -0.779142 0.000000 -0.626848
vn -0.779142 0.000000 -0.626848
vn -0.959717 0.000000 -0.280967
vn -0.959717 0.000000 -0.280967
vn -0.994185 0.000000 0.107688
vn -0.994185 0.000000 0.107688
vn -0.877296 0.000000 0.479949
vn -0.877296 0.000000 0.479949
vn -0.626848 0.000000 0.779142
vn -0.626848 0.000000 0.779142
vn -0.280967 0.000000 0.959717
vn -0.280967 0.000000 0.959717
vn 0.107689 0.000000 0.994185
vn 0.107689 0.000000 0.994185
vn 0.479949 0.000000 0.877296
vn 0.479949 0.000000 0.877296
vn 0.779142 0.000000 0.626847
vn 0.779142 0.000000 0.626847
vn 0.959718 0.000000 0.280967
vn 0.959718 0.000000 0.280967
vn 0.994185 0.000000 -0.107689
vn 0.994185 0.000000 -0.107689
vn 0.877296 0.000000 -0.479949
vn 0.877296 0.000000 -0.479949
vn 0.000000 -1.000000 0.000000
vn 0.000000 -1.000000 0.000000
vn -0.000000 -1.000000 -0.000000
vn -0.000000 -1.000000 -0.000000
vn -0.000000 -1.000000 -0.000000
vn -0.000000 -1.000000 -0.000000
vn -0.000000 -1.000000 -0.000000
vn 0.000000 -1.000000 0.000000
vn 0.000000 -1.000000 0.000000
vn 0.000000 -1.000000 0.000000
vn 0.000000 -1.000000 0.000000
vn -0.000000 -1.000000 -0.000000
vn -0.000000 -1.000000 -0.000000
vn -0.000000 -1.000000 -0.000000
vn -0.000000 -1.000000 -0.000000
vn 0.000000 -1.000000 0.000000
vn 0.000000 -1.000000 0.000000
vn 0.000000 1.000000 0.000000
vn 0.000000 1.000000 0.000000
vn 0.000000 1.000000 0.000000
vn 0.000000 1.000000 0.000000
vn 0.000000 1.000000 0.000000
vn -0.000000 1.000000 -0.000000
vn 0.000000 1.000000 0.000000
vn 0.000000 1.000000 0.000000
vn 0.000000 1.000000 0.000000
vn 0.000000 1.000000 0.000000
vn 0.000000 1.000000 0.000000
vn 0.000000 1.000000 0.000000
vn 0.000000 1.000000 0.000000
vn -0.000000 1.000000 -0.000000
vn 0.000000 1.000000 0.000000
vn 0.000000 1.000000 0.000000
vn 0.000000 1.000000 0.000000
s 1
g pCylinder47
usemtl lambert7SG
f 1225/2465/2377 1226/2466/2378 1242/2483/2379 1241/2482/2380
f 1226/2466/2378 1227/2467/2381 1243/2484/2382 1242/2483/2379
f 1227/2467/2381 1228/2468/2383 1244/2485/2384 1243/2484/2382
f 1228/2468/2383 1229/2469/2385 1245/2486/2386 1244/2485/2384
f 1229/2469/2385 1230/2470/2387 1246/2487/2388 1245/2486/2386
f 1230/2470/2387 1231/2471/2389 1247/2488/2390 1246/2487/2388
f 1231/2471/2389 1232/2472/2391 1248/2489/2392 1247/2488/2390
f 1232/2472/2391 1233/2473/2393 1249/2490/2394 1248/2489/2392
f 1233/2473/2393 1234/2474/2395 1250/2491/2396 1249/2490/2394
f 1234/2474/2395 1235/2475/2397 1251/2492/2398 1250/2491/2396
f 1235/2475/2397 1236/2476/2399 1252/2493/2400 1251/2492/2398
f 1236/2476/2399 1237/2477/2401 1253/2494/2402 1252/2493/2400
f 1237/2477/2401 1238/2478/2403 1254/2495/2404 1253/2494/2402
f 1238/2478/2403 1239/2479/2405 1255/2496/2406 1254/2495/2404
f 1239/2479/2405 1240/2480/2407 1256/2497/2408 1255/2496/2406
f 1240/2480/2407 1225/2481/2377 1241/2498/2380 1256/2497/2408
s 2
f 1226/2450/2409 1225/2449/2410 1257/2515/2411
f 1227/2451/2412 1226/2450/2409 1257/2515/2411
f 1228/2452/2413 1227/2451/2412 1257/2515/2411
f 1229/2453/2414 1228/2452/2413 1257/2515/2411
f 1230/2454/2415 1229/2453/2414 1257/2515/2411
f 1231/2455/2416 1230/2454/2415 1257/2515/2411
f 1232/2456/2417 1231/2455/2416 1257/2515/2411
f 1233/2457/2418 1232/2456/2417 1257/2515/2411
f 1234/2458/2419 1233/2457/2418 1257/2515/2411
f 1235/2459/2420 1234/2458/2419 1257/2515/2411
f 1236/2460/2421 1235/2459/2420 1257/2515/2411
f 1237/2461/2422 1236/2460/2421 1257/2515/2411
f 1238/2462/2423 1237/2461/2422 1257/2515/2411
f 1239/2463/2424 1238/2462/2423 1257/2515/2411
f 1240/2464/2425 1239/2463/2424 1257/2515/2411
f 1225/2449/2410 1240/2464/2425 1257/2515/2411
s 3
f 1241/2513/2426 1242/2512/2427 1258/2516/2428
f 1242/2512/2427 1243/2511/2429 1258/2516/2428
f 1243/2511/2429 1244/2510/2430 1258/2516/2428
f 1244/2510/2430 1245/2509/2431 1258/2516/2428
f 1245/2509/2431 1246/2508/2432 1258/2516/2428
f 1246/2508/2432 1247/2507/2433 1258/2516/2428
f 1247/2507/2433 1248/2506/2434 1258/2516/2428
f 1248/2506/2434 1249/2505/2435 1258/2516/2428
f 1249/2505/2435 1250/2504/2436 1258/2516/2428
f 1250/2504/2436 1251/2503/2437 1258/2516/2428
f 1251/2503/2437 1252/2502/2438 1258/2516/2428
f 1252/2502/2438 1253/2501/2439 1258/2516/2428
f 1253/2501/2439 1254/2500/2440 1258/2516/2428
f 1254/2500/2440 1255/2499/2441 1258/2516/2428
f 1255/2499/2441 1256/2514/2442 1258/2516/2428
f 1256/2514/2442 1241/2513/2426 1258/2516/2428
g default
v -3553.703894 67.319410 -179.701299
v -3558.725826 67.319410 -182.323123
v -3564.368815 67.319410 -182.823563
v -3569.773767 67.319410 -181.126432
v -3574.117828 67.319410 -177.490101
v -3576.739653 67.319410 -172.468169
v -3577.240092 67.319410 -166.825179
v -3575.542960 67.319410 -161.420227
v -3571.906627 67.319410 -157.076167
v -3566.884694 67.319410 -154.454343
v -3561.241705 67.319410 -153.953904
v -3555.836753 67.319410 -155.651038
v -3551.492694 67.319410 -159.287371
v -3548.870871 67.319410 -164.309304
v -3548.370434 67.319410 -169.952294
v -3550.067568 67.319410 -175.357246
v -3553.703894 70.409861 -179.701299
v -3558.725826 70.409861 -182.323123
v -3564.368815 70.409861 -182.823563
v -3569.773767 70.409861 -181.126432
v -3574.117828 70.409861 -177.490101
v -3576.739653 70.409861 -172.468169
v -3577.240092 70.409861 -166.825179
v -3575.542960 70.409861 -161.420227
v -3571.906627 70.409861 -157.076167
v -3566.884694 70.409861 -154.454343
v -3561.241705 70.409861 -153.953904
v -3555.836753 70.409861 -155.651038
v -3551.492694 70.409861 -159.287371
v -3548.870871 70.409861 -164.309304
v -3548.370434 70.409861 -169.952294
v -3550.067568 70.409861 -175.357246
v -3562.805262 67.319410 -168.388734
v -3562.805262 70.409861 -168.388734
vt 0.901341 0.331391
vt 0.805642 0.178433
vt 0.662417 0.076230
vt 0.493471 0.040341
vt 0.324526 0.076230
vt 0.181301 0.178433
vt 0.085601 0.331390
vt 0.051995 0.511816
vt 0.085601 0.692242
vt 0.181301 0.845199
vt 0.324526 0.947402
vt 0.493471 0.983291
vt 0.662416 0.947402
vt 0.805642 0.845199
vt 0.901341 0.692242
vt 0.934947 0.511816
vt 0.160892 0.390895
vt 0.166870 0.390895
vt 0.172848 0.390895
vt 0.178827 0.390895
vt 0.184805 0.390895
vt 0.190784 0.390895
vt 0.196762 0.390895
vt 0.202741 0.390895
vt 0.208719 0.390895
vt 0.214697 0.390895
vt 0.220676 0.390895
vt 0.226654 0.390895
vt 0.232633 0.390895
vt 0.238611 0.390895
vt 0.244590 0.390895
vt 0.250568 0.390895
vt 0.256546 0.390895
vt 0.160892 0.597454
vt 0.166870 0.597454
vt 0.172848 0.597454
vt 0.178827 0.597454
vt 0.184805 0.597454
vt 0.190784 0.597454
vt 0.196762 0.597454
vt 0.202741 0.597454
vt 0.208719 0.597454
vt 0.214697 0.597454
vt 0.220676 0.597454
vt 0.226654 0.597454
vt 0.232633 0.597454
vt 0.238611 0.597454
vt 0.244590 0.597454
vt 0.250568 0.597454
vt 0.256546 0.597454
vt 0.901341 0.331391
vt 0.805642 0.178433
vt 0.662417 0.076230
vt 0.493471 0.040341
vt 0.324526 0.076230
vt 0.181301 0.178433
vt 0.085601 0.331390
vt 0.051995 0.511816
vt 0.085601 0.692242
vt 0.181301 0.845199
vt 0.324526 0.947402
vt 0.493471 0.983291
vt 0.662416 0.947402
vt 0.805642 0.845199
vt 0.901341 0.692242
vt 0.934947 0.511816
vt 0.493471 0.511816
vt 0.493471 0.511816
vn 0.626848 0.000000 -0.779142
vn 0.280967 0.000000 -0.959717
vn 0.280967 0.000000 -0.959717
vn 0.626848 0.000000 -0.779142
vn -0.107688 0.000000 -0.994185
vn -0.107688 0.000000 -0.994185
vn -0.479949 0.000000 -0.877297
vn -0.479949 0.000000 -0.877297
vn -0.779142 0.000000 -0.626848
vn -0.779142 0.000000 -0.626848
vn -0.959717 0.000000 -0.280967
vn -0.959717 0.000000 -0.280967
vn -0.994185 0.000000 0.107688
vn -0.994185 0.000000 0.107688
vn -0.877296 0.000000 0.479949
vn -0.877296 0.000000 0.479949
vn -0.626848 0.000000 0.779142
vn -0.626848 0.000000 0.779142
vn -0.280967 0.000000 0.959717
vn -0.280967 0.000000 0.959717
vn 0.107689 0.000000 0.994185
vn 0.107689 0.000000 0.994185
vn 0.479949 0.000000 0.877296
vn 0.479949 0.000000 0.877296
vn 0.779142 0.000000 0.626847
vn 0.779142 0.000000 0.626847
vn 0.959718 0.000000 0.280967
vn 0.959718 0.000000 0.280967
vn 0.994185 0.000000 -0.107689
vn 0.994185 0.000000 -0.107689
vn 0.877296 0.000000 -0.479949
vn 0.877296 0.000000 -0.479949
vn 0.000000 -1.000000 0.000000
vn 0.000000 -1.000000 0.000000
vn -0.000000 -1.000000 -0.000000
vn -0.000000 -1.000000 -0.000000
vn -0.000000 -1.000000 -0.000000
vn -0.000000 -1.000000 -0.000000
vn -0.000000 -1.000000 -0.000000
vn 0.000000 -1.000000 0.000000
vn 0.000000 -1.000000 0.000000
vn 0.000000 -1.000000 0.000000
vn 0.000000 -1.000000 0.000000
vn -0.000000 -1.000000 -0.000000
vn -0.000000 -1.000000 -0.000000
vn -0.000000 -1.000000 -0.000000
vn -0.000000 -1.000000 -0.000000
vn 0.000000 -1.000000 0.000000
vn 0.000000 -1.000000 0.000000
vn 0.000000 1.000000 0.000000
vn 0.000000 1.000000 0.000000
vn 0.000000 1.000000 0.000000
vn 0.000000 1.000000 0.000000
vn 0.000000 1.000000 0.000000
vn -0.000000 1.000000 -0.000000
vn 0.000000 1.000000 0.000000
vn 0.000000 1.000000 0.000000
vn 0.000000 1.000000 0.000000
vn 0.000000 1.000000 0.000000
vn 0.000000 1.000000 0.000000
vn 0.000000 1.000000 0.000000
vn 0.000000 1.000000 0.000000
vn -0.000000 1.000000 -0.000000
vn 0.000000 1.000000 0.000000
vn 0.000000 1.000000 0.000000
vn 0.000000 1.000000 0.000000
s 1
g pCylinder37
usemtl lambert7SG
f 1259/2533/2443 1260/2534/2444 1276/2551/2445 1275/2550/2446
f 1260/2534/2444 1261/2535/2447 1277/2552/2448 1276/2551/2445
f 1261/2535/2447 1262/2536/2449 1278/2553/2450 1277/2552/2448
f 1262/2536/2449 1263/2537/2451 1279/2554/2452 1278/2553/2450
f 1263/2537/2451 1264/2538/2453 1280/2555/2454 1279/2554/2452
f 1264/2538/2453 1265/2539/2455 1281/2556/2456 1280/2555/2454
f 1265/2539/2455 1266/2540/2457 1282/2557/2458 1281/2556/2456
f 1266/2540/2457 1267/2541/2459 1283/2558/2460 1282/2557/2458
f 1267/2541/2459 1268/2542/2461 1284/2559/2462 1283/2558/2460
f 1268/2542/2461 1269/2543/2463 1285/2560/2464 1284/2559/2462
f 1269/2543/2463 1270/2544/2465 1286/2561/2466 1285/2560/2464
f 1270/2544/2465 1271/2545/2467 1287/2562/2468 1286/2561/2466
f 1271/2545/2467 1272/2546/2469 1288/2563/2470 1287/2562/2468
f 1272/2546/2469 1273/2547/2471 1289/2564/2472 1288/2563/2470
f 1273/2547/2471 1274/2548/2473 1290/2565/2474 1289/2564/2472
f 1274/2548/2473 1259/2549/2443 1275/2566/2446 1290/2565/2474
s 2
f 1260/2518/2475 1259/2517/2476 1291/2583/2477
f 1261/2519/2478 1260/2518/2475 1291/2583/2477
f 1262/2520/2479 1261/2519/2478 1291/2583/2477
f 1263/2521/2480 1262/2520/2479 1291/2583/2477
f 1264/2522/2481 1263/2521/2480 1291/2583/2477
f 1265/2523/2482 1264/2522/2481 1291/2583/2477
f 1266/2524/2483 1265/2523/2482 1291/2583/2477
f 1267/2525/2484 1266/2524/2483 1291/2583/2477
f 1268/2526/2485 1267/2525/2484 1291/2583/2477
f 1269/2527/2486 1268/2526/2485 1291/2583/2477
f 1270/2528/2487 1269/2527/2486 1291/2583/2477
f 1271/2529/2488 1270/2528/2487 1291/2583/2477
f 1272/2530/2489 1271/2529/2488 1291/2583/2477
f 1273/2531/2490 1272/2530/2489 1291/2583/2477
f 1274/2532/2491 1273/2531/2490 1291/2583/2477
f 1259/2517/2476 1274/2532/2491 1291/2583/2477
s 3
f 1275/2581/2492 1276/2580/2493 1292/2584/2494
f 1276/2580/2493 1277/2579/2495 1292/2584/2494
f 1277/2579/2495 1278/2578/2496 1292/2584/2494
f 1278/2578/2496 1279/2577/2497 1292/2584/2494
f 1279/2577/2497 1280/2576/2498 1292/2584/2494
f 1280/2576/2498 1281/2575/2499 1292/2584/2494
f 1281/2575/2499 1282/2574/2500 1292/2584/2494
f 1282/2574/2500 1283/2573/2501 1292/2584/2494
f 1283/2573/2501 1284/2572/2502 1292/2584/2494
f 1284/2572/2502 1285/2571/2503 1292/2584/2494
f 1285/2571/2503 1286/2570/2504 1292/2584/2494
f 1286/2570/2504 1287/2569/2505 1292/2584/2494
f 1287/2569/2505 1288/2568/2506 1292/2584/2494
f 1288/2568/2506 1289/2567/2507 1292/2584/2494
f 1289/2567/2507 1290/2582/2508 1292/2584/2494
f 1290/2582/2508 1275/2581/2492 1292/2584/2494
g default
v -3554.619265 64.253365 -192.168233
v -3557.766644 64.253365 -196.878622
v -3562.477031 64.253365 -200.026006
v -3568.033312 64.253365 -201.131222
v -3573.589595 64.253365 -200.026012
v -3578.299985 64.253365 -196.878633
v -3581.447368 64.253365 -192.168246
v -3582.552583 64.253365 -186.611964
v -3581.447371 64.253365 -181.055682
v -3578.299991 64.253365 -176.345292
v -3573.589604 64.253365 -173.197909
v -3568.033322 64.253365 -172.092695
v -3562.477040 64.253365 -173.197908
v -3557.766651 64.253365 -176.345288
v -3554.619270 64.253365 -181.055677
v -3553.514056 64.253365 -186.611959
v -3554.619265 67.343816 -192.168233
v -3557.766644 67.343816 -196.878622
v -3562.477031 67.343816 -200.026006
v -3568.033312 67.343816 -201.131222
v -3573.589595 67.343816 -200.026012
v -3578.299985 67.343816 -196.878633
v -3581.447368 67.343816 -192.168246
v -3582.552583 67.343816 -186.611964
v -3581.447371 67.343816 -181.055682
v -3578.299991 67.343816 -176.345292
v -3573.589604 67.343816 -173.197909
v -3568.033322 67.343816 -172.092695
v -3562.477040 67.343816 -173.197908
v -3557.766651 67.343816 -176.345288
v -3554.619270 67.343816 -181.055677
v -3553.514056 67.343816 -186.611959
v -3568.033319 64.253365 -186.611959
v -3568.033319 67.343816 -186.611959
vt 0.901341 0.331391
vt 0.805642 0.178433
vt 0.662417 0.076230
vt 0.493471 0.040341
vt 0.324526 0.076230
vt 0.181301 0.178433
vt 0.085601 0.331390
vt 0.051995 0.511816
vt 0.085601 0.692242
vt 0.181301 0.845199
vt 0.324526 0.947402
vt 0.493471 0.983291
vt 0.662416 0.947402
vt 0.805642 0.845199
vt 0.901341 0.692242
vt 0.934947 0.511816
vt 0.160892 0.390895
vt 0.166870 0.390895
vt 0.172848 0.390895
vt 0.178827 0.390895
vt 0.184805 0.390895
vt 0.190784 0.390895
vt 0.196762 0.390895
vt 0.202741 0.390895
vt 0.208719 0.390895
vt 0.214697 0.390895
vt 0.220676 0.390895
vt 0.226654 0.390895
vt 0.232633 0.390895
vt 0.238611 0.390895
vt 0.244590 0.390895
vt 0.250568 0.390895
vt 0.256546 0.390895
vt 0.160892 0.597454
vt 0.166870 0.597454
vt 0.172848 0.597454
vt 0.178827 0.597454
vt 0.184805 0.597454
vt 0.190784 0.597454
vt 0.196762 0.597454
vt 0.202741 0.597454
vt 0.208719 0.597454
vt 0.214697 0.597454
vt 0.220676 0.597454
vt 0.226654 0.597454
vt 0.232633 0.597454
vt 0.238611 0.597454
vt 0.244590 0.597454
vt 0.250568 0.597454
vt 0.256546 0.597454
vt 0.901341 0.331391
vt 0.805642 0.178433
vt 0.662417 0.076230
vt 0.493471 0.040341
vt 0.324526 0.076230
vt 0.181301 0.178433
vt 0.085601 0.331390
vt 0.051995 0.511816
vt 0.085601 0.692242
vt 0.181301 0.845199
vt 0.324526 0.947402
vt 0.493471 0.983291
vt 0.662416 0.947402
vt 0.805642 0.845199
vt 0.901341 0.692242
vt 0.934947 0.511816
vt 0.493471 0.511816
vt 0.493471 0.511816
vn 0.923880 0.000000 -0.382683
vn 0.707107 0.000000 -0.707106
vn 0.707107 0.000000 -0.707106
vn 0.923880 0.000000 -0.382683
vn 0.382684 0.000000 -0.923879
vn 0.382684 0.000000 -0.923879
vn 0.000001 0.000000 -1.000000
vn 0.000001 0.000000 -1.000000
vn -0.382683 0.000000 -0.923880
vn -0.382683 0.000000 -0.923880
vn -0.707106 0.000000 -0.707107
vn -0.707106 0.000000 -0.707107
vn -0.923879 0.000000 -0.382684
vn -0.923879 0.000000 -0.382684
vn -1.000000 0.000000 -0.000000
vn -1.000000 0.000000 -0.000000
vn -0.923880 0.000000 0.382683
vn -0.923880 0.000000 0.382683
vn -0.707107 0.000000 0.707107
vn -0.707107 0.000000 0.707107
vn -0.382684 0.000000 0.923879
vn -0.382684 0.000000 0.923879
vn -0.000000 0.000000 1.000000
vn -0.000000 0.000000 1.000000
vn 0.382683 0.000000 0.923880
vn 0.382683 0.000000 0.923880
vn 0.707107 0.000000 0.707107
vn 0.707107 0.000000 0.707107
vn 0.923880 0.000000 0.382683
vn 0.923880 0.000000 0.382683
vn 1.000000 0.000000 0.000000
vn 1.000000 0.000000 0.000000
vn 0.000000 -1.000000 0.000000
vn 0.000000 -1.000000 0.000000
vn 0.000000 -1.000000 -0.000000
vn 0.000000 -1.000000 -0.000000
vn 0.000000 -1.000000 -0.000000
vn 0.000000 -1.000000 -0.000000
vn 0.000000 -1.000000 -0.000000
vn 0.000000 -1.000000 0.000000
vn 0.000000 -1.000000 0.000000
vn 0.000000 -1.000000 0.000000
vn 0.000000 -1.000000 0.000000
vn 0.000000 -1.000000 -0.000000
vn 0.000000 -1.000000 -0.000000
vn 0.000000 -1.000000 -0.000000
vn 0.000000 -1.000000 -0.000000
vn 0.000000 -1.000000 0.000000
vn 0.000000 -1.000000 0.000000
vn 0.000000 1.000000 0.000000
vn 0.000000 1.000000 0.000000
vn 0.000000 1.000000 0.000000
vn 0.000000 1.000000 0.000000
vn 0.000000 1.000000 0.000000
vn 0.000000 1.000000 -0.000000
vn 0.000000 1.000000 0.000000
vn 0.000000 1.000000 0.000000
vn 0.000000 1.000000 0.000000
vn 0.000000 1.000000 0.000000
vn 0.000000 1.000000 0.000000
vn 0.000000 1.000000 0.000000
vn 0.000000 1.000000 0.000000
vn 0.000000 1.000000 -0.000000
vn 0.000000 1.000000 0.000000
vn 0.000000 1.000000 0.000000
vn 0.000000 1.000000 0.000000
s 1
g pCylinder40
usemtl lambert7SG
f 1293/2601/2509 1294/2602/2510 1310/2619/2511 1309/2618/2512
f 1294/2602/2510 1295/2603/2513 1311/2620/2514 1310/2619/2511
f 1295/2603/2513 1296/2604/2515 1312/2621/2516 1311/2620/2514
f 1296/2604/2515 1297/2605/2517 1313/2622/2518 1312/2621/2516
f 1297/2605/2517 1298/2606/2519 1314/2623/2520 1313/2622/2518
f 1298/2606/2519 1299/2607/2521 1315/2624/2522 1314/2623/2520
f 1299/2607/2521 1300/2608/2523 1316/2625/2524 1315/2624/2522
f 1300/2608/2523 1301/2609/2525 1317/2626/2526 1316/2625/2524
f 1301/2609/2525 1302/2610/2527 1318/2627/2528 1317/2626/2526
f 1302/2610/2527 1303/2611/2529 1319/2628/2530 1318/2627/2528
f 1303/2611/2529 1304/2612/2531 1320/2629/2532 1319/2628/2530
f 1304/2612/2531 1305/2613/2533 1321/2630/2534 1320/2629/2532
f 1305/2613/2533 1306/2614/2535 1322/2631/2536 1321/2630/2534
f 1306/2614/2535 1307/2615/2537 1323/2632/2538 1322/2631/2536
f 1307/2615/2537 1308/2616/2539 1324/2633/2540 1323/2632/2538
f 1308/2616/2539 1293/2617/2509 1309/2634/2512 1324/2633/2540
s 2
f 1294/2586/2541 1293/2585/2542 1325/2651/2543
f 1295/2587/2544 1294/2586/2541 1325/2651/2543
f 1296/2588/2545 1295/2587/2544 1325/2651/2543
f 1297/2589/2546 1296/2588/2545 1325/2651/2543
f 1298/2590/2547 1297/2589/2546 1325/2651/2543
f 1299/2591/2548 1298/2590/2547 1325/2651/2543
f 1300/2592/2549 1299/2591/2548 1325/2651/2543
f 1301/2593/2550 1300/2592/2549 1325/2651/2543
f 1302/2594/2551 1301/2593/2550 1325/2651/2543
f 1303/2595/2552 1302/2594/2551 1325/2651/2543
f 1304/2596/2553 1303/2595/2552 1325/2651/2543
f 1305/2597/2554 1304/2596/2553 1325/2651/2543
f 1306/2598/2555 1305/2597/2554 1325/2651/2543
f 1307/2599/2556 1306/2598/2555 1325/2651/2543
f 1308/2600/2557 1307/2599/2556 1325/2651/2543
f 1293/2585/2542 1308/2600/2557 1325/2651/2543
s 3
f 1309/2649/2558 1310/2648/2559 1326/2652/2560
f 1310/2648/2559 1311/2647/2561 1326/2652/2560
f 1311/2647/2561 1312/2646/2562 1326/2652/2560
f 1312/2646/2562 1313/2645/2563 1326/2652/2560
f 1313/2645/2563 1314/2644/2564 1326/2652/2560
f 1314/2644/2564 1315/2643/2565 1326/2652/2560
f 1315/2643/2565 1316/2642/2566 1326/2652/2560
f 1316/2642/2566 1317/2641/2567 1326/2652/2560
f 1317/2641/2567 1318/2640/2568 1326/2652/2560
f 1318/2640/2568 1319/2639/2569 1326/2652/2560
f 1319/2639/2569 1320/2638/2570 1326/2652/2560
f 1320/2638/2570 1321/2637/2571 1326/2652/2560
f 1321/2637/2571 1322/2636/2572 1326/2652/2560
f 1322/2636/2572 1323/2635/2573 1326/2652/2560
f 1323/2635/2573 1324/2650/2574 1326/2652/2560
f 1324/2650/2574 1309/2649/2558 1326/2652/2560
g default
v -3582.450359 67.319410 -174.490146
v -3587.472291 67.319410 -177.111970
v -3593.115280 67.319410 -177.612410
v -3598.520232 67.319410 -175.915279
v -3602.864293 67.319410 -172.278948
v -3605.486118 67.319410 -167.257016
v -3605.986558 67.319410 -161.614027
v -3604.289425 67.319410 -156.209074
v -3600.653093 67.319410 -151.865015
v -3595.631159 67.319410 -149.243190
v -3589.988170 67.319410 -148.742752
v -3584.583218 67.319410 -150.439886
v -3580.239160 67.319410 -154.076219
v -3577.617336 67.319410 -159.098151
v -3577.116899 67.319410 -164.741141
v -3578.814033 67.319410 -170.146093
v -3582.450359 70.409861 -174.490146
v -3587.472291 70.409861 -177.111970
v -3593.115280 70.409861 -177.612410
v -3598.520232 70.409861 -175.915279
v -3602.864293 70.409861 -172.278948
v -3605.486118 70.409861 -167.257016
v -3605.986558 70.409861 -161.614027
v -3604.289425 70.409861 -156.209074
v -3600.653093 70.409861 -151.865015
v -3595.631159 70.409861 -149.243190
v -3589.988170 70.409861 -148.742752
v -3584.583218 70.409861 -150.439886
v -3580.239160 70.409861 -154.076219
v -3577.617336 70.409861 -159.098151
v -3577.116899 70.409861 -164.741141
v -3578.814033 70.409861 -170.146093
v -3591.551728 67.319410 -163.177581
v -3591.551728 70.409861 -163.177581
vt 0.901341 0.331391
vt 0.805642 0.178433
vt 0.662417 0.076230
vt 0.493471 0.040341
vt 0.324526 0.076230
vt 0.181301 0.178433
vt 0.085601 0.331390
vt 0.051995 0.511816
vt 0.085601 0.692242
vt 0.181301 0.845199
vt 0.324526 0.947402
vt 0.493471 0.983291
vt 0.662416 0.947402
vt 0.805642 0.845199
vt 0.901341 0.692242
vt 0.934947 0.511816
vt 0.160892 0.390895
vt 0.166870 0.390895
vt 0.172848 0.390895
vt 0.178827 0.390895
vt 0.184805 0.390895
vt 0.190784 0.390895
vt 0.196762 0.390895
vt 0.202741 0.390895
vt 0.208719 0.390895
vt 0.214697 0.390895
vt 0.220676 0.390895
vt 0.226654 0.390895
vt 0.232633 0.390895
vt 0.238611 0.390895
vt 0.244590 0.390895
vt 0.250568 0.390895
vt 0.256546 0.390895
vt 0.160892 0.597454
vt 0.166870 0.597454
vt 0.172848 0.597454
vt 0.178827 0.597454
vt 0.184805 0.597454
vt 0.190784 0.597454
vt 0.196762 0.597454
vt 0.202741 0.597454
vt 0.208719 0.597454
vt 0.214697 0.597454
vt 0.220676 0.597454
vt 0.226654 0.597454
vt 0.232633 0.597454
vt 0.238611 0.597454
vt 0.244590 0.597454
vt 0.250568 0.597454
vt 0.256546 0.597454
vt 0.901341 0.331391
vt 0.805642 0.178433
vt 0.662417 0.076230
vt 0.493471 0.040341
vt 0.324526 0.076230
vt 0.181301 0.178433
vt 0.085601 0.331390
vt 0.051995 0.511816
vt 0.085601 0.692242
vt 0.181301 0.845199
vt 0.324526 0.947402
vt 0.493471 0.983291
vt 0.662416 0.947402
vt 0.805642 0.845199
vt 0.901341 0.692242
vt 0.934947 0.511816
vt 0.493471 0.511816
vt 0.493471 0.511816
vn 0.626848 0.000000 -0.779142
vn 0.280967 0.000000 -0.959717
vn 0.280967 0.000000 -0.959717
vn 0.626848 0.000000 -0.779142
vn -0.107688 0.000000 -0.994185
vn -0.107688 0.000000 -0.994185
vn -0.479949 0.000000 -0.877297
vn -0.479949 0.000000 -0.877297
vn -0.779142 0.000000 -0.626848
vn -0.779142 0.000000 -0.626848
vn -0.959717 0.000000 -0.280967
vn -0.959717 0.000000 -0.280967
vn -0.994185 0.000000 0.107688
vn -0.994185 0.000000 0.107688
vn -0.877296 0.000000 0.479949
vn -0.877296 0.000000 0.479949
vn -0.626848 0.000000 0.779142
vn -0.626848 0.000000 0.779142
vn -0.280967 0.000000 0.959717
vn -0.280967 0.000000 0.959717
vn 0.107689 0.000000 0.994185
vn 0.107689 0.000000 0.994185
vn 0.479949 0.000000 0.877296
vn 0.479949 0.000000 0.877296
vn 0.779142 0.000000 0.626847
vn 0.779142 0.000000 0.626847
vn 0.959718 0.000000 0.280967
vn 0.959718 0.000000 0.280967
vn 0.994185 0.000000 -0.107689
vn 0.994185 0.000000 -0.107689
vn 0.877296 0.000000 -0.479949
vn 0.877296 0.000000 -0.479949
vn 0.000000 -1.000000 0.000000
vn 0.000000 -1.000000 0.000000
vn -0.000000 -1.000000 -0.000000
vn -0.000000 -1.000000 -0.000000
vn -0.000000 -1.000000 -0.000000
vn -0.000000 -1.000000 -0.000000
vn -0.000000 -1.000000 -0.000000
vn 0.000000 -1.000000 0.000000
vn 0.000000 -1.000000 0.000000
vn 0.000000 -1.000000 0.000000
vn 0.000000 -1.000000 0.000000
vn -0.000000 -1.000000 -0.000000
vn -0.000000 -1.000000 -0.000000
vn -0.000000 -1.000000 -0.000000
vn -0.000000 -1.000000 -0.000000
vn 0.000000 -1.000000 0.000000
vn 0.000000 -1.000000 0.000000
vn 0.000000 1.000000 0.000000
vn 0.000000 1.000000 0.000000
vn 0.000000 1.000000 0.000000
vn 0.000000 1.000000 0.000000
vn 0.000000 1.000000 0.000000
vn -0.000000 1.000000 -0.000000
vn 0.000000 1.000000 0.000000
vn 0.000000 1.000000 0.000000
vn 0.000000 1.000000 0.000000
vn 0.000000 1.000000 0.000000
vn 0.000000 1.000000 0.000000
vn 0.000000 1.000000 0.000000
vn 0.000000 1.000000 0.000000
vn -0.000000 1.000000 -0.000000
vn 0.000000 1.000000 0.000000
vn 0.000000 1.000000 0.000000
vn 0.000000 1.000000 0.000000
s 1
g pCylinder49
usemtl lambert7SG
f 1327/2669/2575 1328/2670/2576 1344/2687/2577 1343/2686/2578
f 1328/2670/2576 1329/2671/2579 1345/2688/2580 1344/2687/2577
f 1329/2671/2579 1330/2672/2581 1346/2689/2582 1345/2688/2580
f 1330/2672/2581 1331/2673/2583 1347/2690/2584 1346/2689/2582
f 1331/2673/2583 1332/2674/2585 1348/2691/2586 1347/2690/2584
f 1332/2674/2585 1333/2675/2587 1349/2692/2588 1348/2691/2586
f 1333/2675/2587 1334/2676/2589 1350/2693/2590 1349/2692/2588
f 1334/2676/2589 1335/2677/2591 1351/2694/2592 1350/2693/2590
f 1335/2677/2591 1336/2678/2593 1352/2695/2594 1351/2694/2592
f 1336/2678/2593 1337/2679/2595 1353/2696/2596 1352/2695/2594
f 1337/2679/2595 1338/2680/2597 1354/2697/2598 1353/2696/2596
f 1338/2680/2597 1339/2681/2599 1355/2698/2600 1354/2697/2598
f 1339/2681/2599 1340/2682/2601 1356/2699/2602 1355/2698/2600
f 1340/2682/2601 1341/2683/2603 1357/2700/2604 1356/2699/2602
f 1341/2683/2603 1342/2684/2605 1358/2701/2606 1357/2700/2604
f 1342/2684/2605 1327/2685/2575 1343/2702/2578 1358/2701/2606
s 2
f 1328/2654/2607 1327/2653/2608 1359/2719/2609
f 1329/2655/2610 1328/2654/2607 1359/2719/2609
f 1330/2656/2611 1329/2655/2610 1359/2719/2609
f 1331/2657/2612 1330/2656/2611 1359/2719/2609
f 1332/2658/2613 1331/2657/2612 1359/2719/2609
f 1333/2659/2614 1332/2658/2613 1359/2719/2609
f 1334/2660/2615 1333/2659/2614 1359/2719/2609
f 1335/2661/2616 1334/2660/2615 1359/2719/2609
f 1336/2662/2617 1335/2661/2616 1359/2719/2609
f 1337/2663/2618 1336/2662/2617 1359/2719/2609
f 1338/2664/2619 1337/2663/2618 1359/2719/2609
f 1339/2665/2620 1338/2664/2619 1359/2719/2609
f 1340/2666/2621 1339/2665/2620 1359/2719/2609
f 1341/2667/2622 1340/2666/2621 1359/2719/2609
f 1342/2668/2623 1341/2667/2622 1359/2719/2609
f 1327/2653/2608 1342/2668/2623 1359/2719/2609
s 3
f 1343/2717/2624 1344/2716/2625 1360/2720/2626
f 1344/2716/2625 1345/2715/2627 1360/2720/2626
f 1345/2715/2627 1346/2714/2628 1360/2720/2626
f 1346/2714/2628 1347/2713/2629 1360/2720/2626
f 1347/2713/2629 1348/2712/2630 1360/2720/2626
f 1348/2712/2630 1349/2711/2631 1360/2720/2626
f 1349/2711/2631 1350/2710/2632 1360/2720/2626
f 1350/2710/2632 1351/2709/2633 1360/2720/2626
f 1351/2709/2633 1352/2708/2634 1360/2720/2626
f 1352/2708/2634 1353/2707/2635 1360/2720/2626
f 1353/2707/2635 1354/2706/2636 1360/2720/2626
f 1354/2706/2636 1355/2705/2637 1360/2720/2626
f 1355/2705/2637 1356/2704/2638 1360/2720/2626
f 1356/2704/2638 1357/2703/2639 1360/2720/2626
f 1357/2703/2639 1358/2718/2640 1360/2720/2626
f 1358/2718/2640 1343/2717/2624 1360/2720/2626
g default
v -3564.375856 64.253365 -146.246353
v -3569.397788 64.253365 -148.868178
v -3575.040777 64.253365 -149.368618
v -3580.445729 64.253365 -147.671486
v -3584.789790 64.253365 -144.035156
v -3587.411615 64.253365 -139.013223
v -3587.912055 64.253365 -133.370234
v -3586.214922 64.253365 -127.965282
v -3582.578590 64.253365 -123.621222
v -3577.556656 64.253365 -120.999398
v -3571.913667 64.253365 -120.498959
v -3566.508715 64.253365 -122.196093
v -3562.164657 64.253365 -125.832426
v -3559.542833 64.253365 -130.854359
v -3559.042396 64.253365 -136.497348
v -3560.739530 64.253365 -141.902300
v -3564.375856 67.343816 -146.246353
v -3569.397788 67.343816 -148.868178
v -3575.040777 67.343816 -149.368618
v -3580.445729 67.343816 -147.671486
v -3584.789790 67.343816 -144.035156
v -3587.411615 67.343816 -139.013223
v -3587.912055 67.343816 -133.370234
v -3586.214922 67.343816 -127.965282
v -3582.578590 67.343816 -123.621222
v -3577.556656 67.343816 -120.999398
v -3571.913667 67.343816 -120.498959
v -3566.508715 67.343816 -122.196093
v -3562.164657 67.343816 -125.832426
v -3559.542833 67.343816 -130.854359
v -3559.042396 67.343816 -136.497348
v -3560.739530 67.343816 -141.902300
v -3573.477225 64.253365 -134.933789
v -3573.477225 67.343816 -134.933789
vt 0.901341 0.331391
vt 0.805642 0.178433
vt 0.662417 0.076230
vt 0.493471 0.040341
vt 0.324526 0.076230
vt 0.181301 0.178433
vt 0.085601 0.331390
vt 0.051995 0.511816
vt 0.085601 0.692242
vt 0.181301 0.845199
vt 0.324526 0.947402
vt 0.493471 0.983291
vt 0.662416 0.947402
vt 0.805642 0.845199
vt 0.901341 0.692242
vt 0.934947 0.511816
vt 0.160892 0.390895
vt 0.166870 0.390895
vt 0.172848 0.390895
vt 0.178827 0.390895
vt 0.184805 0.390895
vt 0.190784 0.390895
vt 0.196762 0.390895
vt 0.202741 0.390895
vt 0.208719 0.390895
vt 0.214697 0.390895
vt 0.220676 0.390895
vt 0.226654 0.390895
vt 0.232633 0.390895
vt 0.238611 0.390895
vt 0.244590 0.390895
vt 0.250568 0.390895
vt 0.256546 0.390895
vt 0.160892 0.597454
vt 0.166870 0.597454
vt 0.172848 0.597454
vt 0.178827 0.597454
vt 0.184805 0.597454
vt 0.190784 0.597454
vt 0.196762 0.597454
vt 0.202741 0.597454
vt 0.208719 0.597454
vt 0.214697 0.597454
vt 0.220676 0.597454
vt 0.226654 0.597454
vt 0.232633 0.597454
vt 0.238611 0.597454
vt 0.244590 0.597454
vt 0.250568 0.597454
vt 0.256546 0.597454
vt 0.901341 0.331391
vt 0.805642 0.178433
vt 0.662417 0.076230
vt 0.493471 0.040341
vt 0.324526 0.076230
vt 0.181301 0.178433
vt 0.085601 0.331390
vt 0.051995 0.511816
vt 0.085601 0.692242
vt 0.181301 0.845199
vt 0.324526 0.947402
vt 0.493471 0.983291
vt 0.662416 0.947402
vt 0.805642 0.845199
vt 0.901341 0.692242
vt 0.934947 0.511816
vt 0.493471 0.511816
vt 0.493471 0.511816
vn 0.626848 0.000000 -0.779142
vn 0.280967 0.000000 -0.959717
vn 0.280967 0.000000 -0.959717
vn 0.626848 0.000000 -0.779142
vn -0.107688 0.000000 -0.994185
vn -0.107688 0.000000 -0.994185
vn -0.479949 0.000000 -0.877297
vn -0.479949 0.000000 -0.877297
vn -0.779142 0.000000 -0.626848
vn -0.779142 0.000000 -0.626848
vn -0.959717 0.000000 -0.280967
vn -0.959717 0.000000 -0.280967
vn -0.994185 0.000000 0.107688
vn -0.994185 0.000000 0.107688
vn -0.877296 0.000000 0.479949
vn -0.877296 0.000000 0.479949
vn -0.626848 0.000000 0.779142
vn -0.626848 0.000000 0.779142
vn -0.280967 0.000000 0.959717
vn -0.280967 0.000000 0.959717
vn 0.107689 0.000000 0.994185
vn 0.107689 0.000000 0.994185
vn 0.479949 0.000000 0.877296
vn 0.479949 0.000000 0.877296
vn 0.779142 0.000000 0.626847
vn 0.779142 0.000000 0.626847
vn 0.959718 0.000000 0.280967
vn 0.959718 0.000000 0.280967
vn 0.994185 0.000000 -0.107689
vn 0.994185 0.000000 -0.107689
vn 0.877296 0.000000 -0.479949
vn 0.877296 0.000000 -0.479949
vn 0.000000 -1.000000 0.000000
vn 0.000000 -1.000000 0.000000
vn -0.000000 -1.000000 -0.000000
vn -0.000000 -1.000000 -0.000000
vn -0.000000 -1.000000 -0.000000
vn -0.000000 -1.000000 -0.000000
vn -0.000000 -1.000000 -0.000000
vn 0.000000 -1.000000 0.000000
vn 0.000000 -1.000000 0.000000
vn 0.000000 -1.000000 0.000000
vn 0.000000 -1.000000 0.000000
vn -0.000000 -1.000000 -0.000000
vn -0.000000 -1.000000 -0.000000
vn -0.000000 -1.000000 -0.000000
vn -0.000000 -1.000000 -0.000000
vn 0.000000 -1.000000 0.000000
vn 0.000000 -1.000000 0.000000
vn 0.000000 1.000000 0.000000
vn 0.000000 1.000000 0.000000
vn 0.000000 1.000000 0.000000
vn 0.000000 1.000000 0.000000
vn 0.000000 1.000000 0.000000
vn -0.000000 1.000000 -0.000000
vn 0.000000 1.000000 0.000000
vn 0.000000 1.000000 0.000000
vn 0.000000 1.000000 0.000000
vn 0.000000 1.000000 0.000000
vn 0.000000 1.000000 0.000000
vn 0.000000 1.000000 0.000000
vn 0.000000 1.000000 0.000000
vn -0.000000 1.000000 -0.000000
vn 0.000000 1.000000 0.000000
vn 0.000000 1.000000 0.000000
vn 0.000000 1.000000 0.000000
s 1
g pCylinder44
usemtl lambert7SG
f 1361/2737/2641 1362/2738/2642 1378/2755/2643 1377/2754/2644
f 1362/2738/2642 1363/2739/2645 1379/2756/2646 1378/2755/2643
f 1363/2739/2645 1364/2740/2647 1380/2757/2648 1379/2756/2646
f 1364/2740/2647 1365/2741/2649 1381/2758/2650 1380/2757/2648
f 1365/2741/2649 1366/2742/2651 1382/2759/2652 1381/2758/2650
f 1366/2742/2651 1367/2743/2653 1383/2760/2654 1382/2759/2652
f 1367/2743/2653 1368/2744/2655 1384/2761/2656 1383/2760/2654
f 1368/2744/2655 1369/2745/2657 1385/2762/2658 1384/2761/2656
f 1369/2745/2657 1370/2746/2659 1386/2763/2660 1385/2762/2658
f 1370/2746/2659 1371/2747/2661 1387/2764/2662 1386/2763/2660
f 1371/2747/2661 1372/2748/2663 1388/2765/2664 1387/2764/2662
f 1372/2748/2663 1373/2749/2665 1389/2766/2666 1388/2765/2664
f 1373/2749/2665 1374/2750/2667 1390/2767/2668 1389/2766/2666
f 1374/2750/2667 1375/2751/2669 1391/2768/2670 1390/2767/2668
f 1375/2751/2669 1376/2752/2671 1392/2769/2672 1391/2768/2670
f 1376/2752/2671 1361/2753/2641 1377/2770/2644 1392/2769/2672
s 2
f 1362/2722/2673 1361/2721/2674 1393/2787/2675
f 1363/2723/2676 1362/2722/2673 1393/2787/2675
f 1364/2724/2677 1363/2723/2676 1393/2787/2675
f 1365/2725/2678 1364/2724/2677 1393/2787/2675
f 1366/2726/2679 1365/2725/2678 1393/2787/2675
f 1367/2727/2680 1366/2726/2679 1393/2787/2675
f 1368/2728/2681 1367/2727/2680 1393/2787/2675
f 1369/2729/2682 1368/2728/2681 1393/2787/2675
f 1370/2730/2683 1369/2729/2682 1393/2787/2675
f 1371/2731/2684 1370/2730/2683 1393/2787/2675
f 1372/2732/2685 1371/2731/2684 1393/2787/2675
f 1373/2733/2686 1372/2732/2685 1393/2787/2675
f 1374/2734/2687 1373/2733/2686 1393/2787/2675
f 1375/2735/2688 1374/2734/2687 1393/2787/2675
f 1376/2736/2689 1375/2735/2688 1393/2787/2675
f 1361/2721/2674 1376/2736/2689 1393/2787/2675
s 3
f 1377/2785/2690 1378/2784/2691 1394/2788/2692
f 1378/2784/2691 1379/2783/2693 1394/2788/2692
f 1379/2783/2693 1380/2782/2694 1394/2788/2692
f 1380/2782/2694 1381/2781/2695 1394/2788/2692
f 1381/2781/2695 1382/2780/2696 1394/2788/2692
f 1382/2780/2696 1383/2779/2697 1394/2788/2692
f 1383/2779/2697 1384/2778/2698 1394/2788/2692
f 1384/2778/2698 1385/2777/2699 1394/2788/2692
f 1385/2777/2699 1386/2776/2700 1394/2788/2692
f 1386/2776/2700 1387/2775/2701 1394/2788/2692
f 1387/2775/2701 1388/2774/2702 1394/2788/2692
f 1388/2774/2702 1389/2773/2703 1394/2788/2692
f 1389/2773/2703 1390/2772/2704 1394/2788/2692
f 1390/2772/2704 1391/2771/2705 1394/2788/2692
f 1391/2771/2705 1392/2786/2706 1394/2788/2692
f 1392/2786/2706 1377/2785/2690 1394/2788/2692
g default
v -3586.890627 64.253365 -210.601684
v -3591.912559 64.253365 -213.223508
v -3597.555548 64.253365 -213.723948
v -3602.960500 64.253365 -212.026816
v -3607.304561 64.253365 -208.390486
v -3609.926386 64.253365 -203.368554
v -3610.426825 64.253365 -197.725564
v -3608.729692 64.253365 -192.320612
v -3605.093360 64.253365 -187.976552
v -3600.071427 64.253365 -185.354728
v -3594.428437 64.253365 -184.854289
v -3589.023486 64.253365 -186.551423
v -3584.679427 64.253365 -190.187756
v -3582.057604 64.253365 -195.209689
v -3581.557166 64.253365 -200.852679
v -3583.254300 64.253365 -206.257631
v -3586.890627 67.343816 -210.601684
v -3591.912559 67.343816 -213.223508
v -3597.555548 67.343816 -213.723948
v -3602.960500 67.343816 -212.026816
v -3607.304561 67.343816 -208.390486
v -3609.926386 67.343816 -203.368554
v -3610.426825 67.343816 -197.725564
v -3608.729692 67.343816 -192.320612
v -3605.093360 67.343816 -187.976552
v -3600.071427 67.343816 -185.354728
v -3594.428437 67.343816 -184.854289
v -3589.023486 67.343816 -186.551423
v -3584.679427 67.343816 -190.187756
v -3582.057604 67.343816 -195.209689
v -3581.557166 67.343816 -200.852679
v -3583.254300 67.343816 -206.257631
v -3595.991995 64.253365 -199.289119
v -3595.991995 67.343816 -199.289119
vt 0.901341 0.331391
vt 0.805642 0.178433
vt 0.662417 0.076230
vt 0.493471 0.040341
vt 0.324526 0.076230
vt 0.181301 0.178433
vt 0.085601 0.331390
vt 0.051995 0.511816
vt 0.085601 0.692242
vt 0.181301 0.845199
vt 0.324526 0.947402
vt 0.493471 0.983291
vt 0.662416 0.947402
vt 0.805642 0.845199
vt 0.901341 0.692242
vt 0.934947 0.511816
vt 0.160892 0.390895
vt 0.166870 0.390895
vt 0.172848 0.390895
vt 0.178827 0.390895
vt 0.184805 0.390895
vt 0.190784 0.390895
vt 0.196762 0.390895
vt 0.202741 0.390895
vt 0.208719 0.390895
vt 0.214697 0.390895
vt 0.220676 0.390895
vt 0.226654 0.390895
vt 0.232633 0.390895
vt 0.238611 0.390895
vt 0.244590 0.390895
vt 0.250568 0.390895
vt 0.256546 0.390895
vt 0.160892 0.597454
vt 0.166870 0.597454
vt 0.172848 0.597454
vt 0.178827 0.597454
vt 0.184805 0.597454
vt 0.190784 0.597454
vt 0.196762 0.597454
vt 0.202741 0.597454
vt 0.208719 0.597454
vt 0.214697 0.597454
vt 0.220676 0.597454
vt 0.226654 0.597454
vt 0.232633 0.597454
vt 0.238611 0.597454
vt 0.244590 0.597454
vt 0.250568 0.597454
vt 0.256546 0.597454
vt 0.901341 0.331391
vt 0.805642 0.178433
vt 0.662417 0.076230
vt 0.493471 0.040341
vt 0.324526 0.076230
vt 0.181301 0.178433
vt 0.085601 0.331390
vt 0.051995 0.511816
vt 0.085601 0.692242
vt 0.181301 0.845199
vt 0.324526 0.947402
vt 0.493471 0.983291
vt 0.662416 0.947402
vt 0.805642 0.845199
vt 0.901341 0.692242
vt 0.934947 0.511816
vt 0.493471 0.511816
vt 0.493471 0.511816
vn 0.626848 0.000000 -0.779142
vn 0.280967 0.000000 -0.959717
vn 0.280967 0.000000 -0.959717
vn 0.626848 0.000000 -0.779142
vn -0.107688 0.000000 -0.994185
vn -0.107688 0.000000 -0.994185
vn -0.479949 0.000000 -0.877297
vn -0.479949 0.000000 -0.877297
vn -0.779142 0.000000 -0.626848
vn -0.779142 0.000000 -0.626848
vn -0.959717 0.000000 -0.280967
vn -0.959717 0.000000 -0.280967
vn -0.994185 0.000000 0.107688
vn -0.994185 0.000000 0.107688
vn -0.877296 0.000000 0.479949
vn -0.877296 0.000000 0.479949
vn -0.626848 0.000000 0.779142
vn -0.626848 0.000000 0.779142
vn -0.280967 0.000000 0.959717
vn -0.280967 0.000000 0.959717
vn 0.107689 0.000000 0.994185
vn 0.107689 0.000000 0.994185
vn 0.479949 0.000000 0.877296
vn 0.479949 0.000000 0.877296
vn 0.779142 0.000000 0.626847
vn 0.779142 0.000000 0.626847
vn 0.959718 0.000000 0.280967
vn 0.959718 0.000000 0.280967
vn 0.994185 0.000000 -0.107689
vn 0.994185 0.000000 -0.107689
vn 0.877296 0.000000 -0.479949
vn 0.877296 0.000000 -0.479949
vn 0.000000 -1.000000 0.000000
vn 0.000000 -1.000000 0.000000
vn -0.000000 -1.000000 -0.000000
vn -0.000000 -1.000000 -0.000000
vn -0.000000 -1.000000 -0.000000
vn -0.000000 -1.000000 -0.000000
vn -0.000000 -1.000000 -0.000000
vn 0.000000 -1.000000 0.000000
vn 0.000000 -1.000000 0.000000
vn 0.000000 -1.000000 0.000000
vn 0.000000 -1.000000 0.000000
vn -0.000000 -1.000000 -0.000000
vn -0.000000 -1.000000 -0.000000
vn -0.000000 -1.000000 -0.000000
vn -0.000000 -1.000000 -0.000000
vn 0.000000 -1.000000 0.000000
vn 0.000000 -1.000000 0.000000
vn 0.000000 1.000000 0.000000
vn 0.000000 1.000000 0.000000
vn 0.000000 1.000000 0.000000
vn 0.000000 1.000000 0.000000
vn 0.000000 1.000000 0.000000
vn -0.000000 1.000000 -0.000000
vn 0.000000 1.000000 0.000000
vn 0.000000 1.000000 0.000000
vn 0.000000 1.000000 0.000000
vn 0.000000 1.000000 0.000000
vn 0.000000 1.000000 0.000000
vn 0.000000 1.000000 0.000000
vn 0.000000 1.000000 0.000000
vn -0.000000 1.000000 -0.000000
vn 0.000000 1.000000 0.000000
vn 0.000000 1.000000 0.000000
vn 0.000000 1.000000 0.000000
s 1
g pCylinder41
usemtl lambert7SG
f 1395/2805/2707 1396/2806/2708 1412/2823/2709 1411/2822/2710
f 1396/2806/2708 1397/2807/2711 1413/2824/2712 1412/2823/2709
f 1397/2807/2711 1398/2808/2713 1414/2825/2714 1413/2824/2712
f 1398/2808/2713 1399/2809/2715 1415/2826/2716 1414/2825/2714
f 1399/2809/2715 1400/2810/2717 1416/2827/2718 1415/2826/2716
f 1400/2810/2717 1401/2811/2719 1417/2828/2720 1416/2827/2718
f 1401/2811/2719 1402/2812/2721 1418/2829/2722 1417/2828/2720
f 1402/2812/2721 1403/2813/2723 1419/2830/2724 1418/2829/2722
f 1403/2813/2723 1404/2814/2725 1420/2831/2726 1419/2830/2724
f 1404/2814/2725 1405/2815/2727 1421/2832/2728 1420/2831/2726
f 1405/2815/2727 1406/2816/2729 1422/2833/2730 1421/2832/2728
f 1406/2816/2729 1407/2817/2731 1423/2834/2732 1422/2833/2730
f 1407/2817/2731 1408/2818/2733 1424/2835/2734 1423/2834/2732
f 1408/2818/2733 1409/2819/2735 1425/2836/2736 1424/2835/2734
f 1409/2819/2735 1410/2820/2737 1426/2837/2738 1425/2836/2736
f 1410/2820/2737 1395/2821/2707 1411/2838/2710 1426/2837/2738
s 2
f 1396/2790/2739 1395/2789/2740 1427/2855/2741
f 1397/2791/2742 1396/2790/2739 1427/2855/2741
f 1398/2792/2743 1397/2791/2742 1427/2855/2741
f 1399/2793/2744 1398/2792/2743 1427/2855/2741
f 1400/2794/2745 1399/2793/2744 1427/2855/2741
f 1401/2795/2746 1400/2794/2745 1427/2855/2741
f 1402/2796/2747 1401/2795/2746 1427/2855/2741
f 1403/2797/2748 1402/2796/2747 1427/2855/2741
f 1404/2798/2749 1403/2797/2748 1427/2855/2741
f 1405/2799/2750 1404/2798/2749 1427/2855/2741
f 1406/2800/2751 1405/2799/2750 1427/2855/2741
f 1407/2801/2752 1406/2800/2751 1427/2855/2741
f 1408/2802/2753 1407/2801/2752 1427/2855/2741
f 1409/2803/2754 1408/2802/2753 1427/2855/2741
f 1410/2804/2755 1409/2803/2754 1427/2855/2741
f 1395/2789/2740 1410/2804/2755 1427/2855/2741
s 3
f 1411/2853/2756 1412/2852/2757 1428/2856/2758
f 1412/2852/2757 1413/2851/2759 1428/2856/2758
f 1413/2851/2759 1414/2850/2760 1428/2856/2758
f 1414/2850/2760 1415/2849/2761 1428/2856/2758
f 1415/2849/2761 1416/2848/2762 1428/2856/2758
f 1416/2848/2762 1417/2847/2763 1428/2856/2758
f 1417/2847/2763 1418/2846/2764 1428/2856/2758
f 1418/2846/2764 1419/2845/2765 1428/2856/2758
f 1419/2845/2765 1420/2844/2766 1428/2856/2758
f 1420/2844/2766 1421/2843/2767 1428/2856/2758
f 1421/2843/2767 1422/2842/2768 1428/2856/2758
f 1422/2842/2768 1423/2841/2769 1428/2856/2758
f 1423/2841/2769 1424/2840/2770 1428/2856/2758
f 1424/2840/2770 1425/2839/2771 1428/2856/2758
f 1425/2839/2771 1426/2854/2772 1428/2856/2758
f 1426/2854/2772 1411/2853/2756 1428/2856/2758
g default
v -3569.263004 70.416428 -190.719358
v -3574.284936 70.416428 -193.341183
v -3579.927925 70.416428 -193.841623
v -3585.332877 70.416428 -192.144491
v -3589.676938 70.416428 -188.508160
v -3592.298763 70.416428 -183.486228
v -3592.799203 70.416428 -177.843239
v -3591.102070 70.416428 -172.438287
v -3587.465737 70.416428 -168.094227
v -3582.443804 70.416428 -165.472402
v -3576.800815 70.416428 -164.971964
v -3571.395863 70.416428 -166.669098
v -3567.051804 70.416428 -170.305431
v -3564.429981 70.416428 -175.327364
v -3563.929544 70.416428 -180.970353
v -3565.626678 70.416428 -186.375305
v -3569.263004 73.506878 -190.719358
v -3574.284936 73.506878 -193.341183
v -3579.927925 73.506878 -193.841623
v -3585.332877 73.506878 -192.144491
v -3589.676938 73.506878 -188.508160
v -3592.298763 73.506878 -183.486228
v -3592.799203 73.506878 -177.843239
v -3591.102070 73.506878 -172.438287
v -3587.465737 73.506878 -168.094227
v -3582.443804 73.506878 -165.472402
v -3576.800815 73.506878 -164.971964
v -3571.395863 73.506878 -166.669098
v -3567.051804 73.506878 -170.305431
v -3564.429981 73.506878 -175.327364
v -3563.929544 73.506878 -180.970353
v -3565.626678 73.506878 -186.375305
v -3578.364373 70.416428 -179.406794
v -3578.364373 73.506878 -179.406794
vt 0.901341 0.331391
vt 0.805642 0.178433
vt 0.662417 0.076230
vt 0.493471 0.040341
vt 0.324526 0.076230
vt 0.181301 0.178433
vt 0.085601 0.331390
vt 0.051995 0.511816
vt 0.085601 0.692242
vt 0.181301 0.845199
vt 0.324526 0.947402
vt 0.493471 0.983291
vt 0.662416 0.947402
vt 0.805642 0.845199
vt 0.901341 0.692242
vt 0.934947 0.511816
vt 0.160892 0.390895
vt 0.166870 0.390895
vt 0.172848 0.390895
vt 0.178827 0.390895
vt 0.184805 0.390895
vt 0.190784 0.390895
vt 0.196762 0.390895
vt 0.202741 0.390895
vt 0.208719 0.390895
vt 0.214697 0.390895
vt 0.220676 0.390895
vt 0.226654 0.390895
vt 0.232633 0.390895
vt 0.238611 0.390895
vt 0.244590 0.390895
vt 0.250568 0.390895
vt 0.256546 0.390895
vt 0.160892 0.597454
vt 0.166870 0.597454
vt 0.172848 0.597454
vt 0.178827 0.597454
vt 0.184805 0.597454
vt 0.190784 0.597454
vt 0.196762 0.597454
vt 0.202741 0.597454
vt 0.208719 0.597454
vt 0.214697 0.597454
vt 0.220676 0.597454
vt 0.226654 0.597454
vt 0.232633 0.597454
vt 0.238611 0.597454
vt 0.244590 0.597454
vt 0.250568 0.597454
vt 0.256546 0.597454
vt 0.901341 0.331391
vt 0.805642 0.178433
vt 0.662417 0.076230
vt 0.493471 0.040341
vt 0.324526 0.076230
vt 0.181301 0.178433
vt 0.085601 0.331390
vt 0.051995 0.511816
vt 0.085601 0.692242
vt 0.181301 0.845199
vt 0.324526 0.947402
vt 0.493471 0.983291
vt 0.662416 0.947402
vt 0.805642 0.845199
vt 0.901341 0.692242
vt 0.934947 0.511816
vt 0.493471 0.511816
vt 0.493471 0.511816
vn 0.626848 0.000000 -0.779142
vn 0.280967 0.000000 -0.959717
vn 0.280967 0.000000 -0.959717
vn 0.626848 0.000000 -0.779142
vn -0.107688 0.000000 -0.994185
vn -0.107688 0.000000 -0.994185
vn -0.479949 0.000000 -0.877297
vn -0.479949 0.000000 -0.877297
vn -0.779142 0.000000 -0.626848
vn -0.779142 0.000000 -0.626848
vn -0.959717 0.000000 -0.280967
vn -0.959717 0.000000 -0.280967
vn -0.994185 0.000000 0.107688
vn -0.994185 0.000000 0.107688
vn -0.877296 0.000000 0.479949
vn -0.877296 0.000000 0.479949
vn -0.626848 0.000000 0.779142
vn -0.626848 0.000000 0.779142
vn -0.280967 0.000000 0.959717
vn -0.280967 0.000000 0.959717
vn 0.107689 0.000000 0.994185
vn 0.107689 0.000000 0.994185
vn 0.479949 0.000000 0.877296
vn 0.479949 0.000000 0.877296
vn 0.779142 0.000000 0.626847
vn 0.779142 0.000000 0.626847
vn 0.959718 0.000000 0.280967
vn 0.959718 0.000000 0.280967
vn 0.994185 0.000000 -0.107689
vn 0.994185 0.000000 -0.107689
vn 0.877296 0.000000 -0.479949
vn 0.877296 0.000000 -0.479949
vn 0.000000 -1.000000 0.000000
vn 0.000000 -1.000000 0.000000
vn -0.000000 -1.000000 -0.000000
vn -0.000000 -1.000000 -0.000000
vn -0.000000 -1.000000 -0.000000
vn -0.000000 -1.000000 -0.000000
vn -0.000000 -1.000000 -0.000000
vn 0.000000 -1.000000 0.000000
vn 0.000000 -1.000000 0.000000
vn 0.000000 -1.000000 0.000000
vn 0.000000 -1.000000 0.000000
vn -0.000000 -1.000000 -0.000000
vn -0.000000 -1.000000 -0.000000
vn -0.000000 -1.000000 -0.000000
vn -0.000000 -1.000000 -0.000000
vn 0.000000 -1.000000 0.000000
vn 0.000000 -1.000000 0.000000
vn 0.000000 1.000000 0.000000
vn 0.000000 1.000000 0.000000
vn 0.000000 1.000000 0.000000
vn 0.000000 1.000000 0.000000
vn 0.000000 1.000000 0.000000
vn -0.000000 1.000000 -0.000000
vn 0.000000 1.000000 0.000000
vn 0.000000 1.000000 0.000000
vn 0.000000 1.000000 0.000000
vn 0.000000 1.000000 0.000000
vn 0.000000 1.000000 0.000000
vn 0.000000 1.000000 0.000000
vn 0.000000 1.000000 0.000000
vn -0.000000 1.000000 -0.000000
vn 0.000000 1.000000 0.000000
vn 0.000000 1.000000 0.000000
vn 0.000000 1.000000 0.000000
s 1
g pCylinder36
usemtl lambert7SG
f 1429/2873/2773 1430/2874/2774 1446/2891/2775 1445/2890/2776
f 1430/2874/2774 1431/2875/2777 1447/2892/2778 1446/2891/2775
f 1431/2875/2777 1432/2876/2779 1448/2893/2780 1447/2892/2778
f 1432/2876/2779 1433/2877/2781 1449/2894/2782 1448/2893/2780
f 1433/2877/2781 1434/2878/2783 1450/2895/2784 1449/2894/2782
f 1434/2878/2783 1435/2879/2785 1451/2896/2786 1450/2895/2784
f 1435/2879/2785 1436/2880/2787 1452/2897/2788 1451/2896/2786
f 1436/2880/2787 1437/2881/2789 1453/2898/2790 1452/2897/2788
f 1437/2881/2789 1438/2882/2791 1454/2899/2792 1453/2898/2790
f 1438/2882/2791 1439/2883/2793 1455/2900/2794 1454/2899/2792
f 1439/2883/2793 1440/2884/2795 1456/2901/2796 1455/2900/2794
f 1440/2884/2795 1441/2885/2797 1457/2902/2798 1456/2901/2796
f 1441/2885/2797 1442/2886/2799 1458/2903/2800 1457/2902/2798
f 1442/2886/2799 1443/2887/2801 1459/2904/2802 1458/2903/2800
f 1443/2887/2801 1444/2888/2803 1460/2905/2804 1459/2904/2802
f 1444/2888/2803 1429/2889/2773 1445/2906/2776 1460/2905/2804
s 2
f 1430/2858/2805 1429/2857/2806 1461/2923/2807
f 1431/2859/2808 1430/2858/2805 1461/2923/2807
f 1432/2860/2809 1431/2859/2808 1461/2923/2807
f 1433/2861/2810 1432/2860/2809 1461/2923/2807
f 1434/2862/2811 1433/2861/2810 1461/2923/2807
f 1435/2863/2812 1434/2862/2811 1461/2923/2807
f 1436/2864/2813 1435/2863/2812 1461/2923/2807
f 1437/2865/2814 1436/2864/2813 1461/2923/2807
f 1438/2866/2815 1437/2865/2814 1461/2923/2807
f 1439/2867/2816 1438/2866/2815 1461/2923/2807
f 1440/2868/2817 1439/2867/2816 1461/2923/2807
f 1441/2869/2818 1440/2868/2817 1461/2923/2807
f 1442/2870/2819 1441/2869/2818 1461/2923/2807
f 1443/2871/2820 1442/2870/2819 1461/2923/2807
f 1444/2872/2821 1443/2871/2820 1461/2923/2807
f 1429/2857/2806 1444/2872/2821 1461/2923/2807
s 3
f 1445/2921/2822 1446/2920/2823 1462/2924/2824
f 1446/2920/2823 1447/2919/2825 1462/2924/2824
f 1447/2919/2825 1448/2918/2826 1462/2924/2824
f 1448/2918/2826 1449/2917/2827 1462/2924/2824
f 1449/2917/2827 1450/2916/2828 1462/2924/2824
f 1450/2916/2828 1451/2915/2829 1462/2924/2824
f 1451/2915/2829 1452/2914/2830 1462/2924/2824
f 1452/2914/2830 1453/2913/2831 1462/2924/2824
f 1453/2913/2831 1454/2912/2832 1462/2924/2824
f 1454/2912/2832 1455/2911/2833 1462/2924/2824
f 1455/2911/2833 1456/2910/2834 1462/2924/2824
f 1456/2910/2834 1457/2909/2835 1462/2924/2824
f 1457/2909/2835 1458/2908/2836 1462/2924/2824
f 1458/2908/2836 1459/2907/2837 1462/2924/2824
f 1459/2907/2837 1460/2922/2838 1462/2924/2824
f 1460/2922/2838 1445/2921/2822 1462/2924/2824
g default
v -3554.619265 67.319410 -206.072814
v -3557.766644 67.319410 -210.783203
v -3562.477031 67.319410 -213.930586
v -3568.033312 67.319410 -215.035803
v -3573.589595 67.319410 -213.930593
v -3578.299985 67.319410 -210.783214
v -3581.447368 67.319410 -206.072827
v -3582.552583 67.319410 -200.516545
v -3581.447371 67.319410 -194.960263
v -3578.299991 67.319410 -190.249872
v -3573.589604 67.319410 -187.102490
v -3568.033322 67.319410 -185.997276
v -3562.477040 67.319410 -187.102489
v -3557.766651 67.319410 -190.249869
v -3554.619270 67.319410 -194.960258
v -3553.514056 67.319410 -200.516540
v -3554.619265 70.409861 -206.072814
v -3557.766644 70.409861 -210.783203
v -3562.477031 70.409861 -213.930586
v -3568.033312 70.409861 -215.035803
v -3573.589595 70.409861 -213.930593
v -3578.299985 70.409861 -210.783214
v -3581.447368 70.409861 -206.072827
v -3582.552583 70.409861 -200.516545
v -3581.447371 70.409861 -194.960263
v -3578.299991 70.409861 -190.249872
v -3573.589604 70.409861 -187.102490
v -3568.033322 70.409861 -185.997276
v -3562.477040 70.409861 -187.102489
v -3557.766651 70.409861 -190.249869
v -3554.619270 70.409861 -194.960258
v -3553.514056 70.409861 -200.516540
v -3568.033319 67.319410 -200.516540
v -3568.033319 70.409861 -200.516540
vt 0.901341 0.331391
vt 0.805642 0.178433
vt 0.662417 0.076230
vt 0.493471 0.040341
vt 0.324526 0.076230
vt 0.181301 0.178433
vt 0.085601 0.331390
vt 0.051995 0.511816
vt 0.085601 0.692242
vt 0.181301 0.845199
vt 0.324526 0.947402
vt 0.493471 0.983291
vt 0.662416 0.947402
vt 0.805642 0.845199
vt 0.901341 0.692242
vt 0.934947 0.511816
vt 0.160892 0.390895
vt 0.166870 0.390895
vt 0.172848 0.390895
vt 0.178827 0.390895
vt 0.184805 0.390895
vt 0.190784 0.390895
vt 0.196762 0.390895
vt 0.202741 0.390895
vt 0.208719 0.390895
vt 0.214697 0.390895
vt 0.220676 0.390895
vt 0.226654 0.390895
vt 0.232633 0.390895
vt 0.238611 0.390895
vt 0.244590 0.390895
vt 0.250568 0.390895
vt 0.256546 0.390895
vt 0.160892 0.597454
vt 0.166870 0.597454
vt 0.172848 0.597454
vt 0.178827 0.597454
vt 0.184805 0.597454
vt 0.190784 0.597454
vt 0.196762 0.597454
vt 0.202741 0.597454
vt 0.208719 0.597454
vt 0.214697 0.597454
vt 0.220676 0.597454
vt 0.226654 0.597454
vt 0.232633 0.597454
vt 0.238611 0.597454
vt 0.244590 0.597454
vt 0.250568 0.597454
vt 0.256546 0.597454
vt 0.901341 0.331391
vt 0.805642 0.178433
vt 0.662417 0.076230
vt 0.493471 0.040341
vt 0.324526 0.076230
vt 0.181301 0.178433
vt 0.085601 0.331390
vt 0.051995 0.511816
vt 0.085601 0.692242
vt 0.181301 0.845199
vt 0.324526 0.947402
vt 0.493471 0.983291
vt 0.662416 0.947402
vt 0.805642 0.845199
vt 0.901341 0.692242
vt 0.934947 0.511816
vt 0.493471 0.511816
vt 0.493471 0.511816
vn 0.923880 0.000000 -0.382683
vn 0.707107 0.000000 -0.707106
vn 0.707107 0.000000 -0.707106
vn 0.923880 0.000000 -0.382683
vn 0.382684 0.000000 -0.923879
vn 0.382684 0.000000 -0.923879
vn 0.000001 0.000000 -1.000000
vn 0.000001 0.000000 -1.000000
vn -0.382683 0.000000 -0.923880
vn -0.382683 0.000000 -0.923880
vn -0.707106 0.000000 -0.707107
vn -0.707106 0.000000 -0.707107
vn -0.923879 0.000000 -0.382684
vn -0.923879 0.000000 -0.382684
vn -1.000000 0.000000 -0.000000
vn -1.000000 0.000000 -0.000000
vn -0.923880 0.000000 0.382683
vn -0.923880 0.000000 0.382683
vn -0.707107 0.000000 0.707107
vn -0.707107 0.000000 0.707107
vn -0.382684 0.000000 0.923879
vn -0.382684 0.000000 0.923879
vn -0.000000 0.000000 1.000000
vn -0.000000 0.000000 1.000000
vn 0.382683 0.000000 0.923880
vn 0.382683 0.000000 0.923880
vn 0.707107 0.000000 0.707107
vn 0.707107 0.000000 0.707107
vn 0.923880 0.000000 0.382683
vn 0.923880 0.000000 0.382683
vn 1.000000 0.000000 0.000000
vn 1.000000 0.000000 0.000000
vn 0.000000 -1.000000 0.000000
vn 0.000000 -1.000000 0.000000
vn 0.000000 -1.000000 -0.000000
vn 0.000000 -1.000000 -0.000000
vn 0.000000 -1.000000 -0.000000
vn 0.000000 -1.000000 -0.000000
vn 0.000000 -1.000000 -0.000000
vn 0.000000 -1.000000 0.000000
vn 0.000000 -1.000000 0.000000
vn 0.000000 -1.000000 0.000000
vn 0.000000 -1.000000 0.000000
vn 0.000000 -1.000000 -0.000000
vn 0.000000 -1.000000 -0.000000
vn 0.000000 -1.000000 -0.000000
vn 0.000000 -1.000000 -0.000000
vn 0.000000 -1.000000 0.000000
vn 0.000000 -1.000000 0.000000
vn 0.000000 1.000000 0.000000
vn 0.000000 1.000000 0.000000
vn 0.000000 1.000000 0.000000
vn 0.000000 1.000000 0.000000
vn 0.000000 1.000000 0.000000
vn 0.000000 1.000000 -0.000000
vn 0.000000 1.000000 0.000000
vn 0.000000 1.000000 0.000000
vn 0.000000 1.000000 0.000000
vn 0.000000 1.000000 0.000000
vn 0.000000 1.000000 0.000000
vn 0.000000 1.000000 0.000000
vn 0.000000 1.000000 0.000000
vn 0.000000 1.000000 -0.000000
vn 0.000000 1.000000 0.000000
vn 0.000000 1.000000 0.000000
vn 0.000000 1.000000 0.000000
s 1
g pCylinder48
usemtl lambert7SG
f 1463/2941/2839 1464/2942/2840 1480/2959/2841 1479/2958/2842
f 1464/2942/2840 1465/2943/2843 1481/2960/2844 1480/2959/2841
f 1465/2943/2843 1466/2944/2845 1482/2961/2846 1481/2960/2844
f 1466/2944/2845 1467/2945/2847 1483/2962/2848 1482/2961/2846
f 1467/2945/2847 1468/2946/2849 1484/2963/2850 1483/2962/2848
f 1468/2946/2849 1469/2947/2851 1485/2964/2852 1484/2963/2850
f 1469/2947/2851 1470/2948/2853 1486/2965/2854 1485/2964/2852
f 1470/2948/2853 1471/2949/2855 1487/2966/2856 1486/2965/2854
f 1471/2949/2855 1472/2950/2857 1488/2967/2858 1487/2966/2856
f 1472/2950/2857 1473/2951/2859 1489/2968/2860 1488/2967/2858
f 1473/2951/2859 1474/2952/2861 1490/2969/2862 1489/2968/2860
f 1474/2952/2861 1475/2953/2863 1491/2970/2864 1490/2969/2862
f 1475/2953/2863 1476/2954/2865 1492/2971/2866 1491/2970/2864
f 1476/2954/2865 1477/2955/2867 1493/2972/2868 1492/2971/2866
f 1477/2955/2867 1478/2956/2869 1494/2973/2870 1493/2972/2868
f 1478/2956/2869 1463/2957/2839 1479/2974/2842 1494/2973/2870
s 2
f 1464/2926/2871 1463/2925/2872 1495/2991/2873
f 1465/2927/2874 1464/2926/2871 1495/2991/2873
f 1466/2928/2875 1465/2927/2874 1495/2991/2873
f 1467/2929/2876 1466/2928/2875 1495/2991/2873
f 1468/2930/2877 1467/2929/2876 1495/2991/2873
f 1469/2931/2878 1468/2930/2877 1495/2991/2873
f 1470/2932/2879 1469/2931/2878 1495/2991/2873
f 1471/2933/2880 1470/2932/2879 1495/2991/2873
f 1472/2934/2881 1471/2933/2880 1495/2991/2873
f 1473/2935/2882 1472/2934/2881 1495/2991/2873
f 1474/2936/2883 1473/2935/2882 1495/2991/2873
f 1475/2937/2884 1474/2936/2883 1495/2991/2873
f 1476/2938/2885 1475/2937/2884 1495/2991/2873
f 1477/2939/2886 1476/2938/2885 1495/2991/2873
f 1478/2940/2887 1477/2939/2886 1495/2991/2873
f 1463/2925/2872 1478/2940/2887 1495/2991/2873
s 3
f 1479/2989/2888 1480/2988/2889 1496/2992/2890
f 1480/2988/2889 1481/2987/2891 1496/2992/2890
f 1481/2987/2891 1482/2986/2892 1496/2992/2890
f 1482/2986/2892 1483/2985/2893 1496/2992/2890
f 1483/2985/2893 1484/2984/2894 1496/2992/2890
f 1484/2984/2894 1485/2983/2895 1496/2992/2890
f 1485/2983/2895 1486/2982/2896 1496/2992/2890
f 1486/2982/2896 1487/2981/2897 1496/2992/2890
f 1487/2981/2897 1488/2980/2898 1496/2992/2890
f 1488/2980/2898 1489/2979/2899 1496/2992/2890
f 1489/2979/2899 1490/2978/2900 1496/2992/2890
f 1490/2978/2900 1491/2977/2901 1496/2992/2890
f 1491/2977/2901 1492/2976/2902 1496/2992/2890
f 1492/2976/2902 1493/2975/2903 1496/2992/2890
f 1493/2975/2903 1494/2990/2904 1496/2992/2890
f 1494/2990/2904 1479/2989/2888 1496/2992/2890
