# This file uses meters as units for non-parametric coordinates.

mtllib candle_table.mtl
g default
v -3326.786143 138.673742 -222.688404
v -3318.634859 138.673742 -230.839618
v -3326.786143 127.883786 -222.688404
v -3318.634859 127.883786 -230.839618
v -3356.072112 138.673742 -215.332616
v -3344.544344 138.673742 -215.332616
v -3356.072112 127.883786 -215.332616
v -3344.544344 127.883786 -215.332616
v -3381.981668 138.673742 -230.839618
v -3373.830384 138.673742 -222.688404
v -3381.981668 127.883786 -230.839618
v -3373.830384 127.883786 -222.688404
v -3389.337386 138.673742 -260.125658
v -3389.337386 138.673742 -248.597750
v -3389.337386 127.883786 -248.597750
v -3389.337386 127.883786 -260.125658
v -3373.830384 138.673742 -286.035003
v -3381.981668 138.673742 -277.883508
v -3373.830384 127.883786 -286.035003
v -3381.981668 127.883786 -277.883508
v -3344.544344 138.673742 -293.390791
v -3356.072112 138.673742 -293.390791
v -3344.544344 127.883786 -293.390791
v -3356.072112 127.883786 -293.390791
v -3318.634859 138.673742 -277.883508
v -3326.786143 138.673742 -286.035003
v -3318.634859 127.883786 -277.883508
v -3326.786143 127.883786 -286.035003
v -3311.279211 138.673742 -248.597750
v -3311.279211 138.673742 -260.125658
v -3311.279211 127.883786 -248.597750
v -3311.279211 127.883786 -260.125658
v -3336.393061 139.182298 -260.125658
v -3344.544344 139.182298 -268.276871
v -3356.072112 139.182298 -268.276871
v -3364.223396 139.182298 -260.125658
v -3364.223396 139.182298 -248.597750
v -3356.072112 139.182298 -240.446536
v -3344.544344 139.182298 -240.446536
v -3336.393061 139.182298 -248.597750
v -3336.393061 116.537748 -248.597750
v -3344.544344 116.537748 -240.446536
v -3356.072112 116.537748 -240.446536
v -3364.223396 116.537748 -248.597750
v -3364.223396 116.537748 -260.125377
v -3356.072112 116.537748 -268.276871
v -3344.544344 116.537748 -268.276871
v -3336.393061 116.537748 -260.125377
v -3377.992881 125.419522 -249.081580
v -3377.992881 125.419522 -259.641828
v -3373.617831 125.419522 -238.519083
v -3366.150708 125.419522 -231.052031
v -3355.588352 125.419522 -226.677051
v -3345.028104 125.419522 -226.677051
v -3334.465889 125.419522 -231.052031
v -3326.998696 125.419522 -238.519083
v -3322.623576 125.419522 -249.081580
v -3322.623576 125.419522 -259.641828
v -3326.998696 125.419522 -270.204043
v -3334.465889 125.419522 -277.671095
v -3345.028104 125.419522 -282.046075
v -3355.588352 125.419522 -282.046075
v -3366.150708 125.419522 -277.671095
v -3373.617831 125.419522 -270.204043
v -3328.947573 11.800043 -283.124437
v -3321.545284 11.800043 -275.722289
v -3355.542554 11.800043 -289.804493
v -3345.074043 11.800043 -289.804493
v -3379.071313 11.800043 -275.722289
v -3371.668954 11.800043 -283.124437
v -3385.750948 11.800043 -259.595749
v -3385.750948 11.800043 -249.127378
v -3371.668954 11.800043 -225.598689
v -3379.071313 11.800043 -233.000837
v -3345.074043 11.800043 -218.918914
v -3355.542554 11.800043 -218.918914
v -3321.545284 11.800043 -233.000837
v -3328.947573 11.800043 -225.598689
v -3314.865509 11.800043 -259.595749
v -3314.865509 11.800043 -249.127378
v -3336.393061 -0.570806 -248.597750
v -3344.544344 -0.570806 -240.446536
v -3356.072112 -0.570806 -240.446536
v -3364.223396 -0.570806 -248.597750
v -3365.334210 -2.075453 -260.549641
v -3356.496376 -2.075453 -269.387545
v -3344.544344 -0.570806 -268.276871
v -3336.393061 -0.570806 -260.125377
v -3337.168748 39.332864 -259.804228
v -3344.865633 39.332864 -267.500833
v -3355.750823 39.332864 -267.500833
v -3363.447709 39.332864 -259.804228
v -3363.447709 39.332864 -248.918898
v -3355.750823 39.332864 -241.222294
v -3344.865633 39.332864 -241.222294
v -3337.168748 39.332864 -248.918898
v -3380.529335 13.191961 -260.125377
v -3380.529335 13.191961 -248.597750
v -3375.753411 13.191961 -271.655252
v -3367.602128 13.191961 -279.806465
v -3356.072112 13.191961 -284.582670
v -3344.544344 13.191961 -284.582670
v -3333.014399 13.191961 -279.806465
v -3324.863045 13.191961 -271.655252
v -3320.087121 13.191961 -260.125377
v -3320.087121 13.191961 -248.597750
v -3324.863045 13.191961 -237.067875
v -3333.014399 13.191961 -228.916380
v -3344.544344 13.191961 -224.140456
v -3356.072112 13.191961 -224.140456
v -3367.602128 13.191961 -228.916380
v -3375.753411 13.191961 -237.067875
v -3327.632283 115.946483 -263.754101
v -3327.632283 115.946483 -244.968744
v -3340.915480 115.946483 -231.685618
v -3359.701047 115.946483 -231.685618
v -3372.984314 115.946483 -244.968744
v -3372.984314 115.946483 -263.754101
v -3359.701047 115.946483 -277.037508
v -3340.915480 115.946483 -277.037508
v -3335.200695 103.081889 -260.619322
v -3335.200695 103.081889 -248.103805
v -3344.050400 103.081889 -239.254100
v -3356.566057 103.081889 -239.254100
v -3365.415902 103.081889 -248.103805
v -3365.415902 103.081889 -260.619322
v -3356.566057 103.081889 -269.469307
v -3344.050400 103.081889 -269.469307
v -3337.168748 101.681841 -259.804228
v -3337.168748 101.681841 -248.918898
v -3344.865633 101.681841 -241.222294
v -3355.750823 101.681841 -241.222294
v -3363.447709 101.681841 -248.918898
v -3363.447709 101.681841 -259.804228
v -3355.750823 101.681841 -267.500833
v -3344.865633 101.681841 -267.500833
v -3333.375867 107.454959 -261.375130
v -3333.375867 107.454959 -247.347996
v -3343.294521 107.454959 -237.429202
v -3357.321936 107.454959 -237.429202
v -3367.240730 107.454959 -247.347996
v -3367.240730 107.454959 -261.375130
v -3357.321936 107.454959 -271.293925
v -3343.294521 107.454959 -271.293925
v -3330.952924 111.573389 -262.378754
v -3330.952924 111.573389 -246.344372
v -3342.290967 111.573389 -235.006119
v -3358.325490 111.573389 -235.006119
v -3369.663603 111.573389 -246.344372
v -3369.663603 111.573389 -262.378754
v -3358.325490 111.573389 -273.717008
v -3342.290967 111.573389 -273.717008
v -3335.702577 116.463264 -232.883111
v -3335.001698 117.354260 -231.840432
v -3327.787097 117.354260 -239.055174
v -3328.829565 116.463264 -239.755912
v -3324.792662 116.463264 -249.501629
v -3323.559907 117.354260 -249.259995
v -3323.559907 117.354260 -259.463131
v -3324.792662 116.463264 -259.221778
v -3355.168162 116.463264 -228.846138
v -3355.409726 117.354260 -227.613242
v -3345.206731 117.354260 -227.613242
v -3345.448294 116.463264 -228.846138
v -3371.786961 116.463264 -239.755912
v -3372.829359 117.354260 -239.055174
v -3365.614828 117.354260 -231.840432
v -3364.913949 116.463264 -232.883111
v -3375.823794 116.463264 -259.221778
v -3377.056549 117.354260 -259.463131
v -3377.056549 117.354260 -249.259995
v -3375.823794 116.463264 -249.501629
v -3364.913949 116.463264 -275.840296
v -3365.614828 117.354260 -276.882975
v -3372.829359 117.354260 -269.667953
v -3371.786961 116.463264 -268.967214
v -3345.448224 116.463264 -279.876989
v -3345.206731 117.354260 -281.109884
v -3355.409726 117.354260 -281.109884
v -3355.168232 116.463264 -279.876989
v -3328.829565 116.463264 -268.967214
v -3327.787097 117.354260 -269.667953
v -3335.001698 117.354260 -276.882975
v -3335.702577 116.463264 -275.840296
v -3320.449221 123.572234 -248.666587
v -3320.774865 124.779058 -248.728963
v -3320.774865 124.779058 -259.994164
v -3320.449221 123.572234 -260.056539
v -3325.441983 124.778960 -271.261894
v -3325.167897 123.572589 -271.448458
v -3333.407968 124.779058 -279.227668
v -3333.221614 123.572222 -279.501894
v -3344.675557 124.778935 -283.895418
v -3344.613393 123.572589 -284.220781
v -3355.941040 124.779058 -283.894856
v -3356.003064 123.572222 -284.220781
v -3367.208770 124.778935 -279.227949
v -3367.395123 123.572589 -279.501894
v -3375.174333 124.779058 -271.261894
v -3375.448489 123.572234 -271.448177
v -3379.841873 124.778935 -259.994445
v -3380.167517 123.572589 -260.056539
v -3379.841662 124.779058 -248.728963
v -3380.167236 123.572234 -248.666587
v -3375.174543 124.778960 -237.461232
v -3375.448770 123.572589 -237.274949
v -3367.208629 124.779058 -229.495740
v -3367.394983 123.572222 -229.221232
v -3355.941040 124.778935 -224.827708
v -3356.003134 123.572589 -224.502345
v -3344.675557 124.779058 -224.828270
v -3344.613463 123.572222 -224.502626
v -3333.407827 124.778960 -229.495459
v -3333.221614 123.572589 -229.221232
v -3325.442264 124.779058 -237.461232
v -3325.167968 123.572234 -237.274949
v -3344.039442 42.199763 -269.495718
v -3335.174143 42.199763 -260.630560
v -3335.174143 42.199763 -248.092847
v -3344.039442 42.199763 -239.227408
v -3356.577085 42.199763 -239.227408
v -3365.442383 42.199763 -248.092847
v -3365.442383 42.199763 -260.630560
v -3356.577085 42.199763 -269.495718
v -3344.039442 43.822065 -269.495718
v -3335.174143 43.822065 -260.630560
v -3335.174143 43.822065 -248.092847
v -3344.039442 43.822065 -239.227408
v -3356.577085 43.822065 -239.227408
v -3365.442383 43.822065 -248.092847
v -3365.442383 43.822065 -260.630560
v -3356.577085 43.822065 -269.495718
v -3344.039442 93.726357 -269.495718
v -3335.174143 93.726357 -260.630560
v -3335.174143 93.726357 -248.092847
v -3344.039442 93.726357 -239.227408
v -3356.577085 93.726357 -239.227408
v -3365.442383 93.726357 -248.092847
v -3365.442383 93.726357 -260.630560
v -3356.577085 93.726357 -269.495718
v -3344.039442 95.348671 -269.495718
v -3335.174143 95.348671 -260.630560
v -3335.174143 95.348671 -248.092847
v -3344.039442 95.348671 -239.227408
v -3356.577085 95.348671 -239.227408
v -3365.442383 95.348671 -248.092847
v -3365.442383 95.348671 -260.630560
v -3356.577085 95.348671 -269.495718
v -3337.168748 95.935671 -248.918898
v -3344.865633 95.935671 -241.222013
v -3355.750823 95.935671 -241.222013
v -3363.447709 95.935671 -248.918898
v -3363.447709 95.935671 -259.804228
v -3355.750823 95.935671 -267.500833
v -3344.865633 95.935671 -267.500833
v -3337.168748 95.935671 -259.804228
v -3337.168748 93.127210 -248.918898
v -3344.865633 93.127210 -241.222013
v -3355.750823 93.127210 -241.222013
v -3363.447709 93.127210 -248.918898
v -3363.447709 93.127210 -259.804228
v -3355.750823 93.127210 -267.500833
v -3344.865633 93.127210 -267.500833
v -3337.168748 93.127210 -259.804228
v -3337.168748 44.650911 -248.918898
v -3344.865633 44.650911 -241.222294
v -3355.750823 44.650911 -241.222294
v -3363.447709 44.650911 -248.918898
v -3363.447709 44.650911 -259.804228
v -3355.750823 44.650911 -267.500833
v -3344.865633 44.650911 -267.500833
v -3337.168748 44.650911 -259.804228
v -3337.168748 41.440390 -248.918898
v -3344.865633 41.440390 -241.222294
v -3355.750823 41.440390 -241.222294
v -3363.447709 41.440390 -248.918898
v -3363.447709 41.440390 -259.804228
v -3355.750823 41.440390 -267.500833
v -3344.865633 41.440390 -267.500833
v -3337.168748 41.440390 -259.804228
v -3325.168600 136.512424 -220.510046
v -3316.456781 136.512424 -229.222075
v -3308.595177 136.512424 -248.201582
v -3308.595177 136.512424 -260.522106
v -3316.456781 136.512424 -279.501051
v -3325.168600 136.512424 -288.213081
v -3344.147966 136.512424 -296.074614
v -3356.468490 136.512424 -296.074614
v -3375.447857 136.512424 -288.213081
v -3384.159886 136.512424 -279.501051
v -3392.021279 136.512424 -260.522106
v -3392.021279 136.512424 -248.201582
v -3384.159886 136.512424 -229.222075
v -3375.447857 136.512424 -220.510046
v -3356.468490 136.512424 -212.648512
v -3344.147966 136.512424 -212.648512
v -3325.168600 133.278770 -220.510046
v -3316.456781 133.278770 -229.222075
v -3308.595177 133.278770 -248.201582
v -3308.595177 133.278770 -260.522106
v -3316.456781 133.278770 -279.501051
v -3325.168600 133.278770 -288.213081
v -3344.147966 133.278770 -296.074333
v -3356.468490 133.278770 -296.074614
v -3375.447857 133.278770 -288.213081
v -3384.159886 133.278770 -279.501051
v -3392.021279 133.278770 -260.522106
v -3392.021279 133.278770 -248.201582
v -3384.159886 133.278770 -229.222075
v -3375.447857 133.278770 -220.510046
v -3356.468490 133.278770 -212.648512
v -3344.147966 133.278770 -212.648512
v -3325.168600 130.045103 -220.510046
v -3316.456781 130.045103 -229.222075
v -3308.595177 130.045103 -248.201582
v -3308.595177 130.045103 -260.522106
v -3316.456781 130.045103 -279.501051
v -3325.168600 130.045103 -288.213081
v -3344.147966 130.045103 -296.074333
v -3356.468490 130.045103 -296.074614
v -3375.447857 130.045103 -288.213081
v -3384.159886 130.045103 -279.501051
v -3392.021279 130.045103 -260.522106
v -3392.021279 130.045103 -248.201582
v -3384.159886 130.045103 -229.222075
v -3375.447857 130.045103 -220.510046
v -3356.468490 130.045103 -212.648512
v -3344.147966 130.045103 -212.648512
v -3334.629413 33.185167 -278.918882
v -3325.750839 33.185167 -270.040519
v -3321.857090 33.185204 -260.639552
v -3321.857020 33.185198 -248.083575
v -3325.750839 33.185164 -238.682327
v -3334.629413 33.185167 -229.804245
v -3344.030240 33.185195 -225.910285
v -3356.586217 33.185185 -225.910285
v -3365.987184 33.185185 -229.804245
v -3374.865617 33.185149 -238.682327
v -3378.759577 33.185167 -248.083575
v -3378.759366 33.185210 -260.639832
v -3374.865406 33.185234 -270.039957
v -3365.987113 33.185240 -278.918601
v -3356.586217 33.185286 -282.812561
v -3344.030240 33.185185 -282.813123
v -3331.781012 36.279263 -281.593433
v -3331.496811 35.595560 -281.888451
v -3322.659118 35.595560 -273.050829
v -3322.953996 36.279263 -272.766768
v -3317.890429 36.279260 -260.541774
v -3317.480916 35.595560 -260.549641
v -3317.480916 35.595560 -248.050983
v -3317.890429 36.279260 -248.058850
v -3356.488650 36.279263 -286.657070
v -3356.496376 35.595560 -287.066724
v -3343.997788 35.595560 -287.066724
v -3344.005444 36.279263 -286.657070
v -3377.540239 36.279260 -272.766768
v -3377.835116 35.595560 -273.050829
v -3368.997353 35.595560 -281.888451
v -3368.713293 36.279269 -281.593433
v -3382.603805 36.279260 -248.058850
v -3383.013248 35.595560 -248.050983
v -3383.013248 35.595560 -260.549641
v -3382.603805 36.279260 -260.542055
v -3368.713293 36.279263 -227.007191
v -3368.997353 35.595560 -226.712453
v -3377.835116 35.595560 -235.550357
v -3377.540239 36.279263 -235.834417
v -3344.005444 36.279263 -221.943554
v -3343.997788 35.595560 -221.534181
v -3356.496376 35.595560 -221.534181
v -3356.488650 36.279263 -221.943554
v -3322.953996 36.279263 -235.834417
v -3322.659118 35.595560 -235.550357
v -3331.496811 35.595560 -226.712453
v -3331.781012 36.279263 -227.007191
v -3322.659118 31.720390 -235.550357
v -3331.496811 31.720390 -226.712453
v -3343.997788 31.720390 -221.534181
v -3356.496376 31.720390 -221.534181
v -3368.997353 31.720390 -226.712453
v -3377.835116 31.720390 -235.550357
v -3383.013248 31.720390 -248.050983
v -3383.013248 31.720387 -260.549641
v -3377.835116 31.720387 -273.050829
v -3368.997353 31.720390 -281.888451
v -3356.496376 31.720390 -287.066724
v -3343.997788 31.720390 -287.066724
v -3331.496811 31.720390 -281.888451
v -3322.659118 31.720390 -273.050829
v -3317.480916 31.720390 -260.549641
v -3317.480916 31.720390 -248.050983
v -3324.863045 30.438491 -237.067875
v -3333.014399 30.438491 -228.916380
v -3344.544344 30.438491 -224.140456
v -3356.072112 30.438491 -224.140456
v -3367.602128 30.438491 -228.916380
v -3375.753411 30.438491 -237.067875
v -3380.529335 30.438491 -248.597750
v -3380.529335 30.438491 -260.125377
v -3375.753411 30.438491 -271.655252
v -3367.602128 30.438491 -279.806465
v -3356.072112 30.438491 -284.582670
v -3344.544344 30.438491 -284.582670
v -3333.014399 30.438491 -279.806465
v -3324.863045 30.438491 -271.655252
v -3320.087121 30.438491 -260.125377
v -3320.087121 30.438491 -248.597750
v -3334.424376 36.068090 -278.932369
v -3333.726868 37.039519 -279.572980
v -3325.650814 36.076562 -270.159931
v -3325.010976 37.053270 -270.785650
v -3321.658164 36.084847 -260.521263
v -3320.706098 37.042528 -260.488952
v -3321.657812 36.090735 -248.115325
v -3320.755267 37.055879 -248.112796
v -3325.650252 36.094098 -238.475814
v -3324.988077 37.044676 -237.793339
v -3334.422620 36.094141 -229.703657
v -3333.771332 37.056936 -229.074004
v -3344.061919 36.090689 -225.711077
v -3344.058618 37.044771 -224.767581
v -3356.467998 36.084799 -225.711358
v -3356.434774 37.055882 -224.808602
v -3366.106385 36.076592 -229.704500
v -3366.759078 37.042794 -229.036354
v -3374.879174 36.068075 -238.477500
v -3375.483189 37.053285 -237.815254
v -3378.870630 36.059979 -248.114763
v -3379.798533 37.039693 -248.111672
v -3378.870490 36.053927 -260.522668
v -3379.758144 37.050637 -260.488671
v -3374.878823 36.050639 -270.158245
v -3375.525123 37.037472 -270.826110
v -3366.105331 36.050612 -278.932369
v -3366.741939 37.049522 -279.546568
v -3356.469263 36.054009 -282.923544
v -3356.436038 37.037435 -283.860297
v -3344.061568 36.059988 -282.924387
v -3344.059039 37.050615 -283.811689
v -3326.786143 1.760120 -286.034722
v -3318.634859 1.760124 -277.883508
v -3311.279211 1.760120 -260.125377
v -3311.279211 1.760124 -248.597750
v -3318.634859 1.760120 -230.839618
v -3326.786143 1.760124 -222.688123
v -3344.544344 1.760120 -215.332616
v -3356.072112 1.760124 -215.332616
v -3373.830384 1.760120 -222.688123
v -3381.981668 1.760124 -230.839618
v -3389.337386 1.760120 -248.597750
v -3389.337386 1.760124 -260.125377
v -3383.719185 -0.169456 -279.163326
v -3375.110131 -0.169455 -287.772520
v -3356.072112 1.760120 -293.390510
v -3344.544344 1.760124 -293.390791
v -3326.786143 9.800174 -286.034722
v -3318.634859 9.800174 -277.883508
v -3311.279211 9.800174 -260.125377
v -3311.279211 9.800174 -248.597750
v -3318.634859 9.800174 -230.839618
v -3326.786143 9.800174 -222.688123
v -3344.544344 9.800174 -215.332616
v -3356.072112 9.800174 -215.332616
v -3373.830384 9.800174 -222.688123
v -3381.981668 9.800174 -230.839618
v -3389.337386 9.800174 -248.597750
v -3389.337386 9.800174 -260.125377
v -3382.850497 8.835383 -278.523558
v -3374.470223 8.835387 -286.903761
v -3356.072112 9.800174 -293.390510
v -3344.544344 9.800174 -293.390791
v -3326.786143 0.457847 -286.034722
v -3327.434129 -1.108888 -285.065095
v -3319.604696 -1.108888 -277.235592
v -3318.634859 0.457847 -277.883508
v -3356.072112 0.436655 -293.390510
v -3355.936474 -1.158747 -292.260731
v -3344.544344 -1.107600 -292.189365
v -3344.544344 0.474198 -293.390791
v -3383.892965 -0.673105 -279.291448
v -3383.389607 -2.648652 -278.605039
v -3374.551774 -2.648652 -287.442942
v -3375.238253 -0.673109 -287.946159
v -3389.337386 0.474197 -248.597750
v -3388.135959 -1.107600 -248.597750
v -3388.207255 -1.158747 -259.989949
v -3389.337386 0.436604 -260.125377
v -3373.830384 0.457847 -222.688123
v -3373.182327 -1.108888 -223.657750
v -3381.011831 -1.108888 -231.487534
v -3381.981668 0.457847 -230.839618
v -3344.544344 0.457847 -215.332616
v -3344.771860 -1.108888 -216.476444
v -3355.844597 -1.108888 -216.476444
v -3356.072112 0.457847 -215.332616
v -3318.634859 0.457847 -230.839618
v -3319.604696 -1.108888 -231.487534
v -3327.434129 -1.108888 -223.657750
v -3326.786143 0.457847 -222.688123
v -3311.279211 0.457847 -260.125377
v -3312.423109 -1.108888 -259.897791
v -3312.423109 -1.108888 -248.825335
v -3311.279211 0.457847 -248.597750
v -3337.168748 54.346179 -248.918898
v -3344.865633 54.346179 -241.222294
v -3355.750823 54.346179 -241.222294
v -3363.447709 54.346179 -248.918898
v -3363.447709 54.346179 -259.804228
v -3355.750823 54.346179 -267.500833
v -3344.865633 54.346179 -267.500833
v -3337.168748 54.346179 -259.804228
v -3337.168748 57.294681 -248.918898
v -3344.865633 57.294681 -241.222013
v -3355.750823 57.294681 -241.222013
v -3363.447709 57.294681 -248.918898
v -3363.447709 57.294681 -259.804228
v -3355.750823 57.294681 -267.500833
v -3344.865633 57.294681 -267.500833
v -3337.168748 57.294681 -259.804228
v -3337.168818 80.483428 -248.918898
v -3344.865633 80.483428 -241.222013
v -3355.750823 80.483428 -241.222013
v -3363.447709 80.483428 -248.918898
v -3363.447709 80.483428 -259.804228
v -3355.750823 80.483428 -267.500833
v -3344.865633 80.483428 -267.500833
v -3337.168818 80.483428 -259.804228
v -3337.168818 83.431942 -248.918898
v -3344.865633 83.431942 -241.222013
v -3355.750823 83.431942 -241.222013
v -3363.447709 83.431942 -248.918898
v -3363.447709 83.431942 -259.804228
v -3355.750823 83.431942 -267.500833
v -3344.865633 83.431942 -267.500833
v -3337.168818 83.431942 -259.804228
v -3338.708111 93.127210 -247.379746
v -3338.708251 83.431942 -247.379746
v -3338.708251 80.483441 -247.379746
v -3338.708111 57.294681 -247.379746
v -3338.708111 54.346179 -247.379746
v -3338.708111 44.650920 -247.379746
v -3340.247474 93.127210 -245.840312
v -3340.247544 83.431942 -245.840312
v -3340.247544 80.483441 -245.840312
v -3340.247474 57.294681 -245.840312
v -3340.247474 54.346179 -245.840312
v -3340.247474 44.650911 -245.840312
v -3341.786907 93.127210 -244.300879
v -3341.786907 83.431942 -244.300879
v -3341.786907 80.483428 -244.300879
v -3341.786907 57.294681 -244.300879
v -3341.786907 54.346179 -244.300879
v -3341.786907 44.650911 -244.300879
v -3343.326270 93.127210 -242.761446
v -3343.326270 83.431942 -242.761446
v -3343.326270 80.483428 -242.761446
v -3343.326270 57.294681 -242.761446
v -3343.326270 54.346179 -242.761446
v -3343.326270 44.650911 -242.761446
v -3347.042657 93.127210 -241.222013
v -3347.042657 83.431942 -241.222013
v -3347.042657 80.483441 -241.222013
v -3347.042657 57.294681 -241.222013
v -3347.042657 54.346179 -241.222294
v -3347.042657 44.650920 -241.222294
v -3349.219681 93.127210 -241.222013
v -3349.219681 83.431942 -241.222013
v -3349.219681 80.483441 -241.222013
v -3349.219681 57.294681 -241.222013
v -3349.219681 54.346179 -241.222294
v -3349.219681 44.650911 -241.222294
v -3351.396705 93.127210 -241.222013
v -3351.396705 83.431942 -241.222013
v -3351.396705 80.483428 -241.222013
v -3351.396705 57.294681 -241.222013
v -3351.396705 54.346179 -241.222294
v -3351.396705 44.650911 -241.222294
v -3353.573799 93.127210 -241.222013
v -3353.573799 83.431942 -241.222013
v -3353.573799 80.483428 -241.222013
v -3353.573799 57.294681 -241.222013
v -3353.573799 54.346179 -241.222294
v -3353.573799 44.650911 -241.222294
v -3357.290186 93.127210 -242.761446
v -3357.290186 83.431942 -242.761446
v -3357.290186 80.483441 -242.761446
v -3357.290186 57.294681 -242.761446
v -3357.290186 54.346179 -242.761727
v -3357.290186 44.650920 -242.761727
v -3358.829549 93.127210 -244.300879
v -3358.829549 83.431942 -244.300879
v -3358.829549 80.483441 -244.300879
v -3358.829549 57.294681 -244.300879
v -3358.829549 54.346179 -244.300879
v -3358.829549 44.650911 -244.300879
v -3360.368912 93.127210 -245.840312
v -3360.368912 83.431942 -245.840312
v -3360.368912 80.483428 -245.840312
v -3360.368912 57.294681 -245.840312
v -3360.368912 54.346179 -245.840312
v -3360.368912 44.650911 -245.840312
v -3361.908416 93.127210 -247.379746
v -3361.908416 83.431942 -247.379746
v -3361.908416 80.483428 -247.379746
v -3361.908416 57.294681 -247.379746
v -3361.908416 54.346179 -247.379746
v -3361.908416 44.650911 -247.379746
v -3363.447709 93.127210 -251.096133
v -3363.447709 83.431942 -251.096133
v -3363.447709 80.483441 -251.096133
v -3363.447709 57.294681 -251.096133
v -3363.447709 54.346179 -251.096133
v -3363.447709 44.650920 -251.096133
v -3363.447709 93.127210 -253.273086
v -3363.447709 83.431942 -253.273086
v -3363.447709 80.483441 -253.273086
v -3363.447709 57.294681 -253.273086
v -3363.447709 54.346179 -253.273086
v -3363.447709 44.650911 -253.273086
v -3363.447709 93.127210 -255.449759
v -3363.447709 83.431942 -255.449759
v -3363.447709 80.483428 -255.449759
v -3363.447709 57.294681 -255.450040
v -3363.447709 54.346179 -255.450040
v -3363.447709 44.650911 -255.450040
v -3363.447709 93.127210 -257.626994
v -3363.447709 83.431942 -257.626994
v -3363.447709 80.483428 -257.626994
v -3363.447709 57.294681 -257.626994
v -3363.447709 54.346179 -257.626994
v -3363.447709 44.650911 -257.626994
v -3361.908416 93.127210 -261.343662
v -3361.908416 83.431942 -261.343662
v -3361.908416 80.483441 -261.343662
v -3361.908416 57.294681 -261.343662
v -3361.908416 54.346179 -261.343662
v -3361.908416 44.650920 -261.343662
v -3360.368983 93.127210 -262.882814
v -3360.368983 83.431942 -262.882814
v -3360.368983 80.483441 -262.882814
v -3360.368983 57.294681 -262.882814
v -3360.368983 54.346179 -262.882814
v -3360.368983 44.650911 -262.882814
v -3358.829620 93.127210 -264.422247
v -3358.829620 83.431942 -264.422247
v -3358.829620 80.483428 -264.422247
v -3358.829620 57.294681 -264.422247
v -3358.829620 54.346179 -264.422247
v -3358.829620 44.650911 -264.422247
v -3357.290186 93.127210 -265.961681
v -3357.290186 83.431942 -265.961681
v -3357.290186 80.483428 -265.961681
v -3357.290186 57.294681 -265.961681
v -3357.290186 54.346179 -265.961681
v -3357.290186 44.650911 -265.961681
v -3353.573799 93.127210 -267.500833
v -3353.573799 83.431942 -267.500833
v -3353.573799 80.483441 -267.500833
v -3353.573799 57.294681 -267.500833
v -3353.573799 54.346179 -267.500833
v -3353.573799 44.650920 -267.500833
v -3351.396775 93.127210 -267.500833
v -3351.396775 83.431942 -267.500833
v -3351.396775 80.483441 -267.500833
v -3351.396775 57.294681 -267.500833
v -3351.396775 54.346179 -267.500833
v -3351.396775 44.650911 -267.500833
v -3349.219751 93.127210 -267.500833
v -3349.219751 83.431942 -267.500833
v -3349.219751 80.483428 -267.500833
v -3349.219751 57.294681 -267.500833
v -3349.219751 54.346179 -267.500833
v -3349.219751 44.650911 -267.500833
v -3347.042657 93.127210 -267.500833
v -3347.042657 83.431942 -267.500833
v -3347.042657 80.483428 -267.500833
v -3347.042657 57.294681 -267.500833
v -3347.042657 54.346179 -267.500833
v -3347.042657 44.650911 -267.500833
v -3343.326270 93.127210 -265.961681
v -3343.326270 83.431942 -265.961681
v -3343.326270 80.483441 -265.961681
v -3343.326270 57.294681 -265.961681
v -3343.326270 54.346179 -265.961681
v -3343.326270 44.650920 -265.961681
v -3341.786907 93.127210 -264.422247
v -3341.786907 83.431942 -264.422247
v -3341.786907 80.483441 -264.422247
v -3341.786907 57.294681 -264.422247
v -3341.786907 54.346179 -264.422247
v -3341.786907 44.650911 -264.422247
v -3340.247544 93.127210 -262.882533
v -3340.247544 83.431942 -262.882533
v -3340.247544 80.483428 -262.882533
v -3340.247544 57.294681 -262.882814
v -3340.247544 54.346179 -262.882814
v -3340.247544 44.650911 -262.882814
v -3338.708111 93.127210 -261.343381
v -3338.708251 83.431942 -261.343381
v -3338.708251 80.483428 -261.343381
v -3338.708111 57.294681 -261.343662
v -3338.708111 54.346179 -261.343662
v -3338.708111 44.650911 -261.343662
v -3337.168748 93.127210 -257.626994
v -3337.168818 83.431942 -257.626994
v -3337.168818 80.483441 -257.626994
v -3337.168748 57.294681 -257.627275
v -3337.168748 54.346179 -257.627275
v -3337.168748 44.650920 -257.627275
v -3337.168748 93.127210 -255.450321
v -3337.168818 83.431942 -255.450321
v -3337.168818 80.483441 -255.450321
v -3337.168748 57.294681 -255.450321
v -3337.168748 54.346179 -255.450321
v -3337.168748 44.650911 -255.450321
v -3337.168818 93.127210 -253.273086
v -3337.168818 83.431942 -253.273086
v -3337.168818 80.483428 -253.273086
v -3337.168818 57.294681 -253.273086
v -3337.168818 54.346179 -253.273086
v -3337.168818 44.650911 -253.273086
v -3337.168818 93.127210 -251.096133
v -3337.168818 83.431942 -251.096133
v -3337.168818 80.483428 -251.096133
v -3337.168818 57.294681 -251.096133
v -3337.168818 54.346179 -251.096133
v -3337.168818 44.650911 -251.096133
v -3343.158180 79.259050 -245.919827
v -3343.158180 58.519059 -245.919827
v -3341.866492 58.519059 -247.211445
v -3341.866562 79.259056 -247.211445
v -3351.221520 79.259050 -243.336310
v -3351.221520 58.519059 -243.336310
v -3349.394866 58.519059 -243.336310
v -3349.394866 79.259056 -243.336310
v -3358.749894 79.259050 -247.211445
v -3358.749894 58.519059 -247.211445
v -3357.458276 58.519059 -245.919827
v -3357.458276 79.259056 -245.919827
v -3361.333271 79.259050 -255.274715
v -3361.333271 58.519059 -255.274996
v -3361.333271 58.519059 -253.448131
v -3361.333271 79.259056 -253.448131
v -3357.458347 79.259050 -262.803019
v -3357.458347 58.519059 -262.803019
v -3358.749965 58.519059 -261.511682
v -3358.749965 79.259056 -261.511401
v -3349.394936 79.259050 -265.386536
v -3349.394936 58.519059 -265.386536
v -3351.221591 58.519059 -265.386536
v -3351.221591 79.259056 -265.386536
v -3341.866562 79.259050 -261.511401
v -3341.866562 58.519059 -261.511401
v -3343.158180 58.519059 -262.803019
v -3343.158180 79.259056 -262.803019
v -3339.283256 79.259050 -253.448131
v -3339.283256 58.519059 -253.448131
v -3339.283186 58.519059 -255.274996
v -3339.283256 79.259056 -255.274996
v -3336.393061 116.537748 -248.597750
v -3336.393061 116.537748 -248.597750
v -3336.393061 116.537748 -248.597750
v -3336.393061 116.537748 -248.597750
v -3336.393061 116.537748 -248.597750
v -3344.544344 116.537748 -240.446536
v -3344.544344 116.537748 -240.446536
v -3344.544344 116.537748 -240.446536
v -3344.544344 116.537748 -240.446536
v -3344.544344 116.537748 -240.446536
v -3356.072112 116.537748 -240.446536
v -3356.072112 116.537748 -240.446536
v -3356.072112 116.537748 -240.446536
v -3356.072112 116.537748 -240.446536
v -3356.072112 116.537748 -240.446536
v -3364.223396 116.537748 -248.597750
v -3364.223396 116.537748 -248.597750
v -3364.223396 116.537748 -248.597750
v -3364.223396 116.537748 -248.597750
v -3364.223396 116.537748 -248.597750
v -3364.223396 116.537748 -260.125377
v -3364.223396 116.537748 -260.125377
v -3364.223396 116.537748 -260.125377
v -3364.223396 116.537748 -260.125377
v -3364.223396 116.537748 -260.125377
v -3356.072112 116.537748 -268.276871
v -3356.072112 116.537748 -268.276871
v -3356.072112 116.537748 -268.276871
v -3356.072112 116.537748 -268.276871
v -3356.072112 116.537748 -268.276871
v -3344.544344 116.537748 -268.276871
v -3344.544344 116.537748 -268.276871
v -3344.544344 116.537748 -268.276871
v -3344.544344 116.537748 -268.276871
v -3344.544344 116.537748 -268.276871
v -3336.393061 116.537748 -260.125377
v -3336.393061 116.537748 -260.125377
v -3336.393061 116.537748 -260.125377
v -3336.393061 116.537748 -260.125377
v -3336.393061 116.537748 -260.125377
vt 0.278792 0.244648
vt 0.129608 0.220206
vt 0.320825 0.229832
vt 0.319128 0.248345
vt 0.147400 0.215343
vt 0.132309 0.223859
vt 0.138342 0.233313
vt 0.152537 0.225361
vt 0.643126 0.656734
vt 0.617173 0.660791
vt 0.299883 0.288544
vt 0.172473 0.199958
vt 0.331019 0.262637
vt 0.190890 0.199764
vt 0.174159 0.204181
vt 0.177584 0.214868
vt 0.193324 0.210754
vt 0.697467 0.650645
vt 0.671326 0.653175
vt 0.345835 0.304670
vt 0.219026 0.191203
vt 0.349532 0.264333
vt 0.236894 0.195662
vt 0.219590 0.195715
vt 0.220208 0.206920
vt 0.236476 0.206912
vt 0.752069 0.647749
vt 0.725827 0.648744
vt 0.389732 0.283579
vt 0.266279 0.194479
vt 0.363823 0.252442
vt 0.282445 0.203303
vt 0.265688 0.198988
vt 0.263457 0.209986
vt 0.279201 0.214082
vt 0.806749 0.648054
vt 0.780493 0.647511
vt 0.405857 0.237626
vt 0.311180 0.209574
vt 0.365521 0.233929
vt 0.324601 0.222197
vt 0.309469 0.213786
vt 0.304534 0.223865
vt 0.318737 0.231802
vt 0.861317 0.651560
vt 0.835138 0.649481
vt 0.384766 0.193730
vt 0.350840 0.235580
vt 0.353629 0.219638
vt 0.360632 0.251325
vt 0.348122 0.239220
vt 0.340787 0.247690
vt 0.352516 0.259026
vt 0.915622 0.658288
vt 0.889579 0.654647
vt 0.338813 0.177605
vt 0.382396 0.271455
vt 0.335117 0.217941
vt 0.388693 0.289940
vt 0.378918 0.274420
vt 0.369769 0.280604
vt 0.378231 0.295589
vt 0.535650 0.678677
vt 0.943736 0.663261
vt 0.294917 0.198696
vt 0.093315 0.251020
vt 0.109197 0.241560
vt 0.096767 0.253895
vt 0.104881 0.261375
vt 0.116713 0.249866
vt 0.589188 0.666024
vt 0.563383 0.671805
vt 0.340291 0.239860
vt 0.390943 0.250315
vt 0.849519 0.612124
vt 0.780483 0.598429
vt 0.444614 0.274445
vt 0.454970 0.289904
vt 0.913882 0.653866
vt 0.898151 0.632986
vt 0.438967 0.313117
vt 0.413345 0.323859
vt 0.866007 0.689485
vt 0.900821 0.674530
vt 0.352037 0.335156
vt 0.308831 0.337537
vt 0.750081 0.703123
vt 0.810724 0.699758
vt 0.233089 0.334044
vt 0.190105 0.327582
vt 0.621116 0.690842
vt 0.681123 0.699932
vt 0.130499 0.310022
vt 0.107496 0.296295
vt 0.537302 0.656135
vt 0.567912 0.675004
vt 0.100000 0.270586
vt 0.117782 0.255916
vt 0.557758 0.614051
vt 0.532116 0.633559
vt 0.184654 0.237961
vt 0.240678 0.233784
vt 0.693058 0.593273
vt 0.617392 0.598703
vt 0.228576 0.233684
vt 0.205718 0.249832
vt 0.227027 0.267139
vt 0.276444 0.276135
vt 0.330803 0.269687
vt 0.359256 0.254075
vt 0.337589 0.240323
vt 0.284892 0.229475
vt 0.930141 0.713811
vt 0.880750 0.706647
vt 0.829361 0.701912
vt 0.777797 0.700191
vt 0.726220 0.701491
vt 0.674807 0.705809
vt 0.728239 0.739747
vt 0.791554 0.748523
vt 0.380207 0.076237
vt 0.287918 0.063775
vt 0.810940 0.763231
vt 0.408468 0.097122
vt 0.779704 0.774873
vt 0.362948 0.113653
vt 0.718443 0.777633
vt 0.273670 0.117571
vt 0.658920 0.770300
vt 0.186913 0.107159
vt 0.633311 0.756231
vt 0.149574 0.087183
vt 0.660745 0.743149
vt 0.189548 0.068607
vt 0.651511 0.771009
vt 0.760546 0.816327
vt 0.606458 0.661864
vt 0.651781 0.552835
vt 0.760918 0.507780
vt 0.869952 0.553098
vt 0.915006 0.662243
vt 0.869684 0.771272
vt 0.697990 0.723764
vt 0.760002 0.750054
vt 0.760194 0.769155
vt 0.684620 0.737405
vt 0.672731 0.661326
vt 0.653630 0.661516
vt 0.699026 0.599316
vt 0.685385 0.585944
vt 0.761463 0.574054
vt 0.761271 0.554953
vt 0.823474 0.600344
vt 0.836844 0.586703
vt 0.848733 0.662783
vt 0.867833 0.662592
vt 0.822439 0.724793
vt 0.836080 0.738164
vt 0.179715 0.451435
vt 0.280575 0.450318
vt 0.139119 0.455727
vt 0.177802 0.460333
vt 0.266803 0.462730
vt 0.358129 0.461828
vt 0.404582 0.458020
vt 0.375418 0.453199
vt 0.760353 0.790142
vt 0.669892 0.752358
vt 0.632643 0.661673
vt 0.670432 0.571216
vt 0.761111 0.533966
vt 0.851572 0.571751
vt 0.888821 0.662435
vt 0.851033 0.752892
vt 0.646300 0.679977
vt 0.645798 0.676567
vt 0.673492 0.673064
vt 0.673894 0.676488
vt 0.621109 0.683911
vt 0.620507 0.680517
vt 0.593786 0.688999
vt 0.593075 0.685631
vt 0.568972 0.694391
vt 0.568080 0.691084
vt 0.542789 0.701705
vt 0.964900 0.688457
vt 0.699273 0.674034
vt 0.698972 0.670601
vt 0.726824 0.668725
vt 0.727025 0.672167
vt 0.752504 0.671203
vt 0.752405 0.667759
vt 0.780318 0.667516
vt 0.780317 0.670964
vt 0.805810 0.671493
vt 0.805912 0.668049
vt 0.833792 0.669441
vt 0.833589 0.672883
vt 0.859006 0.674904
vt 0.859311 0.671471
vt 0.887060 0.674491
vt 0.886655 0.677914
vt 0.911903 0.681398
vt 0.912415 0.677994
vt 0.939969 0.682621
vt 0.939218 0.685977
vt 0.590469 0.672827
vt 0.590042 0.670686
vt 0.617995 0.665465
vt 0.618376 0.667619
vt 0.564888 0.678498
vt 0.564407 0.676390
vt 0.536086 0.685829
vt 0.969902 0.673598
vt 0.942583 0.670056
vt 0.942958 0.667933
vt 0.914453 0.665113
vt 0.914804 0.662960
vt 0.888753 0.661531
vt 0.889012 0.659359
vt 0.860563 0.658453
vt 0.860780 0.656277
vt 0.834719 0.656402
vt 0.834849 0.654219
vt 0.806400 0.654979
vt 0.806489 0.652794
vt 0.780480 0.654445
vt 0.780482 0.652258
vt 0.752127 0.654683
vt 0.752087 0.652496
vt 0.726220 0.655667
vt 0.726094 0.653483
vt 0.697929 0.657564
vt 0.697762 0.655384
vt 0.672125 0.660064
vt 0.671871 0.657891
vt 0.643993 0.663614
vt 0.643698 0.661447
vt 0.289053 0.063947
vt 0.395903 0.078375
vt 0.395787 0.088335
vt 0.288859 0.074194
vt 0.174830 0.069555
vt 0.174559 0.079691
vt 0.129335 0.090952
vt 0.129046 0.100662
vt 0.173122 0.113675
vt 0.172875 0.122932
vt 0.272629 0.125404
vt 0.272449 0.134425
vt 0.374775 0.120999
vt 0.374656 0.130109
vt 0.427637 0.102295
vt 0.427548 0.111779
vt 0.379957 0.095850
vt 0.361846 0.093504
vt 0.343550 0.091133
vt 0.325067 0.088738
vt 0.306398 0.086319
vt 0.287536 0.083875
vt 0.267683 0.084810
vt 0.247907 0.085743
vt 0.228207 0.086672
vt 0.208584 0.087597
vt 0.189036 0.088518
vt 0.180787 0.092199
vt 0.172665 0.095823
vt 0.164665 0.099393
vt 0.156787 0.102907
vt 0.149030 0.106369
vt 0.156772 0.110342
vt 0.164380 0.114246
vt 0.171859 0.118083
vt 0.179210 0.121855
vt 0.186438 0.125563
vt 0.204137 0.127601
vt 0.221671 0.129620
vt 0.239044 0.131621
vt 0.256258 0.133603
vt 0.273312 0.135567
vt 0.291064 0.134819
vt 0.308878 0.134069
vt 0.326754 0.133316
vt 0.344694 0.132561
vt 0.362697 0.131803
vt 0.371552 0.128717
vt 0.380531 0.125587
vt 0.389642 0.122412
vt 0.398886 0.119189
vt 0.408266 0.115920
vt 0.402800 0.112045
vt 0.397240 0.108103
vt 0.391581 0.104091
vt 0.385821 0.100007
vt 0.282759 0.396549
vt 0.392143 0.401464
vt 0.392022 0.411867
vt 0.282556 0.407266
vt 0.166053 0.398460
vt 0.165770 0.409055
vt 0.119973 0.405743
vt 0.119671 0.415873
vt 0.165110 0.413461
vt 0.164853 0.423098
vt 0.266802 0.417439
vt 0.266615 0.426821
vt 0.370929 0.415946
vt 0.370806 0.425424
vt 0.424730 0.409598
vt 0.424636 0.419481
vt 0.375883 0.416410
vt 0.281292 0.412571
vt 0.180675 0.414060
vt 0.140137 0.419779
vt 0.178688 0.425917
vt 0.267472 0.429111
vt 0.358598 0.427909
vt 0.404960 0.422834
vt 0.140634 0.402271
vt 0.148485 0.401029
vt 0.156458 0.399767
vt 0.164558 0.398485
vt 0.172784 0.397183
vt 0.181142 0.395861
vt 0.179121 0.409152
vt 0.171690 0.407824
vt 0.164129 0.406472
vt 0.156435 0.405096
vt 0.148605 0.403696
vt 0.267798 0.412734
vt 0.250395 0.412031
vt 0.232827 0.411322
vt 0.215094 0.410605
vt 0.197193 0.409882
vt 0.358827 0.411387
vt 0.340489 0.411658
vt 0.322218 0.411929
vt 0.304013 0.412198
vt 0.285874 0.412467
vt 0.405146 0.405697
vt 0.395605 0.406868
vt 0.386206 0.408023
vt 0.376945 0.409161
vt 0.367821 0.410282
vt 0.376113 0.398495
vt 0.382130 0.399988
vt 0.388040 0.401453
vt 0.393843 0.402893
vt 0.399544 0.404307
vt 0.281641 0.394192
vt 0.300928 0.395070
vt 0.320015 0.395940
vt 0.338908 0.396800
vt 0.357606 0.397652
vt 0.201083 0.395530
vt 0.221103 0.395197
vt 0.241202 0.394863
vt 0.261380 0.394528
vt 0.179212 0.152201
vt 0.187484 0.148977
vt 0.155164 0.168093
vt 0.147377 0.164614
vt 0.202769 0.183206
vt 0.184997 0.181422
vt 0.290041 0.189526
vt 0.272225 0.190180
vt 0.370817 0.184183
vt 0.361935 0.186885
vt 0.402159 0.169585
vt 0.407651 0.172978
vt 0.361012 0.153344
vt 0.379201 0.155400
vt 0.266444 0.145728
vt 0.286377 0.144908
vt 0.148848 0.218304
vt 0.134129 0.226600
vt 0.111344 0.244043
vt 0.099164 0.256081
vt 0.385809 0.291842
vt 0.376302 0.276353
vt 0.358218 0.253549
vt 0.346019 0.241747
vt 0.322832 0.224977
vt 0.308077 0.216769
vt 0.281435 0.206441
vt 0.265094 0.202225
vt 0.236709 0.198953
vt 0.219832 0.198998
vt 0.191542 0.202995
vt 0.175221 0.207297
vt 0.150294 0.221275
vt 0.135965 0.229333
vt 0.113496 0.246528
vt 0.101589 0.258218
vt 0.382834 0.293687
vt 0.373667 0.278246
vt 0.355791 0.255759
vt 0.343926 0.244284
vt 0.321052 0.227759
vt 0.306699 0.219762
vt 0.280418 0.209584
vt 0.264515 0.205469
vt 0.236518 0.202252
vt 0.220091 0.202283
vt 0.192189 0.206235
vt 0.176301 0.210410
vt 0.770291 0.690517
vt 0.845863 0.702659
vt 0.698809 0.687094
vt 0.616275 0.691898
vt 0.567369 0.702109
vt 0.538947 0.719480
vt 0.542945 0.734606
vt 0.576254 0.751573
vt 0.619979 0.762260
vt 0.686123 0.770490
vt 0.743049 0.772651
vt 0.809958 0.769600
vt 0.855435 0.762653
vt 0.893420 0.749154
vt 0.903814 0.735260
vt 0.886001 0.716580
vt 0.858529 0.710586
vt 0.860030 0.706954
vt 0.912991 0.725352
vt 0.910384 0.728405
vt 0.782539 0.698563
vt 0.783894 0.694785
vt 0.687905 0.694115
vt 0.686985 0.690185
vt 0.604393 0.698899
vt 0.603250 0.695030
vt 0.540501 0.712088
vt 0.537907 0.708661
vt 0.926969 0.746478
vt 0.929468 0.743600
vt 0.914435 0.761498
vt 0.912379 0.763855
vt 0.874124 0.776616
vt 0.876095 0.774353
vt 0.815906 0.783135
vt 0.815219 0.785158
vt 0.749477 0.788009
vt 0.750185 0.786004
vt 0.675460 0.783283
vt 0.676287 0.785362
vt 0.610994 0.777644
vt 0.610164 0.775515
vt 0.551730 0.761906
vt 0.553851 0.764418
vt 0.519692 0.748219
vt 0.517444 0.745573
vt 0.510612 0.725855
vt 0.513141 0.729097
vt 0.848988 0.687489
vt 0.779397 0.675858
vt 0.913842 0.722912
vt 0.897995 0.705199
vt 0.865666 0.753102
vt 0.900697 0.740430
vt 0.749041 0.764652
vt 0.810050 0.761802
vt 0.619228 0.754251
vt 0.679649 0.761949
vt 0.534673 0.724836
vt 0.565600 0.740831
vt 0.555027 0.689126
vt 0.529313 0.705685
vt 0.691273 0.671477
vt 0.615038 0.676091
vt 0.511280 0.709418
vt 0.538559 0.691482
vt 0.518065 0.729991
vt 0.552272 0.747035
vt 0.610601 0.761237
vt 0.675796 0.769345
vt 0.750417 0.772185
vt 0.816049 0.769191
vt 0.876157 0.760024
vt 0.914443 0.746608
vt 0.929452 0.727932
vt 0.913002 0.708893
vt 0.860132 0.689701
vt 0.784134 0.677009
vt 0.687402 0.672212
vt 0.603810 0.677264
vt 0.845504 0.714964
vt 0.848472 0.717883
vt 0.892330 0.732680
vt 0.886712 0.728765
vt 0.770680 0.703362
vt 0.773450 0.706452
vt 0.697240 0.699994
vt 0.694566 0.702707
vt 0.615528 0.704625
vt 0.612839 0.707436
vt 0.565325 0.714792
vt 0.558916 0.718136
vt 0.537275 0.731430
vt 0.531426 0.734719
vt 0.541450 0.746441
vt 0.535881 0.750566
vt 0.574481 0.762649
vt 0.569305 0.766592
vt 0.619396 0.773224
vt 0.617211 0.777751
vt 0.684827 0.781060
vt 0.682464 0.785471
vt 0.743230 0.783175
vt 0.744797 0.787728
vt 0.809386 0.780235
vt 0.810543 0.784866
vt 0.856041 0.773329
vt 0.860627 0.777597
vt 0.893628 0.760414
vt 0.898019 0.764924
vt 0.904309 0.746630
vt 0.909927 0.750288
vt 0.347866 0.196891
vt 0.403867 0.209721
vt 0.403755 0.238265
vt 0.347541 0.226229
vt 0.236927 0.189399
vt 0.236177 0.219200
vt 0.174577 0.194552
vt 0.173603 0.224035
vt 0.100966 0.216565
vt 0.099777 0.244684
vt 0.082039 0.234388
vt 0.080835 0.261397
vt 0.091602 0.265278
vt 0.090518 0.290351
vt 0.117396 0.281595
vt 0.116438 0.305639
vt 0.182905 0.302288
vt 0.182188 0.325022
vt 0.229686 0.309854
vt 0.229114 0.332107
vt 0.311802 0.313932
vt 0.311463 0.335926
vt 0.358676 0.311153
vt 0.358464 0.333323
vt 0.432756 0.294244
vt 0.429182 0.319014
vt 0.462899 0.280785
vt 0.458537 0.306774
vt 0.472735 0.257640
vt 0.472856 0.283193
vt 0.462169 0.239053
vt 0.462261 0.265770
vt 0.403885 0.205117
vt 0.399543 0.201274
vt 0.456054 0.230008
vt 0.462154 0.234797
vt 0.347918 0.192159
vt 0.345973 0.188791
vt 0.237048 0.184593
vt 0.238372 0.181396
vt 0.472715 0.253449
vt 0.467099 0.248568
vt 0.460923 0.272837
vt 0.463781 0.279427
vt 0.433466 0.292999
vt 0.430059 0.286953
vt 0.356899 0.301841
vt 0.358710 0.307515
vt 0.311856 0.310426
vt 0.310364 0.304729
vt 0.230956 0.300633
vt 0.229778 0.306261
vt 0.183021 0.298618
vt 0.185960 0.293151
vt 0.122139 0.272397
vt 0.117551 0.277714
vt 0.091776 0.261232
vt 0.097593 0.256346
vt 0.088758 0.225574
vt 0.082233 0.230031
vt 0.101158 0.212029
vt 0.107128 0.208174
vt 0.178847 0.186400
vt 0.174735 0.189797
vt 0.178731 0.170546
vt 0.187009 0.167462
vt 0.154672 0.185746
vt 0.146871 0.182418
vt 0.202350 0.200200
vt 0.184555 0.198494
vt 0.289729 0.206243
vt 0.271893 0.206869
vt 0.370592 0.201134
vt 0.361702 0.203718
vt 0.401963 0.187173
vt 0.407464 0.190418
vt 0.360757 0.171639
vt 0.378970 0.173606
vt 0.266065 0.164354
vt 0.286022 0.163570
vt 0.174903 0.316425
vt 0.183233 0.314468
vt 0.150766 0.326062
vt 0.142856 0.323953
vt 0.199029 0.335221
vt 0.181056 0.334140
vt 0.287246 0.339048
vt 0.269256 0.339444
vt 0.368807 0.335812
vt 0.359850 0.337448
vt 0.400406 0.326967
vt 0.405971 0.329023
vt 0.358728 0.317118
vt 0.377131 0.318365
vt 0.263050 0.312496
vt 0.283203 0.311998
vt 0.174411 0.335180
vt 0.182748 0.333369
vt 0.150264 0.344095
vt 0.142340 0.342144
vt 0.198603 0.352565
vt 0.180606 0.351566
vt 0.286927 0.356105
vt 0.268917 0.356471
vt 0.368578 0.353113
vt 0.359613 0.354626
vt 0.400206 0.344931
vt 0.405780 0.346833
vt 0.358467 0.335821
vt 0.376894 0.336975
vt 0.262662 0.331546
vt 0.282840 0.331085
vt 0.166206 0.336961
vt 0.166705 0.318351
vt 0.170582 0.173583
vt 0.171070 0.155376
vt 0.158126 0.338716
vt 0.158631 0.320247
vt 0.178107 0.313654
vt 0.181438 0.185686
vt 0.188259 0.183248
vt 0.184966 0.312030
vt 0.162556 0.176574
vt 0.163050 0.158503
vt 0.150172 0.340443
vt 0.150683 0.322114
vt 0.154654 0.179518
vt 0.155153 0.161582
vt 0.158049 0.346011
vt 0.158537 0.328135
vt 0.162337 0.189016
vt 0.162816 0.171512
vt 0.165698 0.347895
vt 0.166173 0.330171
vt 0.183777 0.322225
vt 0.186948 0.198550
vt 0.180741 0.195896
vt 0.177495 0.320457
vt 0.169870 0.192230
vt 0.170337 0.174872
vt 0.173217 0.349746
vt 0.173679 0.332173
vt 0.177275 0.195388
vt 0.177729 0.178175
vt 0.216430 0.353556
vt 0.216834 0.336291
vt 0.219979 0.201891
vt 0.220376 0.184974
vt 0.234089 0.354537
vt 0.234471 0.337352
vt 0.241024 0.328499
vt 0.243652 0.207973
vt 0.228917 0.206575
vt 0.226159 0.327569
vt 0.237444 0.203566
vt 0.237820 0.186726
vt 0.251585 0.355508
vt 0.251945 0.338403
vt 0.254749 0.205225
vt 0.255103 0.188461
vt 0.305001 0.355737
vt 0.305300 0.338650
vt 0.307627 0.205615
vt 0.307920 0.188869
vt 0.323138 0.355368
vt 0.323417 0.338251
vt 0.316200 0.329289
vt 0.318216 0.209160
vt 0.303025 0.209687
vt 0.300889 0.329640
vt 0.325588 0.204985
vt 0.325861 0.188210
vt 0.341342 0.354997
vt 0.341601 0.337850
vt 0.343613 0.204353
vt 0.343866 0.187549
vt 0.377673 0.351577
vt 0.377893 0.334152
vt 0.379609 0.198514
vt 0.379825 0.181443
vt 0.386904 0.350019
vt 0.387115 0.332468
vt 0.369682 0.324225
vt 0.371301 0.201554
vt 0.363688 0.203763
vt 0.362015 0.325696
vt 0.388759 0.195855
vt 0.388966 0.178663
vt 0.396271 0.348438
vt 0.396473 0.330758
vt 0.398043 0.193156
vt 0.398240 0.175841
vt 0.394533 0.342995
vt 0.394742 0.324874
vt 0.396367 0.183871
vt 0.396571 0.166132
vt 0.388759 0.341024
vt 0.388977 0.322743
vt 0.370625 0.315799
vt 0.372293 0.188904
vt 0.377205 0.191660
vt 0.375591 0.317635
vt 0.390671 0.180510
vt 0.390884 0.162618
vt 0.382880 0.339018
vt 0.383107 0.320574
vt 0.384872 0.177089
vt 0.385094 0.159041
vt 0.339851 0.334655
vt 0.340137 0.315858
vt 0.342358 0.169653
vt 0.342637 0.151267
vt 0.321042 0.333477
vt 0.321352 0.314584
vt 0.313851 0.308816
vt 0.316061 0.178426
vt 0.331586 0.180053
vt 0.329521 0.309900
vt 0.323770 0.167646
vt 0.324073 0.149169
vt 0.302040 0.332288
vt 0.302376 0.313298
vt 0.304993 0.165618
vt 0.305322 0.147049
vt 0.242566 0.332004
vt 0.242978 0.312992
vt 0.246185 0.165136
vt 0.246588 0.146545
vt 0.222548 0.332461
vt 0.222984 0.313486
vt 0.232052 0.307881
vt 0.234987 0.177024
vt 0.251475 0.176395
vt 0.248681 0.307462
vt 0.226382 0.165914
vt 0.226810 0.147359
vt 0.202608 0.332916
vt 0.203070 0.313978
vt 0.206657 0.166689
vt 0.207108 0.148169
vt 0.294810 0.238175
vt 0.276181 0.231204
vt 0.327740 0.259011
vt 0.311484 0.247595
vt 0.353903 0.287069
vt 0.341431 0.272170
vt 0.116430 0.274120
vt 0.105630 0.289101
vt 0.145489 0.249069
vt 0.129890 0.261237
vt 0.180488 0.231924
vt 0.162226 0.239800
vt 0.218714 0.224157
vt 0.199051 0.227170
vt 0.257661 0.226288
vt 0.237874 0.224241
vt 0.597564 0.829472
vt 0.428771 0.828613
vt 0.641891 0.830834
vt 0.558241 0.831847
vt 0.405055 0.832080
vt 0.253922 0.831456
vt 0.180874 0.830198
vt 0.246720 0.828950
vt 0.813685 0.715943
vt 0.760069 0.737608
vt 0.836285 0.662714
vt 0.814625 0.609098
vt 0.761395 0.586501
vt 0.707779 0.608165
vt 0.685179 0.661395
vt 0.706839 0.715011
vt 0.189881 0.055565
vt 0.149931 0.074615
vt 0.187224 0.095102
vt 0.273903 0.105781
vt 0.363113 0.101763
vt 0.408601 0.084809
vt 0.380370 0.063390
vt 0.288168 0.050610
vt 0.244460 0.333404
vt 0.299517 0.335953
vt 0.154072 0.313502
vt 0.196550 0.326147
vt 0.125493 0.280412
vt 0.129632 0.298437
vt 0.193577 0.252583
vt 0.145965 0.264837
vt 0.323791 0.252364
vt 0.253989 0.248247
vt 0.417738 0.279954
vt 0.378910 0.263298
vt 0.419869 0.313123
vt 0.430298 0.296625
vt 0.347935 0.333266
vt 0.392074 0.325064
vt 0.106490 0.237903
vt 0.280489 0.226134
vt 0.392306 0.286677
vt 0.309209 0.186804
vt 0.364181 0.248489
vt 0.357327 0.179302
vt 0.327320 0.218538
vt 0.396658 0.208022
vt 0.284151 0.199074
vt 0.404159 0.256141
vt 0.237478 0.191139
vt 0.375439 0.295470
vt 0.190314 0.195240
vt 0.327321 0.302973
vt 0.145700 0.211112
vt 0.287991 0.274253
vt 0.958495 0.720718
vt 0.601990 0.717137
vt 0.612270 0.712166
vt 0.315499 0.833507
vt 0.315499 0.833507
vt 0.623736 0.713128
vt 0.315499 0.833507
vt 0.663414 0.704181
vt 0.272553 0.834080
vt 0.272553 0.834080
vt 0.652777 0.708565
vt 0.272553 0.834080
vt 0.714942 0.699199
vt 0.314174 0.834691
vt 0.314174 0.834691
vt 0.704067 0.702953
vt 0.314174 0.834691
vt 0.766672 0.697242
vt 0.408862 0.835008
vt 0.408862 0.835008
vt 0.755597 0.700353
vt 0.408862 0.835008
vt 0.818429 0.698317
vt 0.505856 0.834889
vt 0.505856 0.834889
vt 0.807190 0.700774
vt 0.505856 0.834889
vt 0.870036 0.702419
vt 0.555465 0.834385
vt 0.555465 0.834385
vt 0.858670 0.704215
vt 0.555465 0.834385
vt 0.921220 0.709485
vt 0.524648 0.833743
vt 0.524648 0.833743
vt 0.909872 0.710643
vt 0.524648 0.833743
vt 0.563161 0.723174
vt 0.423316 0.833357
vt 0.423316 0.833357
vt 0.573305 0.723412
vt 0.423316 0.833357
vt 0.428771 0.828613
vt 0.597564 0.829472
vt 0.641891 0.830834
vt 0.558241 0.831847
vt 0.405055 0.832080
vt 0.253922 0.831456
vt 0.180874 0.830198
vt 0.246720 0.828950
vt 0.083343 0.282040
vt 0.087749 0.284172
vt 0.080674 0.279909
vt 0.078058 0.277756
vt 0.361622 0.302067
vt 0.075156 0.274010
vt 0.541124 0.698553
vt 0.969649 0.675847
vt 0.969869 0.668600
vt 0.535741 0.683593
vt 0.963388 0.691724
vn 0.012145 0.999790 0.016487
vn 0.016487 0.999790 0.012145
vn 0.007420 0.999968 0.003073
vn 0.003073 0.999968 0.007420
vn 0.537869 0.780509 0.318597
vn 0.318593 0.780517 0.537858
vn 0.469091 0.414074 0.780062
vn 0.780067 0.414061 0.469093
vn 0.179894 -0.976647 0.117471
vn 0.117471 -0.976647 0.179893
vn 0.111274 -0.976326 0.185488
vn 0.185488 -0.976326 0.111276
vn -0.003071 0.999790 0.020246
vn 0.003071 0.999790 0.020246
vn -0.003073 0.999968 0.007420
vn 0.155046 0.780520 0.605598
vn -0.155047 0.780520 0.605599
vn -0.219888 0.414078 0.883283
vn 0.219888 0.414078 0.883283
vn 0.044138 -0.976647 0.210267
vn -0.044138 -0.976647 0.210268
vn -0.052475 -0.976326 0.209843
vn 0.052476 -0.976326 0.209842
vn -0.016487 0.999790 0.012145
vn -0.012145 0.999790 0.016487
vn -0.007420 0.999968 0.003073
vn -0.318595 0.780516 0.537859
vn -0.537878 0.780498 0.318605
vn -0.780071 0.414053 0.469094
vn -0.469088 0.414076 0.780062
vn -0.117471 -0.976647 0.179894
vn -0.179893 -0.976647 0.117470
vn -0.185487 -0.976326 0.111274
vn -0.111274 -0.976326 0.185489
vn -0.020246 0.999790 -0.003071
vn -0.020246 0.999790 0.003071
vn -0.007420 0.999968 -0.003074
vn -0.605628 0.780495 0.155055
vn -0.605624 0.780499 -0.155050
vn -0.883292 0.414056 -0.219892
vn -0.883297 0.414049 0.219885
vn -0.210266 -0.976647 0.044138
vn -0.210265 -0.976647 -0.044138
vn -0.209840 -0.976326 -0.052475
vn -0.209841 -0.976326 0.052475
vn -0.012145 0.999790 -0.016487
vn -0.016487 0.999790 -0.012145
vn -0.003073 0.999968 -0.007420
vn -0.537878 0.780497 -0.318609
vn -0.318610 0.780491 -0.537886
vn -0.469099 0.414048 -0.780070
vn -0.780067 0.414055 -0.469100
vn -0.179891 -0.976647 -0.117470
vn -0.117470 -0.976647 -0.179891
vn -0.111274 -0.976326 -0.185485
vn -0.185485 -0.976326 -0.111275
vn 0.003071 0.999790 -0.020246
vn -0.003071 0.999790 -0.020246
vn 0.003074 0.999968 -0.007420
vn -0.155056 0.780488 -0.605637
vn 0.155056 0.780488 -0.605637
vn 0.219895 0.414027 -0.883305
vn -0.219894 0.414036 -0.883301
vn -0.044138 -0.976648 -0.210263
vn 0.044138 -0.976648 -0.210262
vn 0.052475 -0.976327 -0.209836
vn -0.052475 -0.976327 -0.209838
vn 0.016487 0.999790 -0.012144
vn 0.012145 0.999790 -0.016487
vn 0.007420 0.999968 -0.003074
vn 0.318609 0.780492 -0.537885
vn 0.537874 0.780503 -0.318601
vn 0.780064 0.414062 -0.469098
vn 0.469103 0.414035 -0.780075
vn 0.117469 -0.976647 -0.179890
vn 0.179892 -0.976647 -0.117472
vn 0.185486 -0.976326 -0.111277
vn 0.111274 -0.976327 -0.185484
vn 0.020246 0.999790 0.003071
vn 0.020246 0.999790 -0.003070
vn 0.605610 0.780511 -0.155048
vn 0.605609 0.780511 0.155050
vn 0.883290 0.414063 0.219887
vn 0.883285 0.414071 -0.219894
vn 0.210268 -0.976647 -0.044139
vn 0.210269 -0.976647 0.044139
vn 0.209844 -0.976326 0.052476
vn 0.209843 -0.976326 -0.052477
vn 0.219684 0.963866 -0.150666
vn 0.150662 0.963867 -0.219686
vn 0.137162 0.962144 -0.235512
vn 0.235517 0.962143 -0.137161
vn 0.048809 0.963867 -0.261875
vn -0.048809 0.963867 -0.261875
vn -0.069552 0.962144 -0.263518
vn 0.069553 0.962144 -0.263519
vn -0.150661 0.963867 -0.219684
vn -0.219683 0.963867 -0.150664
vn -0.235515 0.962143 -0.137160
vn -0.137162 0.962144 -0.235511
vn -0.261885 0.963864 -0.048807
vn -0.261884 0.963865 0.048807
vn -0.263526 0.962142 0.069549
vn -0.263528 0.962141 -0.069549
vn -0.219687 0.963866 0.150665
vn -0.150667 0.963865 0.219689
vn -0.137163 0.962141 0.235521
vn -0.235517 0.962143 0.137160
vn -0.048808 0.963863 0.261889
vn 0.048807 0.963863 0.261890
vn 0.069551 0.962139 0.263534
vn -0.069550 0.962140 0.263533
vn 0.150670 0.963864 0.219693
vn 0.219690 0.963865 0.150668
vn 0.235521 0.962141 0.137163
vn 0.137165 0.962140 0.235525
vn 0.261885 0.963864 0.048808
vn 0.261886 0.963864 -0.048808
vn 0.263529 0.962141 -0.069550
vn 0.263528 0.962141 0.069550
vn 0.011832 -0.999796 0.016354
vn 0.016354 -0.999796 0.011832
vn 0.022746 -0.999671 0.011830
vn 0.022823 -0.999370 0.027167
vn 0.017711 -0.999143 0.037416
vn 0.037416 -0.999143 0.017711
vn 0.027167 -0.999370 0.022823
vn 0.011831 -0.999671 0.022746
vn 0.000000 1.000000 0.000000
vn 0.000000 1.000000 0.000000
vn 0.000000 1.000000 0.000000
vn 0.000000 1.000000 0.000000
vn 0.000000 1.000000 0.000000
vn 0.000000 1.000000 0.000000
vn 0.000000 1.000000 0.000000
vn 0.000000 1.000000 0.000000
vn 0.707090 0.000000 -0.707123
vn 0.707090 0.000000 -0.707123
vn 0.537776 -0.649285 -0.537797
vn 0.537782 -0.649276 -0.537802
vn 0.000000 0.000000 -1.000000
vn 0.000000 0.000000 -1.000000
vn 0.000000 -0.649310 -0.760524
vn 0.000000 -0.649306 -0.760527
vn -0.707090 0.000000 -0.707123
vn -0.707090 0.000000 -0.707123
vn -0.537776 -0.649284 -0.537798
vn -0.537774 -0.649288 -0.537795
vn -1.000000 0.000000 0.000000
vn -1.000000 0.000000 0.000000
vn -0.760561 -0.649266 0.000000
vn -0.760548 -0.649281 0.000000
vn -0.707095 0.000000 0.707118
vn -0.707095 0.000000 0.707118
vn -0.537784 -0.649279 0.537797
vn -0.537778 -0.649289 0.537790
vn 0.000000 0.000000 1.000000
vn 0.000000 0.000000 1.000000
vn 0.000000 -0.649307 0.760526
vn 0.000000 -0.649311 0.760523
vn 0.707095 0.000000 0.707118
vn 0.707095 0.000000 0.707118
vn 0.537788 -0.649272 0.537801
vn 0.537791 -0.649266 0.537804
vn 1.000000 0.000000 0.000000
vn 1.000000 0.000000 0.000000
vn 0.760555 -0.649273 0.000000
vn 0.760568 -0.649258 0.000000
vn 0.794151 0.607720 0.000000
vn 0.794162 0.607706 0.000000
vn 0.067337 0.997730 0.000000
vn 0.067337 0.997730 0.000000
vn 0.561554 0.607713 0.561553
vn 0.561551 0.607719 0.561550
vn 0.047613 0.997730 0.047613
vn 0.047613 0.997730 0.047613
vn 0.000000 0.607756 0.794124
vn 0.000000 0.607752 0.794127
vn 0.000000 0.997730 0.067335
vn 0.000000 0.997730 0.067334
vn -0.561554 0.607710 0.561557
vn -0.561558 0.607702 0.561562
vn -0.047613 0.997730 0.047615
vn -0.047613 0.997730 0.047615
vn -0.794162 0.607706 0.000000
vn -0.794151 0.607720 0.000000
vn -0.067336 0.997730 0.000000
vn -0.067336 0.997730 0.000000
vn -0.561558 0.607712 -0.561551
vn -0.561549 0.607727 -0.561543
vn -0.047614 0.997730 -0.047614
vn -0.047614 0.997730 -0.047614
vn 0.000000 0.607725 -0.794148
vn 0.000000 0.607729 -0.794145
vn 0.000000 0.997730 -0.067337
vn 0.000000 0.997730 -0.067337
vn 0.561551 0.607728 -0.561540
vn 0.561558 0.607715 -0.561547
vn 0.047615 0.997730 -0.047614
vn 0.047615 0.997730 -0.047614
vn 0.865952 -0.500126 0.000000
vn 0.865952 -0.500126 0.000000
vn 0.887992 -0.459858 0.000000
vn 0.887992 -0.459858 0.000000
vn 0.612328 -0.500114 0.612324
vn 0.612328 -0.500112 0.612325
vn 0.627908 -0.459859 0.627902
vn 0.627908 -0.459860 0.627902
vn 0.000000 -0.500139 0.865945
vn 0.000000 -0.500139 0.865945
vn 0.000000 -0.459872 0.887985
vn 0.000000 -0.459872 0.887985
vn -0.612323 -0.500115 0.612328
vn -0.612321 -0.500120 0.612326
vn -0.627905 -0.459856 0.627907
vn -0.627905 -0.459856 0.627907
vn -0.865948 -0.500133 0.000000
vn -0.865948 -0.500133 0.000000
vn -0.887999 -0.459846 0.000000
vn -0.887999 -0.459846 0.000000
vn -0.612330 -0.500113 -0.612323
vn -0.612330 -0.500112 -0.612324
vn -0.627914 -0.459846 -0.627906
vn -0.627914 -0.459846 -0.627906
vn 0.000000 -0.500127 -0.865952
vn 0.000000 -0.500127 -0.865952
vn 0.000000 -0.459854 -0.887995
vn 0.000000 -0.459854 -0.887995
vn 0.612334 -0.500111 -0.612320
vn 0.612335 -0.500109 -0.612321
vn 0.627915 -0.459852 -0.627900
vn 0.627915 -0.459852 -0.627900
vn 0.946364 -0.323102 0.000000
vn 0.946364 -0.323102 0.000000
vn 0.669177 -0.323099 0.669185
vn 0.669174 -0.323113 0.669182
vn 0.000000 -0.323104 0.946363
vn 0.000000 -0.323104 0.946363
vn -0.669170 -0.323124 0.669180
vn -0.669174 -0.323108 0.669184
vn -0.946357 -0.323124 0.000000
vn -0.946357 -0.323124 0.000000
vn -0.669153 -0.323153 -0.669183
vn -0.669152 -0.323157 -0.669183
vn 0.000000 -0.323172 -0.946340
vn 0.000000 -0.323172 -0.946340
vn 0.669155 -0.323149 -0.669183
vn 0.669155 -0.323148 -0.669184
vn 0.820386 -0.571810 0.000000
vn 0.820386 -0.571810 0.000000
vn 0.580100 -0.571815 0.580097
vn 0.580099 -0.571816 0.580096
vn 0.000000 -0.571805 0.820389
vn 0.000000 -0.571806 0.820389
vn -0.580096 -0.571818 0.580097
vn -0.580097 -0.571817 0.580098
vn -0.820383 -0.571815 0.000000
vn -0.820383 -0.571814 0.000000
vn -0.580104 -0.571809 -0.580097
vn -0.580104 -0.571810 -0.580097
vn 0.000000 -0.571805 -0.820389
vn 0.000000 -0.571805 -0.820390
vn 0.580108 -0.571806 -0.580097
vn 0.580109 -0.571805 -0.580097
vn 0.052630 -0.995301 0.081282
vn 0.470803 -0.513377 0.717488
vn 0.174443 -0.513380 0.840245
vn 0.020263 -0.995301 0.094690
vn 0.081283 -0.995301 0.052630
vn 0.717484 -0.513381 0.470804
vn 0.094692 -0.995300 0.020261
vn 0.840246 -0.513378 0.174439
vn 0.094693 -0.995300 -0.020264
vn 0.840248 -0.513374 -0.174441
vn 0.081281 -0.995301 -0.052629
vn 0.717492 -0.513376 -0.470798
vn -0.020262 -0.995301 0.094689
vn -0.174435 -0.513388 0.840241
vn -0.470798 -0.513390 0.717482
vn -0.052629 -0.995301 0.081282
vn -0.081283 -0.995300 0.052631
vn -0.717486 -0.513383 0.470798
vn -0.840246 -0.513379 0.174438
vn -0.094691 -0.995301 0.020261
vn -0.094692 -0.995300 -0.020264
vn -0.840248 -0.513375 -0.174438
vn -0.717494 -0.513373 -0.470797
vn -0.081283 -0.995301 -0.052630
vn -0.052630 -0.995300 -0.081284
vn -0.470805 -0.513378 -0.717485
vn -0.174433 -0.513389 -0.840241
vn -0.020262 -0.995301 -0.094690
vn 0.020262 -0.995301 -0.094690
vn 0.174434 -0.513387 -0.840242
vn 0.470797 -0.513379 -0.717490
vn 0.052630 -0.995301 -0.081282
vn -0.004540 -0.999979 -0.004541
vn -0.004540 -0.999979 -0.004541
vn -0.006421 -0.999979 0.000000
vn -0.006421 -0.999979 0.000000
vn 0.000000 -0.999979 -0.006420
vn 0.000000 -0.999979 -0.006420
vn 0.004540 -0.999979 -0.004541
vn 0.004540 -0.999979 -0.004541
vn 0.006421 -0.999979 0.000000
vn 0.006421 -0.999979 0.000000
vn 0.004540 -0.999979 0.004540
vn 0.004540 -0.999979 0.004540
vn 0.000000 -0.999979 0.006421
vn 0.000000 -0.999979 0.006421
vn -0.004540 -0.999979 0.004541
vn -0.004540 -0.999979 0.004541
vn -0.002748 -0.999974 -0.006633
vn 0.002748 -0.999974 -0.006633
vn 0.006635 -0.999974 -0.002749
vn 0.006635 -0.999974 0.002748
vn 0.002748 -0.999974 0.006633
vn -0.002748 -0.999974 0.006632
vn -0.006635 -0.999974 0.002748
vn -0.006635 -0.999974 -0.002748
vn 0.944300 0.264888 0.195272
vn 0.944177 0.264885 0.195869
vn 0.806148 0.264887 0.529113
vn 0.805793 0.264890 0.529652
vn 0.944311 0.264869 -0.195244
vn 0.944188 0.264867 -0.195841
vn 0.805751 0.264915 -0.529703
vn 0.806156 0.264912 -0.529088
vn 0.529682 0.264892 -0.805772
vn 0.529122 0.264889 -0.806141
vn 0.195253 0.264870 -0.944309
vn 0.195888 0.264867 -0.944179
vn -0.195217 0.264899 -0.944309
vn -0.195915 0.264896 -0.944165
vn -0.529701 0.264865 -0.805769
vn -0.529106 0.264862 -0.806160
vn -0.805784 0.264854 -0.529683
vn -0.806150 0.264851 -0.529127
vn -0.944311 0.264875 -0.195237
vn -0.944174 0.264872 -0.195904
vn -0.944299 0.264893 0.195273
vn -0.944176 0.264891 0.195866
vn -0.805766 0.264947 0.529664
vn -0.806127 0.264945 0.529116
vn -0.529663 0.264932 0.805772
vn -0.529137 0.264930 0.806118
vn -0.195246 0.264851 0.944316
vn -0.195899 0.264849 0.944182
vn 0.195243 0.264848 0.944318
vn 0.195911 0.264845 0.944180
vn 0.529661 0.264882 0.805789
vn 0.529126 0.264880 0.806142
vn 0.177189 0.946669 0.269113
vn 0.269108 0.946670 0.177188
vn 0.269464 0.946667 0.176664
vn 0.176661 0.946666 0.269471
vn -0.064996 0.946680 0.315550
vn 0.064999 0.946677 0.315559
vn 0.065624 0.946674 0.315439
vn -0.065619 0.946677 0.315430
vn -0.269120 0.946667 0.177189
vn -0.177185 0.946671 0.269110
vn -0.176656 0.946668 0.269468
vn -0.269471 0.946664 0.176670
vn -0.315574 0.946672 -0.065002
vn -0.315569 0.946674 0.065001
vn -0.315450 0.946670 0.065623
vn -0.315455 0.946669 -0.065626
vn -0.177175 0.946675 -0.269100
vn -0.269114 0.946669 -0.177186
vn -0.269468 0.946666 -0.176663
vn -0.176652 0.946672 -0.269454
vn 0.064990 0.946682 -0.315545
vn -0.065001 0.946680 -0.315549
vn -0.065620 0.946677 -0.315430
vn 0.065618 0.946679 -0.315425
vn 0.269110 0.946670 -0.177186
vn 0.177174 0.946676 -0.269100
vn 0.176651 0.946672 -0.269454
vn 0.269462 0.946667 -0.176667
vn 0.315567 0.946674 0.065002
vn 0.315571 0.946673 -0.065000
vn 0.315450 0.946670 -0.065632
vn 0.315447 0.946671 0.065623
vn 0.872696 -0.453790 -0.180213
vn 0.872697 -0.453789 0.180207
vn 0.744507 -0.453791 -0.489677
vn 0.489673 -0.453785 -0.744513
vn 0.180202 -0.453786 -0.872700
vn -0.180200 -0.453789 -0.872699
vn -0.489688 -0.453783 -0.744505
vn -0.744513 -0.453788 -0.489670
vn -0.872696 -0.453793 -0.180206
vn -0.872696 -0.453792 0.180206
vn -0.744511 -0.453795 0.489667
vn -0.489671 -0.453795 0.744508
vn -0.180203 -0.453787 0.872700
vn 0.180208 -0.453778 0.872703
vn 0.489674 -0.453782 0.744514
vn 0.744504 -0.453791 0.489681
vn 0.591805 -0.547284 -0.591816
vn 0.591816 -0.547262 -0.591827
vn 0.595517 0.539170 -0.595530
vn 0.595507 0.539191 -0.595520
vn 0.836952 -0.547277 0.000000
vn 0.836970 -0.547249 0.000000
vn 0.842195 0.539173 0.000000
vn 0.842178 0.539200 0.000000
vn 0.591840 -0.547233 0.591828
vn 0.591839 -0.547235 0.591827
vn 0.595536 0.539153 0.595526
vn 0.595537 0.539150 0.595527
vn 0.000000 -0.547311 0.836929
vn 0.000000 -0.547318 0.836925
vn 0.000000 0.539231 0.842158
vn 0.000000 0.539224 0.842162
vn -0.591833 -0.547249 0.591821
vn -0.591830 -0.547257 0.591817
vn -0.595522 0.539184 0.595511
vn -0.595526 0.539176 0.595515
vn -0.836962 -0.547261 0.000000
vn -0.836943 -0.547289 0.000000
vn -0.842176 0.539202 0.000000
vn -0.842194 0.539175 0.000000
vn -0.591810 -0.547274 -0.591821
vn -0.591804 -0.547287 -0.591815
vn -0.595504 0.539200 -0.595515
vn -0.595510 0.539188 -0.595520
vn 0.000000 -0.547318 -0.836925
vn 0.000000 -0.547311 -0.836930
vn 0.000000 0.539224 -0.842162
vn 0.000000 0.539231 -0.842158
vn 0.532324 0.658188 -0.532372
vn 0.563464 0.604139 -0.563494
vn 0.563487 0.604127 -0.563482
vn 0.563468 0.604132 -0.563496
vn 0.563468 0.604132 -0.563496
vn 0.532373 0.658158 -0.532360
vn 0.752846 0.658196 0.000000
vn 0.796870 0.604151 0.000000
vn 0.796882 0.604135 0.000009
vn 0.796886 0.604129 0.000009
vn 0.796886 0.604129 -0.000009
vn 0.752883 0.658155 -0.000015
vn 0.532321 0.658196 0.532365
vn 0.563470 0.604129 0.563497
vn 0.563491 0.604115 0.563492
vn 0.563499 0.604111 0.563488
vn 0.563478 0.604126 0.563493
vn 0.532332 0.658178 0.532376
vn 0.000000 0.658211 0.752834
vn 0.000000 0.604173 0.796853
vn 0.000000 0.604174 0.796853
vn 0.000000 0.604169 0.796856
vn 0.000000 0.604169 0.796856
vn 0.000000 0.658214 0.752831
vn -0.532355 0.658191 0.532338
vn -0.563464 0.604152 0.563479
vn -0.563464 0.604153 0.563479
vn -0.563482 0.604135 0.563480
vn -0.563453 0.604154 0.563488
vn -0.532296 0.658233 0.532345
vn -0.752887 0.658149 0.000000
vn -0.796887 0.604128 0.000000
vn -0.796874 0.604145 0.000000
vn -0.796874 0.604145 0.000000
vn -0.796883 0.604134 0.000000
vn -0.752867 0.658173 0.000000
vn -0.532372 0.658174 -0.532341
vn -0.563467 0.604146 -0.563483
vn -0.563464 0.604144 -0.563488
vn -0.563487 0.604132 -0.563477
vn -0.563456 0.604147 -0.563492
vn -0.532306 0.658202 -0.532372
vn 0.000000 0.658215 -0.752830
vn 0.000000 0.604173 -0.796853
vn 0.000000 0.604174 -0.796852
vn 0.000000 0.604170 -0.796856
vn 0.000000 0.604170 -0.796856
vn 0.000000 0.658211 -0.752834
vn 0.582530 -0.566839 -0.582539
vn 0.582542 -0.566815 -0.582551
vn 0.581803 0.568334 -0.581809
vn 0.581791 0.568358 -0.581797
vn 0.823837 -0.566827 0.000000
vn 0.823858 -0.566796 0.000000
vn 0.822805 0.568323 0.000000
vn 0.822784 0.568354 0.000000
vn 0.582557 -0.566797 0.582554
vn 0.582562 -0.566786 0.582559
vn 0.581821 0.568306 0.581818
vn 0.581816 0.568317 0.581813
vn 0.000000 -0.566782 0.823868
vn 0.000000 -0.566790 0.823862
vn 0.000000 0.568325 0.822804
vn 0.000000 0.568318 0.822809
vn -0.582558 -0.566795 0.582555
vn -0.582547 -0.566817 0.582544
vn -0.581807 0.568337 0.581803
vn -0.581817 0.568315 0.581814
vn -0.823860 -0.566793 0.000000
vn -0.823839 -0.566824 0.000000
vn -0.822775 0.568367 0.000000
vn -0.822796 0.568336 0.000000
vn -0.582543 -0.566813 -0.582551
vn -0.582537 -0.566826 -0.582545
vn -0.581786 0.568369 -0.581792
vn -0.581792 0.568356 -0.581798
vn 0.000000 -0.566860 -0.823814
vn 0.000000 -0.566852 -0.823819
vn 0.000000 0.568388 -0.822760
vn 0.000000 0.568396 -0.822755
vn 0.654451 0.378611 -0.654483
vn 0.654454 0.378601 -0.654486
vn 0.925560 0.378600 0.000000
vn 0.925567 0.378583 0.000000
vn 0.654466 0.378602 0.654473
vn 0.654466 0.378602 0.654473
vn 0.000000 0.378619 0.925553
vn 0.000000 0.378623 0.925551
vn -0.654465 0.378606 0.654471
vn -0.654463 0.378612 0.654469
vn -0.925564 0.378590 0.000000
vn -0.925557 0.378607 0.000000
vn -0.654450 0.378615 -0.654481
vn -0.654449 0.378619 -0.654480
vn 0.000000 0.378631 -0.925548
vn 0.000000 0.378627 -0.925549
vn 0.506428 -0.697913 0.506406
vn 0.543957 -0.638943 0.543932
vn 0.543955 -0.638942 0.543935
vn 0.543956 -0.638945 0.543932
vn 0.543921 -0.638962 0.543946
vn 0.506351 -0.697957 0.506423
vn 0.000000 -0.697912 0.716184
vn 0.000000 -0.638937 0.769259
vn 0.000000 -0.638937 0.769259
vn 0.000000 -0.638941 0.769256
vn 0.000000 -0.638941 0.769256
vn 0.000000 -0.697908 0.716187
vn -0.506352 -0.697973 0.506400
vn -0.543913 -0.638969 0.543946
vn -0.543945 -0.638949 0.543938
vn -0.543950 -0.638955 0.543925
vn -0.543950 -0.638955 0.543925
vn -0.506423 -0.697921 0.506401
vn -0.716181 -0.697915 0.000000
vn -0.769261 -0.638935 0.000000
vn -0.769236 -0.638965 0.000000
vn -0.769221 -0.638983 0.000000
vn -0.769251 -0.638947 0.000000
vn -0.716206 -0.697889 0.000000
vn -0.506357 -0.697950 -0.506427
vn -0.543908 -0.638973 -0.543947
vn -0.543943 -0.638955 -0.543932
vn -0.543917 -0.638968 -0.543943
vn -0.543919 -0.638972 -0.543937
vn -0.506429 -0.697920 -0.506396
vn 0.000000 -0.697956 -0.716141
vn 0.000000 -0.638994 -0.769212
vn 0.000000 -0.638994 -0.769212
vn 0.000000 -0.638998 -0.769208
vn 0.000000 -0.638998 -0.769208
vn 0.000000 -0.697960 -0.716137
vn 0.506357 -0.697959 -0.506415
vn 0.543885 -0.638995 -0.543944
vn 0.543939 -0.638969 -0.543920
vn 0.543966 -0.638955 -0.543910
vn 0.543905 -0.638985 -0.543935
vn 0.506348 -0.697963 -0.506419
vn 0.716197 -0.697899 -0.000008
vn 0.769247 -0.638952 -0.000005
vn 0.769247 -0.638952 0.000005
vn 0.769230 -0.638971 0.000005
vn 0.769224 -0.638979 0.000000
vn 0.716173 -0.697923 0.000000
vn 0.707084 0.000000 0.707130
vn 0.707064 0.000000 0.707150
vn 0.000000 -0.000022 1.000000
vn 0.000000 -0.000022 1.000000
vn -0.707096 -0.000012 0.707117
vn -0.707121 -0.000015 0.707093
vn -1.000000 0.000000 0.000000
vn -1.000000 0.000000 0.000000
vn -0.707092 0.000000 -0.707121
vn -0.707137 0.000000 -0.707077
vn 0.000000 0.000000 -1.000000
vn 0.000000 0.000000 -1.000000
vn 0.707084 0.000000 -0.707130
vn 0.707064 0.000000 -0.707150
vn 1.000000 0.000000 0.000000
vn 1.000000 0.000000 0.000000
vn 0.513558 0.000000 0.858055
vn 0.858059 0.000000 0.513551
vn 0.969875 0.000000 0.243603
vn 0.969874 0.000000 -0.243607
vn 0.858055 0.000000 -0.513558
vn 0.513553 -0.000013 -0.858058
vn 0.243604 -0.000022 -0.969875
vn -0.243596 -0.000008 -0.969877
vn -0.513555 0.000000 -0.858057
vn -0.858055 0.000000 -0.513558
vn -0.969876 0.000000 -0.243601
vn -0.969877 0.000000 0.243597
vn -0.858059 0.000000 0.513551
vn -0.513555 0.000000 0.858057
vn -0.243603 0.000000 0.969875
vn 0.243603 0.000000 0.969875
vn 0.469093 -0.414073 0.780061
vn 0.780068 -0.414060 0.469093
vn 0.883291 -0.414062 0.219887
vn 0.883287 -0.414067 -0.219894
vn 0.780065 -0.414059 -0.469099
vn 0.469099 -0.414037 -0.780077
vn 0.219895 -0.414030 -0.883304
vn -0.219888 -0.414037 -0.883302
vn -0.469097 -0.414049 -0.780071
vn -0.780068 -0.414052 -0.469100
vn -0.883292 -0.414055 -0.219892
vn -0.883297 -0.414048 0.219886
vn -0.780071 -0.414052 0.469094
vn -0.469091 -0.414075 0.780062
vn -0.219890 -0.414078 0.883282
vn 0.219891 -0.414077 0.883282
vn 0.318595 -0.780516 0.537858
vn 0.537870 -0.780508 0.318595
vn 0.605609 -0.780511 0.155050
vn 0.605610 -0.780511 -0.155048
vn 0.537874 -0.780503 -0.318601
vn 0.318614 -0.780484 -0.537894
vn 0.155059 -0.780473 -0.605655
vn -0.155055 -0.780484 -0.605643
vn -0.318609 -0.780493 -0.537884
vn -0.537879 -0.780497 -0.318607
vn -0.605624 -0.780499 -0.155051
vn -0.605628 -0.780495 0.155055
vn -0.537880 -0.780498 0.318605
vn -0.318596 -0.780516 0.537858
vn -0.155046 -0.780520 0.605598
vn 0.155047 -0.780519 0.605599
vn 0.288881 0.928042 -0.235131
vn 0.235128 0.928041 -0.288886
vn 0.134377 0.936321 -0.324417
vn 0.324418 0.936320 -0.134382
vn 0.370534 0.928041 -0.038009
vn 0.324417 0.936320 0.134380
vn 0.370534 0.928041 0.038009
vn 0.288879 0.928042 0.235131
vn 0.134374 0.936321 0.324419
vn 0.235124 0.928041 0.288887
vn 0.038009 0.928043 0.370529
vn -0.134373 0.936321 0.324418
vn -0.038009 0.928043 0.370527
vn -0.235124 0.928042 0.288885
vn -0.324416 0.936321 0.134378
vn -0.288879 0.928042 0.235130
vn -0.370531 0.928042 0.038008
vn -0.324421 0.936319 -0.134379
vn -0.370534 0.928041 -0.038010
vn -0.288887 0.928039 -0.235134
vn -0.134378 0.936320 -0.324418
vn -0.235134 0.928040 -0.288885
vn -0.038011 0.928044 -0.370527
vn 0.038012 0.928044 -0.370526
vn 0.464637 0.506493 -0.726345
vn 0.484521 0.508478 -0.711821
vn 0.160719 0.508588 -0.845877
vn 0.185053 0.506589 -0.842095
vn 0.726375 0.506429 -0.464660
vn 0.711851 0.508422 -0.484536
vn 0.842168 0.506476 -0.185026
vn 0.845939 0.508470 -0.160767
vn 0.842163 0.506483 0.185030
vn 0.845934 0.508477 0.160770
vn 0.726393 0.506388 0.464677
vn 0.711874 0.508372 0.484556
vn -0.185036 0.506613 -0.842084
vn -0.160727 0.508607 -0.845864
vn -0.484506 0.508472 -0.711836
vn -0.464650 0.506497 -0.726335
vn -0.726410 0.506359 -0.464682
vn -0.711884 0.508355 -0.484558
vn -0.845986 0.508404 -0.160728
vn -0.842203 0.506399 -0.185078
vn -0.842193 0.506433 0.185033
vn -0.845964 0.508426 0.160775
vn -0.711898 0.508324 0.484569
vn -0.726418 0.506340 0.464690
vn -0.464693 0.506321 0.726429
vn -0.484595 0.508310 0.711890
vn -0.160762 0.508358 0.846007
vn -0.185064 0.506366 0.842226
vn 0.185079 0.506341 0.842238
vn 0.160753 0.508338 0.846021
vn 0.484611 0.508316 0.711876
vn 0.464681 0.506317 0.726440
vn 0.541815 -0.158016 -0.825510
vn 0.824947 -0.159955 -0.542103
vn 0.835822 0.000000 -0.549001
vn 0.548997 0.000000 -0.835824
vn -0.200616 -0.154675 -0.967382
vn 0.200186 -0.156042 -0.967252
vn 0.202836 0.000000 -0.979213
vn -0.202835 0.000000 -0.979213
vn -0.825878 -0.153856 -0.542451
vn -0.542451 -0.153858 -0.825878
vn -0.548997 0.000000 -0.835824
vn -0.835823 0.000000 -0.548999
vn -0.967256 -0.156032 0.200175
vn -0.967386 -0.154666 -0.200607
vn -0.979215 0.000000 -0.202826
vn -0.979215 0.000000 0.202826
vn -0.542105 -0.159945 0.824948
vn -0.825517 -0.158004 0.541809
vn -0.835829 0.000000 0.548990
vn -0.549001 0.000000 0.835822
vn 0.200015 -0.163304 0.966088
vn -0.200433 -0.161930 0.966233
vn -0.202822 0.000000 0.979216
vn 0.202823 0.000000 0.979215
vn 0.824558 -0.164121 0.541451
vn 0.541458 -0.164122 0.824553
vn 0.549001 0.000000 0.835822
vn 0.835827 0.000000 0.548993
vn 0.966232 -0.161931 -0.200436
vn 0.966088 -0.163303 0.200017
vn 0.979215 0.000000 0.202826
vn 0.979215 0.000000 -0.202826
vn 0.835823 0.000000 0.548998
vn 0.549005 0.000000 0.835819
vn 0.499666 -0.415578 0.760019
vn 0.760021 -0.415584 0.499658
vn 0.184887 -0.414178 0.891220
vn 0.202829 0.000000 0.979214
vn -0.202829 0.000000 0.979214
vn -0.184005 -0.410742 0.892991
vn -0.500848 -0.407290 0.763719
vn -0.549004 0.000000 0.835820
vn -0.835823 0.000000 0.548998
vn -0.764578 -0.402351 0.503521
vn -0.897851 -0.398833 0.186534
vn -0.979215 0.000000 0.202826
vn -0.979216 0.000000 -0.202821
vn -0.899618 -0.395278 -0.185585
vn -0.768260 -0.393814 -0.504665
vn -0.835826 0.000000 -0.548995
vn -0.548991 0.000000 -0.835828
vn -0.504655 -0.393829 -0.768259
vn -0.185590 -0.395302 -0.899607
vn -0.202829 0.000000 -0.979214
vn 0.202829 0.000000 -0.979214
vn 0.186533 -0.398852 -0.897843
vn 0.503514 -0.402376 -0.764570
vn 0.548996 0.000000 -0.835825
vn 0.835826 0.000000 -0.548994
vn 0.763716 -0.407308 -0.500838
vn 0.892993 -0.410740 -0.184002
vn 0.979215 0.000000 -0.202824
vn 0.979214 0.000000 0.202829
vn 0.891220 -0.414178 0.184889
vn -0.404248 0.675635 0.616524
vn -0.431719 0.679762 0.592911
vn -0.119310 0.674074 0.728965
vn -0.146962 0.671612 0.726182
vn -0.610459 0.680381 0.405490
vn -0.593681 0.682651 0.426065
vn -0.714301 0.684015 0.147976
vn -0.717018 0.687788 0.113286
vn -0.712293 0.686861 -0.144430
vn -0.714893 0.689407 -0.116811
vn -0.605756 0.688082 -0.399504
vn -0.585326 0.691154 -0.423910
vn -0.400157 0.687254 -0.606264
vn -0.423537 0.690405 -0.586479
vn -0.144910 0.685599 -0.713411
vn -0.116061 0.688077 -0.716296
vn 0.148133 0.681368 -0.716794
vn 0.114627 0.685160 -0.719317
vn 0.406498 0.677926 -0.612516
vn 0.428113 0.680193 -0.595027
vn 0.618645 0.672508 -0.406215
vn 0.595823 0.676557 -0.432742
vn 0.727947 0.669522 -0.147759
vn 0.730905 0.672070 -0.118746
vn 0.730555 0.666014 0.150715
vn 0.733347 0.669716 0.116972
vn 0.623055 0.665475 0.411029
vn 0.602435 0.668675 0.435827
vn 0.411379 0.665698 0.622586
vn 0.435116 0.668734 0.602884
vn 0.150915 0.667991 0.728706
vn 0.115833 0.671864 0.731561
vn -0.818367 0.051924 0.572345
vn -0.578880 0.045011 0.814170
vn -0.563051 0.043936 0.825253
vn -0.821278 0.051853 0.568167
vn -0.984121 0.060691 0.166801
vn -0.980970 0.059742 0.184737
vn -0.981460 0.065330 -0.180190
vn -0.982889 0.065517 -0.172154
vn -0.814847 0.069063 -0.575548
vn -0.822616 0.068545 -0.564450
vn -0.564427 0.068550 -0.822632
vn -0.575545 0.069069 -0.814848
vn -0.172171 0.065520 -0.982886
vn -0.180200 0.065334 -0.981458
vn 0.184747 0.059720 -0.980970
vn 0.166816 0.060670 -0.984120
vn 0.572342 0.051864 -0.818373
vn 0.568167 0.051793 -0.821282
vn 0.825246 0.043895 -0.563065
vn 0.814175 0.044965 -0.578876
vn 0.984168 0.036170 -0.173506
vn 0.983085 0.036062 -0.179565
vn 0.982424 0.030486 0.184157
vn 0.985272 0.031251 0.168115
vn 0.817363 0.027618 0.575461
vn 0.823556 0.027279 0.566578
vn 0.566603 0.027306 0.823538
vn 0.575463 0.027643 0.817361
vn 0.168139 0.031284 0.985267
vn 0.184151 0.030523 0.982424
vn -0.179579 0.036075 0.983082
vn -0.173497 0.036184 0.984169
vn 0.215805 0.964420 -0.152716
vn 0.152780 0.964422 -0.215752
vn 0.144038 0.963892 -0.223976
vn 0.224063 0.963887 -0.143935
vn 0.260227 0.963892 -0.056520
vn 0.260228 0.963885 0.056636
vn 0.260599 0.964417 0.044596
vn 0.260598 0.964420 -0.044519
vn -0.056567 0.963886 -0.260237
vn 0.056653 0.963884 -0.260227
vn 0.044613 0.964416 -0.260599
vn -0.044560 0.964416 -0.260606
vn -0.224034 0.963888 -0.143974
vn -0.143984 0.963885 -0.224040
vn -0.152753 0.964417 -0.215792
vn -0.215800 0.964419 -0.152733
vn -0.260216 0.963888 0.056635
vn -0.260219 0.963892 -0.056556
vn -0.260588 0.964422 -0.044534
vn -0.260586 0.964419 0.044612
vn -0.143964 0.963887 0.224045
vn -0.223979 0.963892 0.144034
vn -0.215748 0.964421 0.152788
vn -0.152729 0.964418 0.215805
vn 0.056591 0.963891 0.260216
vn -0.056545 0.963893 0.260218
vn -0.044525 0.964423 0.260588
vn 0.044576 0.964421 0.260586
vn 0.223994 0.963890 0.144024
vn 0.143994 0.963889 0.224016
vn 0.152760 0.964420 0.215774
vn 0.215766 0.964419 0.152774
vn 0.858058 0.000000 -0.513554
vn 0.513630 0.000000 -0.858012
vn 0.491310 0.296721 -0.818884
vn 0.818888 0.296721 -0.491303
vn 0.969875 0.000000 -0.243601
vn 0.926445 0.296721 -0.231637
vn 0.969875 0.000000 0.243601
vn 0.926445 0.296721 0.231637
vn 0.858060 0.000000 0.513550
vn 0.818889 0.296724 0.491300
vn 0.513552 0.000000 0.858058
vn 0.491301 0.296729 0.818887
vn 0.243593 0.000000 0.969877
vn 0.231630 0.296732 0.926444
vn -0.243594 0.000000 0.969877
vn -0.231629 0.296729 0.926445
vn -0.513551 0.000000 0.858059
vn -0.491300 0.296728 0.818888
vn -0.858017 0.000000 0.513621
vn -0.818888 0.296727 0.491299
vn -0.969900 0.000000 0.243502
vn -0.926442 0.296729 0.231639
vn -0.978802 0.041917 -0.200473
vn -0.919110 0.338239 -0.202066
vn -0.874513 0.095641 -0.475479
vn -0.814485 0.357369 -0.457057
vn -0.475477 0.095644 -0.874513
vn -0.457056 0.357367 -0.814487
vn -0.200475 0.041919 -0.978802
vn -0.202069 0.338229 -0.919113
vn 0.243499 0.000000 -0.969901
vn 0.231638 0.296718 -0.926446
vn 0.247080 0.874481 -0.417414
vn 0.417414 0.874481 -0.247081
vn 0.469867 0.874482 -0.120445
vn 0.469865 0.874483 0.120445
vn 0.417411 0.874483 0.247079
vn 0.247072 0.874488 0.417404
vn 0.120439 0.874489 0.469856
vn -0.120442 0.874487 0.469858
vn -0.247072 0.874487 0.417405
vn -0.417406 0.874486 0.247075
vn -0.469854 0.874489 0.120442
vn -0.485084 0.863237 -0.139695
vn -0.442431 0.852708 -0.277748
vn -0.277752 0.852706 -0.442432
vn -0.139703 0.863229 -0.485096
vn 0.120448 0.874481 -0.469868
vn 0.413757 -0.591858 -0.691743
vn 0.413818 -0.591862 -0.691704
vn 0.208582 -0.591791 -0.778638
vn 0.182061 -0.593186 -0.784209
vn 0.688901 -0.596651 -0.411610
vn 0.688895 -0.596651 -0.411619
vn 0.778184 -0.596644 -0.196075
vn 0.778185 -0.596644 -0.196070
vn -0.128227 -0.504362 -0.853919
vn -0.131514 -0.502001 -0.854809
vn -0.373417 -0.439445 -0.816975
vn -0.425725 -0.434414 -0.793752
vn -0.793748 -0.434435 -0.425711
vn -0.816959 -0.439468 -0.373425
vn -0.854782 -0.502048 -0.131512
vn -0.853886 -0.504423 -0.128206
vn -0.784165 -0.593248 0.182049
vn -0.778595 -0.591852 0.208567
vn -0.691677 -0.591905 0.413800
vn -0.691727 -0.591901 0.413724
vn -0.411631 -0.596628 0.688909
vn -0.411617 -0.596627 0.688917
vn -0.196074 -0.596615 0.778207
vn -0.196074 -0.596615 0.778207
vn 0.196074 -0.596615 0.778207
vn 0.196074 -0.596615 0.778207
vn 0.411624 -0.596618 0.688921
vn 0.411633 -0.596618 0.688916
vn 0.688905 -0.596648 0.411607
vn 0.688900 -0.596648 0.411615
vn 0.778185 -0.596644 0.196070
vn 0.778184 -0.596644 0.196075
vn -0.013556 -0.999742 0.018227
vn -0.018275 -0.999742 0.013509
vn 0.858057 0.000000 -0.513555
vn 0.514095 0.000000 -0.857733
vn 0.068040 -0.997497 -0.019263
vn 0.039593 -0.999210 0.003346
vn 0.242770 0.000000 -0.970084
vn -0.159658 0.061976 -0.985225
vn -0.000653 -0.999475 0.032383
vn 0.032383 -0.999475 -0.000653
vn -0.651065 0.390166 -0.651065
vn -0.651065 0.390166 -0.651065
vn 0.003346 -0.999210 0.039593
vn -0.019263 -0.997497 0.068041
vn -0.985227 0.061957 -0.159653
vn -0.970085 0.000000 0.242767
vn 0.013509 -0.999742 -0.018274
vn 0.018227 -0.999742 -0.013555
vn -0.857738 0.000000 0.514088
vn -0.513551 0.000000 0.858059
vn -0.003369 -0.999742 -0.022474
vn 0.003369 -0.999742 -0.022474
vn -0.243599 0.000000 0.969876
vn 0.243594 0.000000 0.969877
vn -0.018274 -0.999742 -0.013509
vn -0.013509 -0.999742 -0.018274
vn 0.513552 0.000000 0.858059
vn 0.858061 0.000000 0.513547
vn -0.022474 -0.999742 0.003370
vn -0.022474 -0.999742 -0.003370
vn 0.969876 0.000000 0.243601
vn 0.969875 0.000000 -0.243602
vn -0.284529 0.110458 -0.952283
vn -0.952284 0.110422 -0.284540
vn 0.707090 0.000002 0.707124
vn 0.707050 0.000003 0.707164
vn 0.000001 -0.000011 1.000000
vn 0.000002 -0.000011 1.000000
vn -0.707122 -0.000006 0.707092
vn -0.707121 -0.000007 0.707092
vn -1.000000 0.000000 0.000000
vn -1.000000 0.000000 0.000000
vn -0.707087 0.000000 -0.707126
vn -0.707135 0.000000 -0.707078
vn 0.000004 0.000000 -1.000000
vn 0.000008 0.000000 -1.000000
vn 0.707091 0.000000 -0.707123
vn 0.707059 0.000000 -0.707155
vn 1.000000 0.000004 -0.000000
vn 1.000000 0.000006 -0.000000
vn 0.707092 0.000002 0.707122
vn 0.707052 0.000003 0.707162
vn 0.000001 0.000000 1.000000
vn 0.000002 0.000000 1.000000
vn -0.707124 0.000000 0.707090
vn -0.707121 0.000000 0.707092
vn -1.000000 0.000000 0.000000
vn -1.000000 0.000000 0.000000
vn -0.707089 0.000000 -0.707124
vn -0.707139 0.000000 -0.707074
vn 0.000004 0.000000 -1.000000
vn 0.000008 0.000000 -1.000000
vn 0.707091 0.000000 -0.707123
vn 0.707059 0.000000 -0.707155
vn 1.000000 0.000004 -0.000000
vn 1.000000 0.000006 -0.000000
vn 0.707088 -0.000004 0.707126
vn 0.707045 -0.000006 0.707168
vn 0.000000 0.000000 1.000000
vn 0.000000 0.000000 1.000000
vn -0.707125 0.000000 0.707089
vn -0.707121 0.000000 0.707093
vn -1.000000 0.000000 0.000000
vn -1.000000 0.000000 0.000000
vn -0.707096 0.000000 -0.707118
vn -0.707145 0.000000 -0.707069
vn 0.000000 0.000000 -1.000000
vn 0.000000 0.000000 -1.000000
vn 0.707084 0.000000 -0.707130
vn 0.707047 0.000000 -0.707167
vn 1.000000 -0.000006 0.000000
vn 1.000000 -0.000006 0.000000
vn 0.707126 -0.000003 0.707087
vn 0.707132 0.000001 0.707082
vn 0.707128 0.000001 0.707085
vn 0.707109 0.000000 0.707105
vn 0.707121 -0.000001 0.707092
vn 0.707124 0.000000 0.707090
vn 0.707055 0.000002 0.707159
vn 0.707055 0.000002 0.707159
vn 0.707055 0.000002 0.707159
vn 0.707055 0.000002 0.707159
vn 0.707126 0.000000 0.707088
vn 0.707121 0.000000 0.707093
vn 0.707124 0.000000 0.707089
vn 0.707124 0.000000 0.707089
vn 0.707123 -0.000001 0.707091
vn 0.707096 -0.000003 0.707117
vn 0.707128 0.000000 0.707085
vn 0.707126 0.000000 0.707087
vn 0.707119 -0.000003 0.707095
vn 0.707063 -0.000006 0.707150
vn 0.000000 0.000000 1.000000
vn 0.000000 0.000000 1.000000
vn 0.000000 -0.000019 1.000000
vn 0.000000 -0.000022 1.000000
vn 0.000000 0.000000 1.000000
vn 0.000000 0.000000 1.000000
vn 0.000046 0.000000 1.000000
vn 0.000046 0.000000 1.000000
vn 0.000046 0.000000 1.000000
vn 0.000046 0.000000 1.000000
vn 0.000000 -0.000019 1.000000
vn 0.000000 -0.000022 1.000000
vn 0.000000 0.000000 1.000000
vn 0.000000 0.000000 1.000000
vn 0.000000 -0.000011 1.000000
vn 0.000000 -0.000022 1.000000
vn 0.000000 0.000000 1.000000
vn 0.000000 0.000000 1.000000
vn 0.000000 -0.000011 1.000000
vn 0.000000 -0.000022 1.000000
vn -0.707129 0.000000 0.707085
vn -0.707127 0.000000 0.707086
vn -0.707124 -0.000004 0.707090
vn -0.707100 -0.000004 0.707113
vn -0.707112 0.000000 0.707101
vn -0.707098 0.000000 0.707115
vn -0.707114 0.000000 0.707099
vn -0.707114 0.000000 0.707099
vn -0.707114 0.000000 0.707099
vn -0.707114 0.000000 0.707099
vn -0.707095 0.000000 0.707119
vn -0.707109 0.000000 0.707105
vn -0.707079 0.000000 0.707134
vn -0.707083 0.000000 0.707131
vn -0.707081 0.000000 0.707133
vn -0.707076 0.000000 0.707138
vn -0.707063 0.000000 0.707151
vn -0.707071 0.000000 0.707142
vn -0.707071 0.000000 0.707142
vn -0.707063 0.000000 0.707150
vn -1.000000 0.000000 0.000000
vn -1.000000 0.000000 0.000000
vn -1.000000 0.000000 0.000000
vn -1.000000 0.000000 0.000000
vn -1.000000 0.000000 0.000000
vn -1.000000 0.000003 0.000000
vn -1.000000 0.000000 0.000000
vn -1.000000 0.000000 0.000000
vn -1.000000 0.000000 0.000000
vn -1.000000 0.000000 0.000000
vn -1.000000 0.000003 0.000000
vn -1.000000 0.000000 0.000000
vn -1.000000 0.000000 0.000000
vn -1.000000 0.000001 0.000000
vn -1.000000 0.000001 0.000000
vn -1.000000 0.000000 0.000000
vn -1.000000 0.000000 0.000000
vn -1.000000 0.000000 0.000000
vn -1.000000 0.000000 0.000000
vn -1.000000 0.000000 0.000000
vn -0.707088 0.000000 -0.707126
vn -0.707049 0.000000 -0.707165
vn -0.707049 0.000000 -0.707165
vn -0.707088 0.000000 -0.707126
vn -0.707116 0.000000 -0.707097
vn -0.707109 0.000000 -0.707104
vn -0.707068 0.000004 -0.707145
vn -0.707068 0.000004 -0.707145
vn -0.707068 0.000004 -0.707145
vn -0.707068 0.000004 -0.707145
vn -0.707109 0.000000 -0.707104
vn -0.707117 0.000000 -0.707097
vn -0.707075 0.000000 -0.707138
vn -0.707081 0.000000 -0.707133
vn -0.707081 0.000000 -0.707133
vn -0.707076 0.000000 -0.707138
vn -0.707047 0.000000 -0.707167
vn -0.707055 0.000000 -0.707158
vn -0.707055 0.000000 -0.707158
vn -0.707047 0.000000 -0.707167
vn 0.000000 0.000000 -1.000000
vn 0.000000 0.000000 -1.000000
vn 0.000000 0.000000 -1.000000
vn 0.000000 0.000000 -1.000000
vn 0.000000 0.000000 -1.000000
vn 0.000000 0.000000 -1.000000
vn 0.000042 0.000000 -1.000000
vn 0.000042 0.000000 -1.000000
vn 0.000042 0.000000 -1.000000
vn 0.000042 0.000000 -1.000000
vn 0.000000 0.000000 -1.000000
vn 0.000000 0.000000 -1.000000
vn 0.000000 0.000000 -1.000000
vn 0.000000 0.000000 -1.000000
vn 0.000000 0.000000 -1.000000
vn 0.000000 0.000000 -1.000000
vn 0.000000 0.000000 -1.000000
vn 0.000000 0.000000 -1.000000
vn 0.000000 0.000000 -1.000000
vn 0.000000 0.000000 -1.000000
vn 0.707157 0.000000 -0.707056
vn 0.707131 0.000000 -0.707083
vn 0.707124 0.000000 -0.707090
vn 0.707117 0.000000 -0.707097
vn 0.707130 -0.000003 -0.707083
vn 0.707072 0.000009 -0.707142
vn 0.707111 0.000000 -0.707103
vn 0.707111 0.000000 -0.707103
vn 0.707111 0.000000 -0.707103
vn 0.707111 0.000000 -0.707103
vn 0.707062 0.000009 -0.707152
vn 0.707088 0.000000 -0.707126
vn 0.707060 -0.000006 -0.707154
vn 0.707067 0.000009 -0.707146
vn 0.707069 0.000009 -0.707145
vn 0.707084 0.000000 -0.707130
vn 0.707053 -0.000006 -0.707160
vn 0.707078 0.000007 -0.707136
vn 0.707084 0.000007 -0.707130
vn 0.707121 0.000000 -0.707093
vn 1.000000 -0.000003 0.000006
vn 1.000000 0.000003 0.000000
vn 1.000000 0.000003 0.000003
vn 1.000000 0.000000 0.000016
vn 1.000000 0.000000 0.000006
vn 1.000000 0.000000 0.000000
vn 1.000000 0.000000 0.000019
vn 1.000000 0.000000 0.000019
vn 1.000000 0.000000 0.000019
vn 1.000000 0.000000 0.000019
vn 1.000000 0.000000 0.000003
vn 1.000000 0.000000 0.000016
vn 1.000000 0.000000 -0.000006
vn 1.000000 0.000000 -0.000007
vn 1.000000 0.000000 -0.000009
vn 1.000000 0.000000 -0.000016
vn 1.000000 0.000000 -0.000012
vn 1.000000 0.000000 -0.000014
vn 1.000000 0.000000 -0.000018
vn 1.000000 0.000000 -0.000032
vn 0.763073 0.000000 -0.646312
vn 0.763073 0.000000 -0.646312
vn 0.763073 0.000000 -0.646312
vn 0.763073 0.000000 -0.646312
vn 0.354344 0.865374 0.354354
vn 0.354344 0.865374 0.354354
vn 0.354344 0.865374 0.354355
vn 0.354344 0.865374 0.354355
vn -0.646249 0.000000 0.763127
vn -0.646249 0.000000 0.763127
vn -0.646249 0.000000 0.763127
vn -0.646249 0.000000 0.763127
vn 0.354362 -0.865377 0.354330
vn 0.354362 -0.865377 0.354330
vn 0.354362 -0.865377 0.354330
vn 0.354362 -0.865377 0.354330
vn 0.996585 0.000000 0.082577
vn 0.996585 0.000000 0.082577
vn 0.996585 0.000000 0.082577
vn 0.996585 0.000000 0.082577
vn 0.000000 0.865375 0.501125
vn 0.000000 0.865375 0.501125
vn 0.000000 0.865375 0.501125
vn 0.000000 0.865375 0.501125
vn -0.996585 0.000000 0.082570
vn -0.996585 0.000000 0.082570
vn -0.996585 0.000000 0.082570
vn -0.996585 0.000000 0.082570
vn 0.000023 -0.865374 0.501127
vn 0.000023 -0.865374 0.501127
vn 0.000023 -0.865374 0.501127
vn 0.000023 -0.865374 0.501127
vn 0.646249 0.000000 0.763127
vn 0.646249 0.000000 0.763127
vn 0.646249 0.000000 0.763126
vn 0.646249 0.000000 0.763126
vn -0.354342 0.865384 0.354334
vn -0.354341 0.865384 0.354334
vn -0.354341 0.865384 0.354334
vn -0.354342 0.865384 0.354334
vn -0.763041 0.000000 -0.646350
vn -0.763041 0.000000 -0.646350
vn -0.763041 0.000000 -0.646350
vn -0.763041 0.000000 -0.646350
vn -0.354341 -0.865382 0.354339
vn -0.354341 -0.865382 0.354339
vn -0.354341 -0.865382 0.354339
vn -0.354341 -0.865382 0.354339
vn -0.082499 -0.000013 0.996591
vn -0.082499 -0.000013 0.996591
vn -0.082499 -0.000013 0.996591
vn -0.082499 -0.000013 0.996591
vn -0.501095 0.865392 0.000000
vn -0.501095 0.865392 0.000000
vn -0.501095 0.865392 0.000000
vn -0.501095 0.865392 0.000000
vn -0.082475 0.000000 -0.996593
vn -0.082475 0.000000 -0.996593
vn -0.082475 0.000000 -0.996593
vn -0.082475 0.000000 -0.996593
vn -0.501101 -0.865389 0.000006
vn -0.501101 -0.865389 0.000006
vn -0.501101 -0.865389 0.000006
vn -0.501101 -0.865389 0.000006
vn -0.763115 0.000000 0.646263
vn -0.763115 0.000000 0.646263
vn -0.763115 0.000000 0.646263
vn -0.763115 0.000000 0.646263
vn -0.354307 0.865394 -0.354344
vn -0.354307 0.865394 -0.354344
vn -0.354307 0.865394 -0.354344
vn -0.354307 0.865394 -0.354344
vn 0.646304 0.000005 -0.763080
vn 0.646304 0.000005 -0.763080
vn 0.646304 0.000005 -0.763080
vn 0.646304 0.000005 -0.763080
vn -0.354321 -0.865401 -0.354313
vn -0.354321 -0.865401 -0.354313
vn -0.354321 -0.865401 -0.354313
vn -0.354321 -0.865401 -0.354313
vn -0.996585 0.000000 -0.082574
vn -0.996585 0.000000 -0.082574
vn -0.996585 0.000000 -0.082574
vn -0.996585 0.000000 -0.082574
vn 0.000000 0.865375 -0.501125
vn 0.000000 0.865375 -0.501125
vn 0.000000 0.865375 -0.501125
vn 0.000000 0.865375 -0.501125
vn 0.996585 0.000000 -0.082574
vn 0.996585 0.000000 -0.082574
vn 0.996585 0.000000 -0.082574
vn 0.996585 0.000000 -0.082574
vn 0.000000 -0.865374 -0.501127
vn 0.000000 -0.865374 -0.501127
vn 0.000000 -0.865374 -0.501127
vn 0.000000 -0.865374 -0.501127
vn -0.646308 0.000005 -0.763076
vn -0.646308 0.000005 -0.763077
vn -0.646308 0.000005 -0.763076
vn -0.646308 0.000005 -0.763076
vn 0.354321 0.865400 -0.354314
vn 0.354321 0.865400 -0.354314
vn 0.354321 0.865400 -0.354314
vn 0.354321 0.865400 -0.354314
vn 0.763114 0.000000 0.646263
vn 0.763115 0.000000 0.646263
vn 0.763115 0.000000 0.646263
vn 0.763114 0.000000 0.646263
vn 0.354341 -0.865392 -0.354316
vn 0.354341 -0.865392 -0.354316
vn 0.354341 -0.865392 -0.354316
vn 0.354341 -0.865392 -0.354316
vn 0.082551 0.000000 -0.996587
vn 0.082551 0.000000 -0.996587
vn 0.082551 0.000000 -0.996587
vn 0.082551 0.000000 -0.996587
vn 0.501097 0.865391 0.000017
vn 0.501097 0.865391 0.000017
vn 0.501097 0.865391 0.000017
vn 0.501097 0.865391 0.000017
vn 0.082566 0.000000 0.996586
vn 0.082566 0.000000 0.996586
vn 0.082566 0.000000 0.996586
vn 0.082566 0.000000 0.996586
vn 0.501097 -0.865391 -0.000006
vn 0.501097 -0.865391 -0.000006
vn 0.501097 -0.865391 -0.000006
vn 0.501097 -0.865391 -0.000006
s 1
g playerStand1
usemtl StingrayPBS10SG
f 1/1/1 2/816/2 40/3/3 39/4/4
s 2
f 2/2/5 1/829/6 281/5/7 282/6/8
s 3
f 4/7/9 3/8/10 55/770/11 56/767/12
s 1
f 5/11/13 6/830/14 39/4/4 38/13/15
s 2
f 6/12/16 5/827/17 295/14/18 296/15/19
s 3
f 8/16/20 7/17/21 53/772/22 54/769/23
s 1
f 9/20/24 10/828/25 38/13/15 37/22/26
s 2
f 10/21/27 9/825/28 293/23/29 294/24/30
s 3
f 12/25/31 11/26/32 51/774/33 52/771/34
s 1
f 13/29/35 14/826/36 37/22/26 36/31/37
s 2
f 14/30/38 13/823/39 291/32/40 292/33/41
s 3
f 15/34/42 16/35/43 50/760/44 49/773/45
s 1
f 17/38/46 18/824/47 36/31/37 35/40/48
s 2
f 18/39/49 17/821/50 289/41/51 290/42/52
s 3
f 20/43/53 19/44/54 63/762/55 64/759/56
s 1
f 21/47/57 22/822/58 35/40/48 34/49/59
s 2
f 22/48/60 21/819/61 287/50/62 288/51/63
s 3
f 24/52/64 23/53/65 61/764/66 62/761/67
s 1
f 25/56/68 26/820/69 34/49/59 33/58/70
s 2
f 26/57/71 25/817/72 285/59/73 286/60/74
s 3
f 28/61/75 27/62/76 59/885/77 60/763/78
s 1
f 29/65/79 30/818/80 33/58/70 40/3/3
s 2
f 30/66/81 29/815/82 283/67/83 284/68/84
s 3
f 32/69/85 31/70/86 57/768/87 58/765/88
s 2
f 1/829/6 6/12/16 296/15/19 281/5/7
f 5/827/17 10/21/27 294/24/30 295/14/18
f 9/825/28 14/30/38 292/33/41 293/23/29
f 13/823/39 18/39/49 290/42/52 291/32/40
f 17/821/50 22/48/60 288/51/63 289/41/51
f 21/819/61 26/57/71 286/60/74 287/50/62
f 25/886/72 30/66/81 284/68/84 285/884/73
f 29/815/82 2/2/5 282/6/8 283/67/83
s 1
f 6/830/14 1/1/1 39/4/4
f 10/828/25 5/11/13 38/13/15
f 14/826/36 9/20/24 37/22/26
f 18/824/47 13/29/35 36/31/37
f 22/822/58 17/38/46 35/40/48
f 26/820/69 21/47/57 34/49/59
f 30/818/80 25/56/68 33/58/70
f 2/816/2 29/65/79 40/3/3
s 3
f 11/26/32 15/34/42 49/773/45 51/774/33
f 7/17/21 12/25/31 52/771/34 53/772/22
f 3/8/10 8/16/20 54/769/23 55/770/11
f 31/70/86 4/7/9 56/767/12 57/768/87
f 27/882/76 32/69/85 58/765/88 59/766/77
f 23/53/65 28/61/75 60/763/78 61/764/66
f 19/44/54 24/52/64 62/761/67 63/762/55
f 16/35/43 20/43/53 64/759/56 50/760/44
s 1
f 33/58/70 34/49/59 35/40/48 36/31/37 37/22/26 38/13/15 39/4/4 40/3/3
s 16
f 66/73/89 65/74/90 103/810/91 104/807/92
f 68/77/93 67/78/94 101/812/95 102/809/96
f 70/81/97 69/82/98 99/814/99 100/811/100
f 71/85/101 72/86/102 98/800/103 97/813/104
f 74/89/105 73/90/106 111/802/107 112/799/108
f 76/93/109 75/94/110 109/804/111 110/801/112
f 78/97/113 77/98/114 107/806/115 108/803/116
f 80/101/117 79/102/118 105/808/119 106/805/120
f 69/82/98 71/85/101 97/813/104 99/814/99
f 67/78/94 70/81/97 100/811/100 101/812/95
f 65/74/90 68/77/93 102/809/96 103/810/91
f 79/102/118 66/73/89 104/807/92 105/808/119
f 77/98/114 80/101/117 106/805/120 107/806/115
f 75/94/110 78/97/113 108/803/116 109/804/111
f 73/90/106 76/93/109 110/801/112 111/802/107
f 72/86/102 74/89/105 112/799/108 98/800/103
s 23
f 81/105/121 82/106/122 83/107/123 84/108/124 85/109/125 86/110/126 87/111/127 88/112/128
s off
f 800/870/129 795/865/130 790/860/131 785/855/132 780/850/133 775/845/134 770/840/135 765/835/136
s 24
f 89/798/137 90/797/138 279/121/139 280/122/140
s 25
f 90/797/141 91/796/142 278/124/143 279/121/144
s 26
f 91/796/145 92/795/146 277/126/147 278/124/148
s 27
f 92/795/149 93/794/150 276/128/151 277/126/152
s 28
f 93/794/153 94/793/154 275/130/155 276/128/156
s 29
f 94/793/157 95/792/158 274/132/159 275/130/160
s 30
f 95/792/161 96/791/162 273/134/163 274/132/164
s 31
f 96/791/165 89/798/166 280/122/167 273/134/168
f 114/782/169 113/873/170 798/872/171 764/834/172
s 30
f 115/781/173 114/880/174 763/837/175 769/842/176
s 29
f 116/780/177 115/879/178 768/839/179 774/847/180
s 28
f 117/779/181 116/878/182 773/844/183 779/852/184
s 27
f 118/778/185 117/877/186 778/849/187 784/857/188
s 26
f 119/777/189 118/876/190 783/854/191 789/862/192
s 25
f 120/775/193 119/875/194 788/859/195 794/867/196
s 24
f 113/776/197 120/874/198 793/864/199 799/869/200
s 31
f 122/143/201 121/144/202 137/145/203 138/146/204
s 30
f 123/147/205 122/143/206 138/146/207 139/148/208
s 29
f 124/149/209 123/147/210 139/148/211 140/150/212
s 28
f 125/151/213 124/149/214 140/150/215 141/152/216
s 27
f 126/153/217 125/151/218 141/152/219 142/154/220
s 26
f 127/155/221 126/153/222 142/154/223 143/156/224
s 25
f 128/157/225 127/155/226 143/156/227 144/158/228
s 24
f 121/144/229 128/157/230 144/158/231 137/145/232
s 31
f 130/790/233 129/784/234 121/144/202 122/143/201
s 30
f 131/789/235 130/790/236 122/143/206 123/147/205
s 29
f 132/788/237 131/789/238 123/147/210 124/149/209
s 28
f 133/787/239 132/788/240 124/149/214 125/151/213
s 27
f 134/786/241 133/787/242 125/151/218 126/153/217
s 26
f 135/785/243 134/786/244 126/153/222 127/155/221
s 25
f 136/783/245 135/785/246 127/155/226 128/157/225
s 24
f 129/784/247 136/783/248 128/157/230 121/144/229
s 31
f 138/146/204 137/145/203 145/167/249 146/168/250
s 30
f 139/148/208 138/146/207 146/168/251 147/169/252
s 29
f 140/150/212 139/148/211 147/169/253 148/170/254
s 28
f 141/152/216 140/150/215 148/170/255 149/171/256
s 27
f 142/154/220 141/152/219 149/171/257 150/172/258
s 26
f 143/156/224 142/154/223 150/172/259 151/173/260
s 25
f 144/158/228 143/156/227 151/173/261 152/174/262
s 24
f 137/145/232 144/158/231 152/174/263 145/167/264
s 31
f 146/168/250 145/167/249 113/136/170 114/135/169
s 30
f 147/169/252 146/168/251 114/135/174 115/137/173
s 29
f 148/170/254 147/169/253 115/137/178 116/138/177
s 28
f 149/171/256 148/170/255 116/138/182 117/139/181
s 27
f 150/172/258 149/171/257 117/139/186 118/140/185
s 26
f 151/173/260 150/172/259 118/140/190 119/141/189
s 25
f 152/174/262 151/173/261 119/141/194 120/142/193
s 24
f 145/167/264 152/174/263 120/142/198 113/136/197
s 48
f 153/175/265 154/176/266 163/177/267 164/178/268
f 154/176/266 153/175/265 156/179/269 155/180/270
f 155/180/270 156/179/269 157/181/271 158/182/272
f 158/182/272 157/181/271 160/183/273 159/184/274
f 159/184/274 160/183/273 181/185/275 182/887/276
f 161/187/277 162/188/278 167/189/279 168/190/280
f 162/188/278 161/187/277 164/178/268 163/177/267
f 165/191/281 166/192/282 171/193/283 172/194/284
f 166/192/282 165/191/281 168/190/280 167/189/279
f 169/195/285 170/196/286 175/197/287 176/198/288
f 170/196/286 169/195/285 172/194/284 171/193/283
f 173/199/289 174/200/290 179/201/291 180/202/292
f 174/200/290 173/199/289 176/198/288 175/197/287
f 177/203/293 178/204/294 183/205/295 184/206/296
f 178/204/294 177/203/293 180/202/292 179/201/291
f 182/186/276 181/891/275 184/206/296 183/205/295
f 156/179/269 153/175/265 767/841/297 762/836/298
f 41/832/299 797/871/300 160/183/273 157/181/271
f 772/846/301 42/118/302 164/178/268 161/187/277
f 777/851/303 43/117/304 168/190/280 165/191/281
f 782/856/305 44/116/306 172/194/284 169/195/285
f 787/861/307 45/115/308 176/198/288 173/199/289
f 792/866/309 46/114/310 180/202/292 177/203/293
f 48/831/311 47/113/312 184/206/296 181/891/275
f 153/175/265 164/178/268 766/838/313
f 161/187/277 168/190/280 771/843/314
f 165/191/281 172/194/284 776/848/315
f 169/195/285 176/198/288 781/853/316
f 173/199/289 180/202/292 786/858/317
f 177/203/293 184/206/296 791/863/318
f 181/185/275 160/183/273 796/868/319
f 157/181/271 156/179/269 761/833/320
s 49
f 185/207/321 186/208/322 215/209/323 216/210/324
f 186/208/322 185/207/321 188/211/325 187/212/326
f 187/212/326 188/211/325 190/213/327 189/890/328
f 189/214/328 190/888/327 192/215/329 191/216/330
f 191/216/330 192/215/329 194/217/331 193/218/332
f 193/218/332 194/217/331 196/219/333 195/220/334
f 195/220/334 196/219/333 198/221/335 197/222/336
f 197/222/336 198/221/335 200/223/337 199/224/338
f 199/224/338 200/223/337 202/225/339 201/226/340
f 201/226/340 202/225/339 204/227/341 203/228/342
f 203/228/342 204/227/341 206/229/343 205/230/344
f 205/230/344 206/229/343 208/231/345 207/232/346
f 207/232/346 208/231/345 210/233/347 209/234/348
f 209/234/348 210/233/347 212/235/349 211/236/350
f 211/236/350 212/235/349 214/237/351 213/238/352
f 213/238/352 214/237/351 216/210/324 215/209/323
s 50
f 213/238/353 215/209/354 56/10/355 55/9/356
f 209/234/357 211/236/358 54/19/359 53/18/360
f 205/230/361 207/232/362 52/28/363 51/27/364
f 201/226/365 203/228/366 49/37/367 50/36/368
f 197/222/369 199/224/370 64/46/371 63/45/372
f 193/218/373 195/220/374 62/55/375 61/54/376
f 189/214/377 191/216/378 60/64/379 59/889/380
f 186/208/381 187/212/382 58/72/383 57/71/384
f 51/27/364 49/37/367 203/228/366 205/230/361
f 53/18/360 52/28/363 207/232/362 209/234/357
f 55/9/356 54/19/359 211/236/358 213/238/353
f 57/71/384 56/10/355 215/209/354 186/208/381
f 59/63/380 58/72/383 187/212/382 189/890/377
f 61/54/376 60/64/379 191/216/378 193/218/373
f 63/45/372 62/55/375 195/220/374 197/222/369
f 50/36/368 64/46/371 199/224/370 201/226/365
s 48
f 158/182/272 159/184/274 188/211/385 185/207/386
f 190/213/387 188/211/385 159/184/274 182/887/276
f 182/186/276 183/205/295 192/215/388 190/888/387
f 194/217/389 192/215/388 183/205/295 178/204/294
f 178/204/294 179/201/291 196/219/390 194/217/389
f 198/221/391 196/219/390 179/201/291 174/200/290
f 174/200/290 175/197/287 200/223/392 198/221/391
f 202/225/393 200/223/392 175/197/287 170/196/286
f 170/196/286 171/193/283 204/227/394 202/225/393
f 206/229/395 204/227/394 171/193/283 166/192/282
f 166/192/282 167/189/279 208/231/396 206/229/395
f 210/233/397 208/231/396 167/189/279 162/188/278
f 162/188/278 163/177/267 212/235/398 210/233/397
f 214/237/399 212/235/398 163/177/267 154/176/266
f 154/176/266 155/180/270 216/210/400 214/237/399
f 185/207/386 216/210/400 155/180/270 158/182/272
s 24
f 218/239/401 217/240/402 225/241/403 226/242/404
s 31
f 219/243/405 218/239/406 226/242/407 227/244/408
s 30
f 220/245/409 219/243/410 227/244/411 228/246/412
s 29
f 221/247/413 220/245/414 228/246/415 229/248/416
s 28
f 222/249/417 221/247/418 229/248/419 230/250/420
s 27
f 223/251/421 222/249/422 230/250/423 231/252/424
s 26
f 224/253/425 223/251/426 231/252/427 232/254/428
s 25
f 217/240/429 224/253/430 232/254/431 225/241/432
s 24
f 226/242/404 225/241/403 271/255/433 686/256/434 692/257/435 698/258/436 704/259/437 272/260/438
s 31
f 227/244/408 226/242/407 272/260/439 710/261/440 716/262/441 722/263/442 728/264/443 265/265/444
s 30
f 228/246/412 227/244/411 265/265/445 542/266/446 548/267/447 554/268/448 560/269/449 266/270/450
s 29
f 229/248/416 228/246/415 266/270/451 566/271/452 572/272/453 578/273/454 584/274/455 267/275/456
s 28
f 230/250/420 229/248/419 267/275/457 590/276/458 596/277/459 602/278/460 608/279/461 268/280/462
s 27
f 231/252/424 230/250/423 268/280/463 614/281/464 620/282/465 626/283/466 632/284/467 269/285/468
s 26
f 232/254/428 231/252/427 269/285/469 638/286/470 644/287/471 650/288/472 656/289/473 270/290/474
s 25
f 225/241/432 232/254/431 270/290/475 662/291/476 668/292/477 674/293/478 680/294/479 271/255/480
s 24
f 234/295/481 233/296/482 241/297/483 242/298/484
s 31
f 235/299/485 234/295/486 242/298/487 243/300/488
s 30
f 236/301/489 235/299/490 243/300/491 244/302/492
s 29
f 237/303/493 236/301/494 244/302/495 245/304/496
s 28
f 238/305/497 237/303/498 245/304/499 246/306/500
s 27
f 239/307/501 238/305/502 246/306/503 247/308/504
s 26
f 240/309/505 239/307/506 247/308/507 248/310/508
s 25
f 233/296/509 240/309/510 248/310/511 241/297/512
s 24
f 242/298/484 241/297/483 255/311/513 256/312/514
s 31
f 243/300/488 242/298/487 256/312/515 249/313/516
s 30
f 244/302/492 243/300/491 249/313/517 250/314/518
s 29
f 245/304/496 244/302/495 250/314/519 251/315/520
s 28
f 246/306/500 245/304/499 251/315/521 252/316/522
s 27
f 247/308/504 246/306/503 252/316/523 253/317/524
s 26
f 248/310/508 247/308/507 253/317/525 254/318/526
s 25
f 241/297/512 248/310/511 254/318/527 255/311/528
s 30
f 250/314/518 249/313/517 130/159/236 131/161/235
s 29
f 251/315/520 250/314/519 131/161/238 132/162/237
s 28
f 252/316/522 251/315/521 132/162/240 133/163/239
s 27
f 253/317/524 252/316/523 133/163/242 134/164/241
s 26
f 254/318/526 253/317/525 134/164/244 135/165/243
s 25
f 255/311/528 254/318/527 135/165/246 136/166/245
s 24
f 256/312/514 255/311/513 136/166/248 129/160/247
s 31
f 249/313/516 256/312/515 129/160/234 130/159/233
s 30
f 258/319/529 555/320/530 549/321/531 543/322/532 537/323/533 257/324/534 235/299/490 236/301/489
s 29
f 259/325/535 579/326/536 573/327/537 567/328/538 561/329/539 258/319/540 236/301/494 237/303/493
s 28
f 260/330/541 603/331/542 597/332/543 591/333/544 585/334/545 259/325/546 237/303/498 238/305/497
s 27
f 261/335/547 627/336/548 621/337/549 615/338/550 609/339/551 260/330/552 238/305/502 239/307/501
s 26
f 262/340/553 651/341/554 645/342/555 639/343/556 633/344/557 261/335/558 239/307/506 240/309/505
s 25
f 263/345/559 675/346/560 669/347/561 663/348/562 657/349/563 262/340/564 240/309/510 233/296/509
s 24
f 264/350/565 699/351/566 693/352/567 687/353/568 681/354/569 263/345/570 233/296/482 234/295/481
s 31
f 257/324/571 723/355/572 717/356/573 711/357/574 705/358/575 264/350/576 234/295/486 235/299/485
s 30
f 541/359/577 542/266/446 265/265/445 505/360/578
s 29
f 565/361/579 566/271/452 266/270/451 506/362/580
s 28
f 589/363/581 590/276/458 267/275/457 507/364/582
s 27
f 613/365/583 614/281/464 268/280/463 508/366/584
s 26
f 637/367/585 638/286/470 269/285/469 509/368/586
s 25
f 661/369/587 662/291/476 270/290/475 510/370/588
s 24
f 685/371/589 686/256/434 271/255/433 511/372/590
s 31
f 709/373/591 710/261/440 272/260/439 512/374/592
s 30
f 274/132/164 273/134/163 219/243/410 220/245/409
s 29
f 275/130/160 274/132/159 220/245/414 221/247/413
s 28
f 276/128/156 275/130/155 221/247/418 222/249/417
s 27
f 277/126/152 276/128/151 222/249/422 223/251/421
s 26
f 278/124/148 277/126/147 223/251/426 224/253/425
s 25
f 279/121/144 278/124/143 224/253/430 217/240/429
s 24
f 280/122/140 279/121/139 217/240/402 218/239/401
s 31
f 273/134/168 280/122/167 218/239/406 219/243/405
s 2
f 282/6/8 281/5/7 297/375/593 298/376/594
f 283/67/83 282/6/8 298/376/594 299/377/595
f 284/68/84 283/67/83 299/377/595 300/378/596
f 285/884/73 284/68/84 300/378/596 301/883/597
f 286/60/74 285/59/73 301/379/597 302/380/598
f 287/50/62 286/60/74 302/380/598 303/381/599
f 288/51/63 287/50/62 303/381/599 304/382/600
f 289/41/51 288/51/63 304/382/600 305/383/601
f 290/42/52 289/41/51 305/383/601 306/384/602
f 291/32/40 290/42/52 306/384/602 307/385/603
f 292/33/41 291/32/40 307/385/603 308/386/604
f 293/23/29 292/33/41 308/386/604 309/387/605
f 294/24/30 293/23/29 309/387/605 310/388/606
f 295/14/18 294/24/30 310/388/606 311/389/607
f 296/15/19 295/14/18 311/389/607 312/390/608
f 281/5/7 296/15/19 312/390/608 297/375/593
f 298/376/594 297/375/593 313/391/609 314/392/610
f 299/377/595 298/376/594 314/392/610 315/393/611
f 300/378/596 299/377/595 315/393/611 316/394/612
f 301/883/597 300/378/596 316/394/612 317/881/613
f 302/380/598 301/379/597 317/395/613 318/396/614
f 303/381/599 302/380/598 318/396/614 319/397/615
f 304/382/600 303/381/599 319/397/615 320/398/616
f 305/383/601 304/382/600 320/398/616 321/399/617
f 306/384/602 305/383/601 321/399/617 322/400/618
f 307/385/603 306/384/602 322/400/618 323/401/619
f 308/386/604 307/385/603 323/401/619 324/402/620
f 309/387/605 308/386/604 324/402/620 325/403/621
f 310/388/606 309/387/605 325/403/621 326/404/622
f 311/389/607 310/388/606 326/404/622 327/405/623
f 312/390/608 311/389/607 327/405/623 328/406/624
f 297/375/593 312/390/608 328/406/624 313/391/609
f 314/392/610 313/391/609 3/8/625 4/7/626
f 315/393/611 314/392/610 4/7/626 31/70/627
f 316/394/612 315/393/611 31/70/627 32/69/628
f 317/881/613 316/394/612 32/69/628 27/882/629
f 318/396/614 317/395/613 27/62/629 28/61/630
f 319/397/615 318/396/614 28/61/630 23/53/631
f 320/398/616 319/397/615 23/53/631 24/52/632
f 321/399/617 320/398/616 24/52/632 19/44/633
f 322/400/618 321/399/617 19/44/633 20/43/634
f 323/401/619 322/400/618 20/43/634 16/35/635
f 324/402/620 323/401/619 16/35/635 15/34/636
f 325/403/621 324/402/620 15/34/636 11/26/637
f 326/404/622 325/403/621 11/26/637 12/25/638
f 327/405/623 326/404/622 12/25/638 7/17/639
f 328/406/624 327/405/623 7/17/639 8/16/640
f 313/391/609 328/406/624 8/16/640 3/8/625
s 59
f 330/407/641 329/408/642 90/120/643 89/119/644
f 331/409/645 330/407/641 89/119/644
f 89/119/644 96/133/646 332/410/647 331/409/645
f 333/411/648 332/410/647 96/133/646
f 96/133/646 95/131/649 334/412/650 333/411/648
f 335/413/651 334/412/650 95/131/649
f 95/131/649 94/129/652 336/414/653 335/413/651
f 337/415/654 336/414/653 94/129/652
f 94/129/652 93/127/655 338/416/656 337/415/654
f 339/417/657 338/416/656 93/127/655
f 93/127/655 92/125/658 340/418/659 339/417/657
f 341/419/660 340/418/659 92/125/658
f 92/125/658 91/123/661 342/420/662 341/419/660
f 343/421/663 342/420/662 91/123/661
f 91/123/661 90/120/643 344/422/664 343/421/663
f 329/408/642 344/422/664 90/120/643
s 60
f 345/423/665 346/424/666 355/425/667 356/426/668
f 346/424/666 345/423/665 348/427/669 347/428/670
f 347/428/670 348/427/669 349/429/671 350/430/672
f 350/430/672 349/429/671 352/431/673 351/432/674
f 351/432/674 352/431/673 373/433/675 374/434/676
f 353/435/677 354/436/678 359/437/679 360/438/680
f 354/436/678 353/435/677 356/426/668 355/425/667
f 357/439/681 358/440/682 363/441/683 364/442/684
f 358/440/682 357/439/681 360/438/680 359/437/679
f 361/443/685 362/444/686 367/445/687 368/446/688
f 362/444/686 361/443/685 364/442/684 363/441/683
f 365/447/689 366/448/690 371/449/691 372/450/692
f 366/448/690 365/447/689 368/446/688 367/445/687
f 369/451/693 370/452/694 375/453/695 376/454/696
f 370/452/694 369/451/693 372/450/692 371/449/691
f 374/434/676 373/433/675 376/454/696 375/453/695
s 61
f 405/455/697 406/456/698 104/76/699 103/75/700
f 403/457/701 404/458/702 102/80/703 101/79/704
f 401/459/705 402/460/706 100/84/707 99/83/708
f 399/461/709 400/462/710 97/88/711 98/87/712
f 397/463/713 398/464/714 112/92/715 111/91/716
f 395/465/717 396/466/718 110/96/719 109/95/720
f 393/467/721 394/468/722 108/100/723 107/99/724
f 407/469/725 408/470/726 106/104/727 105/103/728
f 99/83/708 97/88/711 400/462/710 401/459/705
f 101/79/704 100/84/707 402/460/706 403/457/701
f 103/75/700 102/80/703 404/458/702 405/455/697
f 105/103/728 104/76/699 406/456/698 407/469/725
f 107/99/724 106/104/727 408/470/726 393/467/721
f 109/95/720 108/100/723 394/468/722 395/465/717
f 111/91/716 110/96/719 396/466/718 397/463/713
f 98/87/712 112/92/715 398/464/714 399/461/709
f 374/434/729 375/453/730 378/471/731 377/472/732
f 379/473/733 378/471/731 375/453/730 370/452/734
f 370/452/734 371/449/735 380/474/736 379/473/733
f 381/475/737 380/474/736 371/449/735 366/448/738
f 366/448/738 367/445/739 382/476/740 381/475/737
f 383/477/741 382/476/740 367/445/739 362/444/742
f 362/444/742 363/441/743 384/478/744 383/477/741
f 385/479/745 384/478/744 363/441/743 358/440/746
f 358/440/746 359/437/747 386/480/748 385/479/745
f 387/481/749 386/480/748 359/437/747 354/436/750
f 354/436/750 355/425/751 388/482/752 387/481/749
f 389/483/753 388/482/752 355/425/751 346/424/754
f 346/424/754 347/428/755 390/484/756 389/483/753
f 391/485/757 390/484/756 347/428/755 350/430/758
f 350/430/758 351/432/759 392/486/760 391/485/757
f 377/472/732 392/486/760 351/432/759 374/434/729
f 377/472/732 378/471/731 394/468/722 393/467/721
f 395/465/717 394/468/722 378/471/731 379/473/733
f 379/473/733 380/474/736 396/466/718 395/465/717
f 397/463/713 396/466/718 380/474/736 381/475/737
f 381/475/737 382/476/740 398/464/714 397/463/713
f 399/461/709 398/464/714 382/476/740 383/477/741
f 383/477/741 384/478/744 400/462/710 399/461/709
f 401/459/705 400/462/710 384/478/744 385/479/745
f 385/479/745 386/480/748 402/460/706 401/459/705
f 403/457/701 402/460/706 386/480/748 387/481/749
f 387/481/749 388/482/752 404/458/702 403/457/701
f 405/455/697 404/458/702 388/482/752 389/483/753
f 389/483/753 390/484/756 406/456/698 405/455/697
f 407/469/725 406/456/698 390/484/756 391/485/757
f 391/485/757 392/486/760 408/470/726 407/469/725
f 393/467/721 408/470/726 392/486/760 377/472/732
s 70
f 409/487/761 410/488/762 440/489/763 439/490/764
f 410/488/762 409/487/761 411/491/765 412/492/766
f 412/492/766 411/491/765 413/493/767 414/494/768
f 414/494/768 413/493/767 415/495/769 416/496/770
f 416/496/770 415/495/769 417/497/771 418/498/772
f 418/498/772 417/497/771 419/499/773 420/500/774
f 420/500/774 419/499/773 421/501/775 422/502/776
f 422/502/776 421/501/775 423/503/777 424/504/778
f 424/504/778 423/503/777 425/505/779 426/506/780
f 426/506/780 425/505/779 427/507/781 428/508/782
f 428/508/782 427/507/781 429/509/783 430/510/784
f 430/510/784 429/509/783 431/511/785 432/512/786
f 432/512/786 431/511/785 433/513/787 434/514/788
f 434/514/788 433/513/787 435/515/789 436/516/790
f 436/516/790 435/515/789 437/517/791 438/518/792
f 438/518/792 437/517/791 439/490/764 440/489/763
s 71
f 411/491/793 409/487/794 329/408/795 330/407/796
f 413/493/797 411/491/793 330/407/796 331/409/798
f 331/409/798 332/410/799 415/495/800 413/493/797
f 417/497/801 415/495/800 332/410/799 333/411/802
f 333/411/802 334/412/803 419/499/804 417/497/801
f 421/501/805 419/499/804 334/412/803 335/413/806
f 335/413/806 336/414/807 423/503/808 421/501/805
f 425/505/809 423/503/808 336/414/807 337/415/810
f 337/415/810 338/416/811 427/507/812 425/505/809
f 429/509/813 427/507/812 338/416/811 339/417/814
f 339/417/814 340/418/815 431/511/816 429/509/813
f 433/513/817 431/511/816 340/418/815 341/419/818
f 341/419/818 342/420/819 435/515/820 433/513/817
f 437/517/821 435/515/820 342/420/819 343/421/822
f 343/421/822 344/422/823 439/490/824 437/517/821
f 409/487/794 439/490/824 344/422/823 329/408/795
s 72
f 348/427/825 345/423/826 410/488/827 412/492/828
f 414/494/829 416/496/830 352/431/831 349/429/832
f 438/518/833 440/489/834 356/426/835 353/435/836
f 434/514/837 436/516/838 360/438/839 357/439/840
f 430/510/841 432/512/842 364/442/843 361/443/844
f 426/506/845 428/508/846 368/446/847 365/447/848
f 422/502/849 424/504/850 372/450/851 369/451/852
f 418/498/853 420/500/854 376/454/855 373/433/856
f 345/423/826 356/426/835 440/489/834 410/488/827
f 353/435/836 360/438/839 436/516/838 438/518/833
f 357/439/840 364/442/843 432/512/842 434/514/837
f 361/443/844 368/446/847 428/508/846 430/510/841
f 365/447/848 372/450/851 424/504/850 426/506/845
f 369/451/852 376/454/855 420/500/854 422/502/849
f 373/433/856 352/431/831 416/496/830 418/498/853
f 349/429/832 348/427/825 412/492/828 414/494/829
s 74
f 442/519/857 441/520/858 457/521/859 458/522/860
f 443/523/861 442/519/857 458/522/860 459/524/862
f 444/525/863 443/523/861 459/524/862 460/526/864
f 445/527/865 444/525/863 460/526/864 461/528/866
f 446/529/867 445/527/865 461/528/866 462/530/868
f 447/531/869 446/529/867 462/530/868 463/532/870
f 448/533/871 447/531/869 463/532/870 464/534/872
f 449/535/873 448/533/871 464/534/872 465/536/874
f 450/537/875 449/535/873 465/536/874 466/538/876
f 451/539/877 450/537/875 466/538/876 467/540/878
f 452/541/879 451/539/877 467/540/878 468/542/880
f 453/543/881 452/541/879 468/542/880 469/544/882
f 454/545/883 453/543/881 469/544/882 470/546/884
f 455/547/885 454/545/883 470/546/884 471/548/886
f 456/549/887 455/547/885 471/548/886 472/550/888
f 441/520/858 456/549/887 472/550/888 457/521/859
f 458/522/860 457/521/859 65/74/889 66/73/890
f 459/524/862 458/522/860 66/73/890 79/102/891
f 460/526/864 459/524/862 79/102/891 80/101/892
f 461/528/866 460/526/864 80/101/892 77/98/893
f 462/530/868 461/528/866 77/98/893 78/97/894
f 463/532/870 462/530/868 78/97/894 75/94/895
f 464/534/872 463/532/870 75/94/895 76/93/896
f 465/536/874 464/534/872 76/93/896 73/90/897
f 466/538/876 465/536/874 73/90/897 74/89/898
f 467/540/878 466/538/876 74/89/898 72/86/899
f 468/542/880 467/540/878 72/86/899 71/85/900
f 469/544/882 468/542/880 71/85/900 69/82/901
f 470/546/884 469/544/882 69/82/901 70/81/902
f 471/548/886 470/546/884 70/81/902 67/78/903
f 472/550/888 471/548/886 67/78/903 68/77/904
f 457/521/859 472/550/888 68/77/904 65/74/889
s 75
f 473/551/905 474/552/906 479/553/907 480/554/908
f 474/552/906 473/551/905 476/555/909 475/556/910
f 475/556/910 476/555/909 501/557/911 502/558/912
f 477/559/913 478/560/914 483/561/915 484/562/916
f 478/560/914 477/559/913 480/554/908 479/553/907
f 481/563/917 482/564/918 487/565/919 488/566/920
f 482/564/918 481/563/917 484/562/916 483/561/915
f 485/567/921 486/568/922 491/569/923 492/570/924
f 486/568/922 485/567/921 488/566/920 487/565/919
f 489/571/925 490/572/926 495/573/927 496/574/928
f 490/572/926 489/571/925 492/570/924 491/569/923
f 493/575/929 494/576/930 499/577/931 500/578/932
f 494/576/930 493/575/929 496/574/928 495/573/927
f 497/579/933 498/580/934 503/581/935 504/582/936
f 498/580/934 497/579/933 500/578/932 499/577/931
f 502/558/912 501/557/911 504/582/936 503/581/935
s 23
f 474/552/937 475/556/938 88/112/128 87/111/127
s 74
f 476/555/939 473/551/940 441/520/858 442/519/857
s 23
f 478/560/941 479/553/942 87/111/127 86/110/126
s 74
f 480/554/943 477/559/944 455/547/885 456/549/887
s 23
f 482/564/945 483/561/946 86/110/126 85/109/125
s 74
f 484/562/947 481/563/948 453/543/881 454/545/883
s 23
f 486/568/949 487/565/950 85/109/125 84/108/124
s 74
f 488/566/951 485/567/952 451/539/877 452/541/879
s 23
f 490/572/953 491/569/954 84/108/124 83/107/123
s 74
f 492/570/955 489/571/956 449/535/873 450/537/875
s 23
f 494/576/957 495/573/958 83/107/123 82/106/122
s 74
f 496/574/959 493/575/960 447/531/869 448/533/871
s 23
f 498/580/961 499/577/962 82/106/122 81/105/121
s 74
f 500/578/963 497/579/964 445/527/865 446/529/867
s 23
f 502/558/965 503/581/966 81/105/121 88/112/128
s 74
f 504/582/967 501/557/968 443/523/861 444/525/863
f 473/551/940 480/554/943 456/549/887 441/520/858
f 477/559/944 484/562/969 454/545/883 455/547/885
f 481/563/970 488/566/951 452/541/879 453/543/881
f 485/567/952 492/570/955 450/537/875 451/539/877
f 489/571/956 496/574/959 448/533/871 449/535/873
f 493/575/960 500/578/963 446/529/867 447/531/869
f 497/579/964 504/582/967 444/525/863 445/527/865
f 501/557/968 476/555/939 442/519/857 443/523/861
s 23
f 479/553/942 474/552/937 87/111/127
f 483/561/946 478/560/941 86/110/126
f 487/565/950 482/564/945 85/109/125
f 491/569/954 486/568/949 84/108/124
f 495/573/958 490/572/953 83/107/123
f 499/577/962 494/576/957 82/106/122
f 503/581/966 498/580/961 81/105/121
f 475/556/938 502/558/965 88/112/128
s 30
f 540/583/971 541/359/577 505/360/578 513/584/972
s 29
f 564/585/973 565/361/579 506/362/580 514/586/974
s 28
f 588/587/975 589/363/581 507/364/582 515/588/976
s 27
f 612/589/977 613/365/583 508/366/584 516/590/978
s 26
f 636/591/979 637/367/585 509/368/586 517/592/980
s 25
f 660/593/981 661/369/587 510/370/588 518/594/982
s 24
f 684/595/983 685/371/589 511/372/590 519/596/984
s 31
f 708/597/985 709/373/591 512/374/592 520/598/986
s 30
f 539/599/987 540/583/971 513/584/972 521/600/988
s 29
f 563/601/989 564/585/973 514/586/974 522/602/990
s 28
f 587/603/991 588/587/975 515/588/976 523/604/992
s 27
f 611/605/993 612/589/977 516/590/978 524/606/994
s 26
f 635/607/995 636/591/979 517/592/980 525/608/996
s 25
f 659/609/997 660/593/981 518/594/982 526/610/998
s 24
f 683/611/999 684/595/983 519/596/984 527/612/1000
s 31
f 707/613/1001 708/597/985 520/598/986 528/614/1002
s 30
f 538/615/1003 539/599/987 521/600/988 529/616/1004
s 29
f 562/617/1005 563/601/989 522/602/990 530/618/1006
s 28
f 586/619/1007 587/603/991 523/604/992 531/620/1008
s 27
f 610/621/1009 611/605/993 524/606/994 532/622/1010
s 26
f 634/623/1011 635/607/995 525/608/996 533/624/1012
s 25
f 658/625/1013 659/609/997 526/610/998 534/626/1014
s 24
f 682/627/1015 683/611/999 527/612/1000 535/628/1016
s 31
f 706/629/1017 707/613/1001 528/614/1002 536/630/1018
s 30
f 537/323/533 538/615/1003 529/616/1004 257/324/534
s 29
f 561/329/539 562/617/1005 530/618/1006 258/319/540
s 28
f 585/334/545 586/619/1007 531/620/1008 259/325/546
s 27
f 609/339/551 610/621/1009 532/622/1010 260/330/552
s 26
f 633/344/557 634/623/1011 533/624/1012 261/335/558
s 25
f 657/349/563 658/625/1013 534/626/1014 262/340/564
s 24
f 681/354/569 682/627/1015 535/628/1016 263/345/570
s 31
f 705/358/575 706/629/1017 536/630/1018 264/350/576
s 30
f 543/322/532 544/631/1019 538/615/1003 537/323/533
f 544/631/1019 545/632/1020 539/599/987 538/615/1003
f 545/632/1020 546/633/1021 540/583/971 539/599/987
f 546/633/1021 547/634/1022 541/359/577 540/583/971
f 547/634/1022 548/267/447 542/266/446 541/359/577
f 549/321/531 550/635/1023 544/631/1019 543/322/532
f 550/635/1023 551/636/1024 545/632/1020 544/631/1019
s off
f 729/637/1025 730/638/1026 731/639/1027 732/640/1028
s 30
f 552/641/1029 553/642/1030 547/634/1022 546/633/1021
f 553/642/1030 554/268/448 548/267/447 547/634/1022
f 555/320/530 556/643/1031 550/635/1023 549/321/531
f 556/643/1031 557/644/1032 551/636/1024 550/635/1023
f 557/644/1032 558/645/1033 552/641/1029 551/636/1024
f 558/645/1033 559/646/1034 553/642/1030 552/641/1029
f 559/646/1034 560/269/449 554/268/448 553/642/1030
f 530/618/1035 556/643/1031 555/320/530 258/319/529
f 522/602/1036 557/644/1032 556/643/1031 530/618/1035
f 514/586/1037 558/645/1033 557/644/1032 522/602/1036
f 506/362/1038 559/646/1034 558/645/1033 514/586/1037
f 266/270/450 560/269/449 559/646/1034 506/362/1038
s 29
f 567/328/538 568/647/1039 562/617/1005 561/329/539
f 568/647/1039 569/648/1040 563/601/989 562/617/1005
f 569/648/1040 570/649/1041 564/585/973 563/601/989
f 570/649/1041 571/650/1042 565/361/579 564/585/973
f 571/650/1042 572/272/453 566/271/452 565/361/579
f 573/327/537 574/651/1043 568/647/1039 567/328/538
f 574/651/1043 575/652/1044 569/648/1040 568/647/1039
s off
f 733/653/1045 734/654/1046 735/655/1047 736/656/1048
s 29
f 576/657/1049 577/658/1050 571/650/1042 570/649/1041
f 577/658/1050 578/273/454 572/272/453 571/650/1042
f 579/326/536 580/659/1051 574/651/1043 573/327/537
f 580/659/1051 581/660/1052 575/652/1044 574/651/1043
f 581/660/1052 582/661/1053 576/657/1049 575/652/1044
f 582/661/1053 583/662/1054 577/658/1050 576/657/1049
f 583/662/1054 584/274/455 578/273/454 577/658/1050
f 531/620/1055 580/659/1051 579/326/536 259/325/535
f 523/604/1056 581/660/1052 580/659/1051 531/620/1055
f 515/588/1057 582/661/1053 581/660/1052 523/604/1056
f 507/364/1058 583/662/1054 582/661/1053 515/588/1057
f 267/275/456 584/274/455 583/662/1054 507/364/1058
s 28
f 591/333/544 592/663/1059 586/619/1007 585/334/545
f 592/663/1059 593/664/1060 587/603/991 586/619/1007
f 593/664/1060 594/665/1061 588/587/975 587/603/991
f 594/665/1061 595/666/1062 589/363/581 588/587/975
f 595/666/1062 596/277/459 590/276/458 589/363/581
f 597/332/543 598/667/1063 592/663/1059 591/333/544
f 598/667/1063 599/668/1064 593/664/1060 592/663/1059
s off
f 737/669/1065 738/670/1066 739/671/1067 740/672/1068
s 28
f 600/673/1069 601/674/1070 595/666/1062 594/665/1061
f 601/674/1070 602/278/460 596/277/459 595/666/1062
f 603/331/542 604/675/1071 598/667/1063 597/332/543
f 604/675/1071 605/676/1072 599/668/1064 598/667/1063
f 605/676/1072 606/677/1073 600/673/1069 599/668/1064
f 606/677/1073 607/678/1074 601/674/1070 600/673/1069
f 607/678/1074 608/279/461 602/278/460 601/674/1070
f 532/622/1075 604/675/1071 603/331/542 260/330/541
f 524/606/1076 605/676/1072 604/675/1071 532/622/1075
f 516/590/1077 606/677/1073 605/676/1072 524/606/1076
f 508/366/1078 607/678/1074 606/677/1073 516/590/1077
f 268/280/462 608/279/461 607/678/1074 508/366/1078
s 27
f 615/338/550 616/679/1079 610/621/1009 609/339/551
f 616/679/1079 617/680/1080 611/605/993 610/621/1009
f 617/680/1080 618/681/1081 612/589/977 611/605/993
f 618/681/1081 619/682/1082 613/365/583 612/589/977
f 619/682/1082 620/282/465 614/281/464 613/365/583
f 621/337/549 622/683/1083 616/679/1079 615/338/550
f 622/683/1083 623/684/1084 617/680/1080 616/679/1079
s off
f 741/685/1085 742/686/1086 743/687/1087 744/688/1088
s 27
f 624/689/1089 625/690/1090 619/682/1082 618/681/1081
f 625/690/1090 626/283/466 620/282/465 619/682/1082
f 627/336/548 628/691/1091 622/683/1083 621/337/549
f 628/691/1091 629/692/1092 623/684/1084 622/683/1083
f 629/692/1092 630/693/1093 624/689/1089 623/684/1084
f 630/693/1093 631/694/1094 625/690/1090 624/689/1089
f 631/694/1094 632/284/467 626/283/466 625/690/1090
f 533/624/1095 628/691/1091 627/336/548 261/335/547
f 525/608/1096 629/692/1092 628/691/1091 533/624/1095
f 517/592/1097 630/693/1093 629/692/1092 525/608/1096
f 509/368/1098 631/694/1094 630/693/1093 517/592/1097
f 269/285/468 632/284/467 631/694/1094 509/368/1098
s 26
f 639/343/556 640/695/1099 634/623/1011 633/344/557
f 640/695/1099 641/696/1100 635/607/995 634/623/1011
f 641/696/1100 642/697/1101 636/591/979 635/607/995
f 642/697/1101 643/698/1102 637/367/585 636/591/979
f 643/698/1102 644/287/471 638/286/470 637/367/585
f 645/342/555 646/699/1103 640/695/1099 639/343/556
f 646/699/1103 647/700/1104 641/696/1100 640/695/1099
s off
f 745/701/1105 746/702/1106 747/703/1107 748/704/1108
s 26
f 648/705/1109 649/706/1110 643/698/1102 642/697/1101
f 649/706/1110 650/288/472 644/287/471 643/698/1102
f 651/341/554 652/707/1111 646/699/1103 645/342/555
f 652/707/1111 653/708/1112 647/700/1104 646/699/1103
f 653/708/1112 654/709/1113 648/705/1109 647/700/1104
f 654/709/1113 655/710/1114 649/706/1110 648/705/1109
f 655/710/1114 656/289/473 650/288/472 649/706/1110
f 534/626/1115 652/707/1111 651/341/554 262/340/553
f 526/610/1116 653/708/1112 652/707/1111 534/626/1115
f 518/594/1117 654/709/1113 653/708/1112 526/610/1116
f 510/370/1118 655/710/1114 654/709/1113 518/594/1117
f 270/290/474 656/289/473 655/710/1114 510/370/1118
s 25
f 663/348/562 664/711/1119 658/625/1013 657/349/563
f 664/711/1119 665/712/1120 659/609/997 658/625/1013
f 665/712/1120 666/713/1121 660/593/981 659/609/997
f 666/713/1121 667/714/1122 661/369/587 660/593/981
f 667/714/1122 668/292/477 662/291/476 661/369/587
f 669/347/561 670/715/1123 664/711/1119 663/348/562
f 670/715/1123 671/716/1124 665/712/1120 664/711/1119
s off
f 749/717/1125 750/718/1126 751/719/1127 752/720/1128
s 25
f 672/721/1129 673/722/1130 667/714/1122 666/713/1121
f 673/722/1130 674/293/478 668/292/477 667/714/1122
f 675/346/560 676/723/1131 670/715/1123 669/347/561
f 676/723/1131 677/724/1132 671/716/1124 670/715/1123
f 677/724/1132 678/725/1133 672/721/1129 671/716/1124
f 678/725/1133 679/726/1134 673/722/1130 672/721/1129
f 679/726/1134 680/294/479 674/293/478 673/722/1130
f 535/628/1135 676/723/1131 675/346/560 263/345/559
f 527/612/1136 677/724/1132 676/723/1131 535/628/1135
f 519/596/1137 678/725/1133 677/724/1132 527/612/1136
f 511/372/1138 679/726/1134 678/725/1133 519/596/1137
f 271/255/480 680/294/479 679/726/1134 511/372/1138
s 24
f 687/353/568 688/727/1139 682/627/1015 681/354/569
f 688/727/1139 689/728/1140 683/611/999 682/627/1015
f 689/728/1140 690/729/1141 684/595/983 683/611/999
f 690/729/1141 691/730/1142 685/371/589 684/595/983
f 691/730/1142 692/257/435 686/256/434 685/371/589
f 693/352/567 694/731/1143 688/727/1139 687/353/568
f 694/731/1143 695/732/1144 689/728/1140 688/727/1139
s off
f 753/733/1145 754/734/1146 755/735/1147 756/736/1148
s 24
f 696/737/1149 697/738/1150 691/730/1142 690/729/1141
f 697/738/1150 698/258/436 692/257/435 691/730/1142
f 699/351/566 700/739/1151 694/731/1143 693/352/567
f 700/739/1151 701/740/1152 695/732/1144 694/731/1143
f 701/740/1152 702/741/1153 696/737/1149 695/732/1144
f 702/741/1153 703/742/1154 697/738/1150 696/737/1149
f 703/742/1154 704/259/437 698/258/436 697/738/1150
f 536/630/1155 700/739/1151 699/351/566 264/350/565
f 528/614/1156 701/740/1152 700/739/1151 536/630/1155
f 520/598/1157 702/741/1153 701/740/1152 528/614/1156
f 512/374/1158 703/742/1154 702/741/1153 520/598/1157
f 272/260/438 704/259/437 703/742/1154 512/374/1158
s 31
f 711/357/574 712/743/1159 706/629/1017 705/358/575
f 712/743/1159 713/744/1160 707/613/1001 706/629/1017
f 713/744/1160 714/745/1161 708/597/985 707/613/1001
f 714/745/1161 715/746/1162 709/373/591 708/597/985
f 715/746/1162 716/262/441 710/261/440 709/373/591
f 717/356/573 718/747/1163 712/743/1159 711/357/574
f 718/747/1163 719/748/1164 713/744/1160 712/743/1159
s off
f 757/749/1165 758/750/1166 759/751/1167 760/752/1168
s 31
f 720/753/1169 721/754/1170 715/746/1162 714/745/1161
f 721/754/1170 722/263/442 716/262/441 715/746/1162
f 723/355/572 724/755/1171 718/747/1163 717/356/573
f 724/755/1171 725/756/1172 719/748/1164 718/747/1163
f 725/756/1172 726/757/1173 720/753/1169 719/748/1164
f 726/757/1173 727/758/1174 721/754/1170 720/753/1169
f 727/758/1174 728/264/443 722/263/442 721/754/1170
f 529/616/1175 724/755/1171 723/355/572 257/324/571
f 521/600/1176 725/756/1172 724/755/1171 529/616/1175
f 513/584/1177 726/757/1173 725/756/1172 521/600/1176
f 505/360/1178 727/758/1174 726/757/1173 513/584/1177
f 265/265/444 728/264/443 727/758/1174 505/360/1178
s off
f 551/636/1179 552/641/1180 730/638/1181 729/637/1182
f 552/641/1183 546/633/1184 731/639/1185 730/638/1186
f 546/633/1187 545/632/1188 732/640/1189 731/639/1190
f 545/632/1191 551/636/1192 729/637/1193 732/640/1194
f 575/652/1195 576/657/1196 734/654/1197 733/653/1198
f 576/657/1199 570/649/1200 735/655/1201 734/654/1202
f 570/649/1203 569/648/1204 736/656/1205 735/655/1206
f 569/648/1207 575/652/1208 733/653/1209 736/656/1210
f 599/668/1211 600/673/1212 738/670/1213 737/669/1214
f 600/673/1215 594/665/1216 739/671/1217 738/670/1218
f 594/665/1219 593/664/1220 740/672/1221 739/671/1222
f 593/664/1223 599/668/1224 737/669/1225 740/672/1226
f 623/684/1227 624/689/1228 742/686/1229 741/685/1230
f 624/689/1231 618/681/1232 743/687/1233 742/686/1234
f 618/681/1235 617/680/1236 744/688/1237 743/687/1238
f 617/680/1239 623/684/1240 741/685/1241 744/688/1242
f 647/700/1243 648/705/1244 746/702/1245 745/701/1246
f 648/705/1247 642/697/1248 747/703/1249 746/702/1250
f 642/697/1251 641/696/1252 748/704/1253 747/703/1254
f 641/696/1255 647/700/1256 745/701/1257 748/704/1258
f 671/716/1259 672/721/1260 750/718/1261 749/717/1262
f 672/721/1263 666/713/1264 751/719/1265 750/718/1266
f 666/713/1267 665/712/1268 752/720/1269 751/719/1270
f 665/712/1271 671/716/1272 749/717/1273 752/720/1274
f 695/732/1275 696/737/1276 754/734/1277 753/733/1278
f 696/737/1279 690/729/1280 755/735/1281 754/734/1282
f 690/729/1283 689/728/1284 756/736/1285 755/735/1286
f 689/728/1287 695/732/1288 753/733/1289 756/736/1290
f 719/748/1291 720/753/1292 758/750/1293 757/749/1294
f 720/753/1295 714/745/1296 759/751/1297 758/750/1298
f 714/745/1299 713/744/1300 760/752/1301 759/751/1302
f 713/744/1303 719/748/1304 757/749/1305 760/752/1306
