# This file uses meters as units for non-parametric coordinates.

mtllib chains.mtl
g default
v -4416.996573 648.953015 868.872798
v -4416.134142 649.107432 868.523453
v -4415.191007 649.096419 868.491541
v -4414.311294 648.921586 868.781885
v -4413.629805 648.609619 869.351399
v -4413.247905 648.207663 870.112547
v -4413.226684 647.777533 870.949738
v -4413.566705 647.384379 871.735001
v -4414.218049 647.087725 872.349691
v -4415.080641 646.933349 872.699679
v -4416.023455 646.944321 872.731832
v -4416.903650 647.119275 872.440926
v -4417.585621 647.431202 871.872054
v -4417.966557 647.833037 871.110584
v -4417.988582 648.263248 870.273072
v -4417.647838 648.656482 869.488131
v -4416.949951 649.611394 869.113385
v -4416.080527 649.611394 868.747481
v -4415.136668 649.611394 868.741372
v -4414.263225 649.611394 869.096022
v -4413.592990 649.611394 869.757093
v -4413.227247 649.611394 870.624588
v -4413.222584 649.611394 871.566035
v -4413.579164 649.611394 872.437389
v -4414.242968 649.611394 873.107784
v -4415.113035 649.611394 873.473688
v -4416.056412 649.611394 873.479797
v -4416.930177 649.611394 873.125147
v -4417.600411 649.611394 872.464076
v -4417.965994 649.611394 871.596903
v -4417.970656 649.611394 870.655455
v -4417.614237 649.611394 869.783780
v -4416.949951 661.525945 869.113385
v -4416.080527 661.525945 868.747481
v -4415.136668 661.525945 868.741372
v -4414.263225 661.525945 869.096022
v -4413.592990 661.525945 869.757093
v -4413.227247 661.525945 870.624588
v -4413.222584 661.525945 871.566035
v -4413.579164 661.525945 872.437389
v -4414.242968 661.525945 873.107784
v -4415.113035 661.525945 873.473688
v -4416.056412 661.525945 873.479797
v -4416.930177 661.525945 873.125147
v -4417.600411 661.525945 872.464076
v -4417.965994 661.525945 871.596903
v -4417.970656 661.525945 870.655455
v -4417.614237 661.525945 869.783780
v -4416.955096 662.239747 868.899566
v -4416.084225 662.074158 868.575782
v -4415.140366 662.080990 868.568065
v -4414.267887 662.258878 868.877058
v -4413.599421 662.580732 869.456782
v -4413.236089 662.998001 870.218492
v -4413.233677 663.446620 871.045796
v -4413.592347 663.858583 871.812972
v -4414.258080 664.171113 872.403949
v -4415.128951 664.336622 872.727733
v -4416.072006 664.330191 872.735449
v -4416.945128 664.152303 872.426457
v -4417.613594 663.830288 871.847055
v -4417.976605 663.413261 871.085666
v -4417.979177 662.964562 870.258041
v -4417.620668 662.552438 869.490542
v -4416.972137 662.823570 868.091876
v -4416.099176 662.537567 867.877092
v -4415.155317 662.549061 867.864874
v -4414.285410 662.856366 868.057150
v -4413.621606 663.413261 868.424983
v -4413.263419 664.135101 868.912427
v -4413.267760 664.910959 869.445206
v -4413.632378 665.623476 869.941653
v -4414.302291 666.164294 870.326849
v -4415.175734 666.450859 870.542276
v -4416.118629 666.439204 870.554815
v -4416.989017 666.131658 870.361896
v -4417.653304 665.574764 869.993741
v -4418.010687 664.853325 869.506619
v -4418.006346 664.077145 868.973840
v -4417.641889 663.364227 868.477393
v -4417.027762 663.402409 865.472350
v -4416.151103 663.055395 865.444698
v -4415.207566 663.069382 865.425084
v -4414.341839 663.441877 865.416403
v -4413.685109 664.116774 865.420261
v -4413.337693 664.991905 865.436338
v -4413.352805 665.932549 865.461739
v -4413.726748 666.796346 865.492928
v -4414.403734 667.451871 865.524759
v -4415.281518 667.799287 865.552411
v -4416.224895 667.785380 865.572346
v -4417.090622 667.412805 865.580706
v -4417.747030 666.737667 865.576526
v -4418.094286 665.862857 865.560771
v -4418.079656 664.922052 865.535370
v -4417.705392 664.057934 865.504503
v -4415.690990 646.522671 867.006703
v -4415.944036 648.341661 868.017682
v -4415.377978 648.333704 868.008358
v -4414.857095 648.122778 868.072343
v -4414.460485 647.740958 868.199991
v -4414.248273 647.246441 868.371689
v -4414.253579 646.714465 868.561715
v -4414.474793 646.226057 868.740166
v -4414.878960 645.855170 868.880997
v -4415.403862 645.658954 868.962345
v -4415.969920 645.666751 868.971348
v -4416.490802 645.877677 868.907363
v -4416.887252 646.259497 868.779714
v -4417.098821 646.754014 868.608337
v -4417.093676 647.285990 868.418633
v -4416.872622 647.774639 868.239218
v -4416.468938 648.145366 868.098708
v -4415.864939 647.416934 866.850760
v -4415.486978 647.411548 866.844651
v -4415.140205 647.270958 866.887415
v -4414.875744 647.016545 866.972299
v -4414.734109 646.686733 867.087086
v -4414.737485 646.332083 867.213449
v -4414.885069 646.006531 867.332737
v -4415.154513 645.759272 867.426625
v -4415.504340 645.628409 867.480642
v -4415.881659 645.633634 867.487073
v -4416.229075 645.774384 867.443988
v -4416.493375 646.028797 867.359103
v -4416.634528 646.358448 867.244637
v -4416.631151 646.713099 867.118275
v -4416.483568 647.038892 866.998665
v -4416.214284 647.286070 866.905099
v -4415.781019 646.969843 866.849474
v -4415.592440 646.967029 866.846258
v -4415.419134 646.896935 866.867480
v -4415.286663 646.769608 866.909922
v -4415.215765 646.604823 866.967155
v -4415.217694 646.427337 867.030497
v -4415.291325 646.264481 867.090302
v -4415.426047 646.140932 867.136924
v -4415.601122 646.075500 867.163933
v -4415.789861 646.078072 867.167148
v -4415.963328 646.148407 867.145605
v -4416.095478 646.275573 867.103163
v -4416.166055 646.440520 867.046252
v -4416.164608 646.618006 866.982910
v -4416.090494 646.780701 866.923105
v -4415.956094 646.904250 866.876161
v -4417.151552 647.657842 862.213536
v -4416.274893 647.985966 862.195209
v -4415.331838 647.972622 862.176239
v -4414.465629 647.689071 862.158554
v -4413.809864 647.050869 862.145050
v -4413.462930 646.223927 862.137655
v -4413.478203 645.334407 862.138298
v -4413.852788 644.419406 862.145693
v -4414.531061 643.799772 862.159840
v -4415.408041 643.471488 862.177846
v -4416.351579 643.484630 862.196817
v -4417.217305 643.837151 862.215144
v -4417.873232 644.573782 862.228327
v -4418.220166 645.400563 862.235401
v -4418.204893 646.290002 862.234758
v -4417.829664 647.106936 862.227041
v -4417.160716 647.978973 858.912763
v -4416.281806 648.306212 859.011795
v -4415.338108 648.292949 858.987680
v -4414.475597 647.941595 858.844920
v -4413.824011 647.305362 858.604735
v -4413.482704 646.480952 858.303780
v -4413.504408 645.594326 857.988035
v -4413.885263 644.780206 857.705730
v -4414.568038 644.162300 857.499627
v -4415.447590 643.835141 857.400917
v -4416.390806 643.848083 857.425032
v -4417.253960 644.199920 857.568114
v -4417.905224 644.835911 857.807977
v -4418.245888 645.660240 858.108610
v -4418.224185 646.546867 858.424355
v -4417.843329 647.361148 858.707304
v -4417.182741 648.576983 857.855323
v -4416.299732 648.735780 858.146953
v -4415.356757 648.715885 858.122999
v -4414.497300 648.520313 857.787480
v -4413.853512 648.179127 857.191599
v -4413.521288 647.743611 856.425066
v -4413.553763 647.280966 855.606042
v -4413.943702 646.861044 854.858157
v -4414.633469 646.547751 854.296118
v -4415.516478 646.389115 854.004488
v -4416.459453 646.408969 854.028201
v -4417.319070 646.604541 854.363640
v -4417.963341 646.945848 854.959761
v -4418.294279 647.381083 855.725732
v -4418.262608 647.843889 856.545399
v -4417.872026 648.263851 857.292962
v -4417.187081 649.611394 857.628562
v -4416.302706 649.611394 857.957490
v -4415.359812 649.611394 857.924050
v -4414.501963 649.611394 857.533388
v -4413.859541 649.611394 856.844987
v -4413.530773 649.611394 855.963023
v -4413.565499 649.611394 855.022219
v -4413.957929 649.611394 854.166621
v -4414.649225 649.611394 853.524520
v -4415.533921 649.611394 853.195592
v -4416.476816 649.611394 853.228710
v -4417.334986 649.611394 853.619372
v -4417.976765 649.611394 854.307773
v -4418.305854 649.611394 855.189737
v -4418.271289 649.611394 856.130542
v -4417.878698 649.611394 856.986783
v -4417.187081 661.525945 857.628562
v -4416.302706 661.525945 857.957490
v -4415.359812 661.525945 857.924050
v -4414.501963 661.525945 857.533388
v -4413.859541 661.525945 856.844987
v -4413.530773 661.525945 855.963023
v -4413.565499 661.525945 855.022219
v -4413.957929 661.525945 854.166621
v -4414.649225 661.525945 853.524520
v -4415.533921 661.525945 853.195592
v -4416.476816 661.525945 853.228710
v -4417.334986 661.525945 853.619372
v -4417.976765 661.525945 854.307773
v -4418.305854 661.525945 855.189737
v -4418.271289 661.525945 856.130542
v -4417.878698 661.525945 856.986783
v -4417.182901 662.239747 857.842381
v -4416.299330 662.074158 858.129510
v -4415.355953 662.080990 858.097678
v -4414.497140 662.258878 857.752031
v -4413.853592 662.580732 857.145299
v -4413.522253 662.998001 856.368797
v -4413.554245 663.446620 855.542137
v -4413.945068 663.858583 854.791037
v -4414.635077 664.171113 854.228355
v -4415.518809 664.336622 853.941226
v -4416.461221 664.330191 853.972415
v -4417.320357 664.152303 854.318062
v -4417.964547 663.830288 854.925116
v -4418.295083 663.413261 855.701296
v -4418.263251 662.964562 856.527956
v -4417.872750 662.552438 857.280021
v -4417.166182 662.823570 858.650071
v -4416.285182 662.537567 858.828200
v -4415.341484 662.549061 858.801191
v -4414.480420 662.856366 858.572582
v -4413.832210 663.413261 858.177097
v -4413.495083 664.135101 857.675184
v -4413.521771 664.910959 857.143369
v -4413.906806 665.623476 856.662357
v -4414.592474 666.164294 856.305455
v -4415.473795 666.450859 856.127005
v -4416.416528 666.439284 856.153692
v -4417.278075 666.131578 856.382945
v -4417.926285 665.574683 856.778430
v -4418.262929 664.853244 857.280021
v -4418.236564 664.077145 857.812157
v -4417.851528 663.364227 858.293170
v -4417.112486 663.402409 861.269919
v -4416.235184 663.055395 861.260594
v -4415.291807 663.069382 861.240981
v -4414.426563 663.441877 861.213007
v -4413.770315 664.116774 861.181819
v -4413.424025 664.991905 861.151273
v -4413.440101 665.932549 861.126837
v -4413.815008 666.796346 861.111403
v -4414.492960 667.451871 861.107545
v -4415.370904 667.799287 861.116548
v -4416.314281 667.785220 861.136483
v -4417.179365 667.412805 861.163813
v -4417.835130 666.737667 861.195645
v -4418.181903 665.862857 861.225869
v -4418.165987 664.922052 861.250627
v -4417.790598 664.057934 861.265739
v -4416.733238 646.769769 865.979407
v -4416.164286 647.022574 865.979407
v -4415.532957 647.001031 865.979407
v -4414.989085 646.711893 865.979407
v -4414.650671 646.238999 865.979407
v -4414.566591 645.710078 865.979085
v -4414.706136 645.241525 865.979407
v -4414.990210 644.897806 865.979407
v -4415.340520 644.684309 865.979085
v -4415.715427 644.575309 865.979407
v -4416.105767 644.558589 865.979085
v -4416.502056 644.654406 865.979407
v -4416.869086 644.891938 865.979085
v -4417.142871 645.276813 865.979407
v -4417.245761 645.777198 865.979407
v -4417.114093 646.314640 865.979407
v -4415.911883 645.787808 865.979085
v -4417.292222 647.390488 865.405471
v -4416.334216 647.800281 865.459167
v -4415.279911 647.766842 865.455952
v -4414.359202 647.442576 865.396146
v -4413.757775 646.665030 865.292613
v -4413.565017 645.768115 865.165929
v -4413.753917 644.935265 865.039245
v -4414.219657 644.285849 864.931532
v -4414.843430 643.857488 864.854364
v -4415.544371 643.635710 864.814816
v -4416.281806 643.615052 864.815137
v -4417.011203 643.825415 864.856936
v -4417.652178 644.294531 864.938606
v -4418.094446 645.004877 865.051142
v -4418.223542 645.881214 865.180398
v -4417.957473 646.786087 865.306439
v -4415.910597 644.566869 865.979085
v -4415.913169 643.625421 864.814816
v -4415.879730 643.477918 862.187171
v -4415.919118 643.841652 857.412814
v -4415.988086 646.399082 854.016143
v -4416.005449 649.611394 853.211990
v -4416.005449 661.525945 853.211990
v -4415.990015 664.333487 853.956660
v -4415.945001 666.444991 856.140509
v -4415.842593 667.792213 861.126194
v -4415.753207 667.792293 865.562379
v -4415.647101 666.444991 870.548706
v -4415.600318 664.333487 872.731591
v -4415.584724 661.525945 873.476904
v -4415.584724 649.611394 873.476904
v -4415.552088 646.938976 872.715434
v -4415.686810 645.662813 868.966846
v -4415.692919 645.631061 867.483536
v -4415.695492 646.076866 867.165540
vt 0.613054 0.617329
vt 0.615722 0.618042
vt 0.612587 0.616932
vt 0.604095 0.614156
vt 0.591507 0.610138
vt 0.576758 0.605483
vt 0.562135 0.600924
vt 0.549898 0.597158
vt 0.541913 0.594760
vt 0.539389 0.594097
vt 0.541035 0.594679
vt 0.542674 0.595255
vt 0.551247 0.598051
vt 0.563765 0.602052
vt 0.578362 0.606655
vt 0.592834 0.611167
vt 0.605001 0.614914
vt 0.606260 0.633624
vt 0.609199 0.632650
vt 0.606036 0.631640
vt 0.597219 0.630751
vt 0.584083 0.630120
vt 0.568623 0.629843
vt 0.553236 0.629966
vt 0.540313 0.630469
vt 0.531807 0.631274
vt 0.529025 0.632255
vt 0.530688 0.632758
vt 0.532351 0.633261
vt 0.541242 0.634141
vt 0.554325 0.634762
vt 0.569625 0.635032
vt 0.584847 0.634911
vt 0.597704 0.634418
vt 0.604160 0.831011
vt 0.607105 0.830454
vt 0.603926 0.829876
vt 0.595073 0.829367
vt 0.581889 0.829006
vt 0.566372 0.828848
vt 0.550932 0.828918
vt 0.537964 0.829206
vt 0.529433 0.829666
vt 0.526646 0.830227
vt 0.528318 0.830516
vt 0.529989 0.830803
vt 0.538916 0.831307
vt 0.552048 0.831662
vt 0.567403 0.831816
vt 0.582678 0.831747
vt 0.595577 0.831465
vt 0.607531 0.842867
vt 0.609820 0.839578
vt 0.606673 0.839134
vt 0.598542 0.841617
vt 0.586638 0.846663
vt 0.572782 0.853509
vt 0.559122 0.861092
vt 0.547771 0.868245
vt 0.540457 0.873864
vt 0.538303 0.877094
vt 0.539951 0.877278
vt 0.541597 0.877460
vt 0.549804 0.874918
vt 0.561665 0.869869
vt 0.575377 0.863086
vt 0.588892 0.855585
vt 0.600177 0.848489
vt 0.620636 0.852533
vt 0.621190 0.847260
vt 0.618138 0.846911
vt 0.611925 0.851572
vt 0.603483 0.860564
vt 0.594095 0.872523
vt 0.585228 0.885591
vt 0.578243 0.897760
vt 0.574213 0.907154
vt 0.573745 0.912340
vt 0.575317 0.912440
vt 0.576885 0.912541
vt 0.583155 0.907771
vt 0.591572 0.898771
vt 0.600860 0.886915
vt 0.609633 0.873984
vt 0.616570 0.861917
vt 0.663405 0.862020
vt 0.660988 0.855755
vt 0.658141 0.855466
vt 0.655307 0.861228
vt 0.652913 0.872205
vt 0.651332 0.886741
vt 0.650810 0.902573
vt 0.651422 0.917267
vt 0.653085 0.928558
vt 0.655535 0.934721
vt 0.656964 0.934779
vt 0.658381 0.934837
vt 0.661205 0.928935
vt 0.663570 0.917932
vt 0.665123 0.903511
vt 0.665637 0.887852
vt 0.665035 0.873290
vt 0.636534 0.602570
vt 0.638299 0.603346
vt 0.633758 0.598488
vt 0.630390 0.591715
vt 0.626950 0.583287
vt 0.623961 0.574496
vt 0.621890 0.566695
vt 0.621050 0.561072
vt 0.621555 0.558487
vt 0.622451 0.558902
vt 0.623342 0.559317
vt 0.626123 0.563428
vt 0.629472 0.570186
vt 0.632887 0.578563
vt 0.635855 0.587296
vt 0.637932 0.595072
vt 0.638789 0.600709
vt 0.638484 0.595320
vt 0.639662 0.595846
vt 0.636636 0.592596
vt 0.634397 0.588085
vt 0.632101 0.582468
vt 0.630116 0.576615
vt 0.628730 0.571418
vt 0.628165 0.567666
vt 0.628498 0.565936
vt 0.629092 0.566211
vt 0.629678 0.566484
vt 0.631532 0.569224
vt 0.633765 0.573729
vt 0.636045 0.579320
vt 0.638022 0.585148
vt 0.639411 0.590336
vt 0.639983 0.594093
vt 0.638891 0.588085
vt 0.639476 0.588353
vt 0.637970 0.586726
vt 0.636851 0.584468
vt 0.635704 0.581665
vt 0.634711 0.578738
vt 0.634015 0.576140
vt 0.633735 0.574265
vt 0.633900 0.573398
vt 0.634196 0.573534
vt 0.634488 0.573668
vt 0.635413 0.575035
vt 0.636529 0.577288
vt 0.637668 0.580088
vt 0.638661 0.583008
vt 0.639355 0.585601
vt 0.639642 0.587478
vt 0.636690 0.580876
vt 0.733673 0.609174
vt 0.736196 0.604419
vt 0.730994 0.607875
vt 0.728569 0.601905
vt 0.726790 0.589908
vt 0.725923 0.574925
vt 0.726098 0.559276
vt 0.727309 0.543651
vt 0.729336 0.533643
vt 0.731876 0.529037
vt 0.733215 0.529768
vt 0.736930 0.537778
vt 0.734550 0.530502
vt 0.738671 0.551452
vt 0.739525 0.566284
vt 0.739361 0.581762
vt 0.738188 0.595571
vt 0.768585 0.609915
vt 0.772944 0.605473
vt 0.766063 0.608631
vt 0.765768 0.601791
vt 0.767767 0.590410
vt 0.771753 0.576223
vt 0.777122 0.561432
vt 0.783029 0.548316
vt 0.788575 0.538888
vt 0.792904 0.534585
vt 0.794137 0.535305
vt 0.795593 0.542964
vt 0.795363 0.536024
vt 0.793576 0.554309
vt 0.789620 0.568357
vt 0.784317 0.582988
vt 0.778457 0.596017
vt 0.779401 0.616875
vt 0.787221 0.616086
vt 0.777044 0.615757
vt 0.780539 0.612888
vt 0.789392 0.608703
vt 0.802266 0.603833
vt 0.817168 0.599041
vt 0.831802 0.595061
vt 0.843905 0.592501
vt 0.851636 0.591759
vt 0.852738 0.592347
vt 0.850197 0.595831
vt 0.853835 0.592931
vt 0.841313 0.600007
vt 0.828536 0.604829
vt 0.813791 0.609569
vt 0.799297 0.613520
vt 0.785701 0.631430
vt 0.793753 0.632332
vt 0.783367 0.630413
vt 0.787146 0.629434
vt 0.796495 0.628644
vt 0.810010 0.628165
vt 0.825603 0.628074
vt 0.840854 0.628383
vt 0.853434 0.629045
vt 0.861401 0.629956
vt 0.862486 0.630467
vt 0.859642 0.631949
vt 0.863568 0.630976
vt 0.850251 0.632727
vt 0.836832 0.633196
vt 0.821406 0.633286
vt 0.806295 0.632983
vt 0.784226 0.829756
vt 0.792310 0.830271
vt 0.781881 0.829173
vt 0.785670 0.828613
vt 0.795049 0.828161
vt 0.808612 0.827888
vt 0.824259 0.827835
vt 0.839565 0.828012
vt 0.852192 0.828391
vt 0.860189 0.828912
vt 0.861280 0.829204
vt 0.858430 0.830052
vt 0.862367 0.829496
vt 0.849008 0.830497
vt 0.835543 0.830766
vt 0.820062 0.830817
vt 0.804897 0.830644
vt 0.781325 0.838926
vt 0.788709 0.842187
vt 0.778947 0.838478
vt 0.781961 0.840925
vt 0.789947 0.845912
vt 0.801703 0.852686
vt 0.815410 0.860200
vt 0.828951 0.867297
vt 0.840257 0.872878
vt 0.847570 0.876093
vt 0.848690 0.876279
vt 0.846654 0.873947
vt 0.849809 0.876463
vt 0.838623 0.868942
vt 0.826941 0.862219
vt 0.813379 0.854785
vt 0.799964 0.847757
vt 0.769767 0.846712
vt 0.775369 0.851974
vt 0.767282 0.846359
vt 0.768325 0.851005
vt 0.772750 0.859973
vt 0.779902 0.871908
vt 0.788672 0.884958
vt 0.797711 0.897117
vt 0.805624 0.906508
vt 0.811194 0.911696
vt 0.812392 0.911798
vt 0.812446 0.907132
vt 0.813587 0.911902
vt 0.807975 0.898139
vt 0.800867 0.886295
vt 0.792183 0.873384
vt 0.783240 0.861339
vt 0.729689 0.855509
vt 0.732285 0.861780
vt 0.726997 0.855220
vt 0.724626 0.860986
vt 0.722931 0.871972
vt 0.722191 0.886520
vt 0.722514 0.902368
vt 0.723850 0.917076
vt 0.726003 0.928377
vt 0.728626 0.934547
vt 0.729976 0.934603
vt 0.733672 0.928756
vt 0.731314 0.934661
vt 0.735327 0.917743
vt 0.736051 0.903309
vt 0.735724 0.887635
vt 0.734409 0.873060
vt 0.652524 0.549888
vt 0.654258 0.568837
vt 0.653793 0.548558
vt 0.654898 0.589544
vt 0.656839 0.586034
vt 0.658180 0.578977
vt 0.658704 0.570277
vt 0.658442 0.561908
vt 0.657596 0.555228
vt 0.656408 0.550853
vt 0.655104 0.548774
vt 0.654451 0.548665
vt 0.651309 0.552980
vt 0.650298 0.558317
vt 0.649756 0.565909
vt 0.649948 0.574779
vt 0.651010 0.583022
vt 0.652788 0.588451
vt 0.667908 0.596839
vt 0.663797 0.602519
vt 0.660347 0.600764
vt 0.658292 0.594317
vt 0.658092 0.580677
vt 0.659662 0.565518
vt 0.662500 0.551898
vt 0.665920 0.541697
vt 0.669320 0.535392
vt 0.672320 0.532626
vt 0.673539 0.532936
vt 0.674748 0.533242
vt 0.676437 0.537656
vt 0.677142 0.546207
vt 0.676660 0.558458
vt 0.674858 0.573043
vt 0.671803 0.587635
vn -0.592880 0.331618 -0.733841
vn -0.563342 0.018650 -0.826013
vn -0.202318 0.020183 -0.979112
vn -0.228153 0.465576 -0.855093
vn 0.190045 0.020706 -0.981557
vn 0.186319 0.462269 -0.866944
vn 0.553298 0.019733 -0.832750
vn 0.556666 0.324036 -0.764934
vn 0.831187 0.014939 -0.555792
vn 0.822381 0.122355 -0.555625
vn 0.981027 0.004550 -0.193817
vn 0.957919 -0.097555 -0.269952
vn 0.980387 -0.010673 0.196794
vn 0.949940 -0.309242 0.044531
vn 0.830971 -0.027507 0.555635
vn 0.802341 -0.492062 0.337821
vn 0.557371 -0.041665 0.829217
vn 0.537838 -0.626182 0.564469
vn 0.265615 -0.048227 0.962872
vn 0.261291 -0.684613 0.680465
vn 0.008699 -0.052051 0.998607
vn 0.007680 -0.713560 0.700552
vn -0.241948 -0.684756 0.687438
vn -0.249699 -0.047504 0.967158
vn -0.544284 -0.040330 0.837931
vn -0.521203 -0.620691 0.585739
vn -0.823302 -0.025819 0.567016
vn -0.792415 -0.484280 0.370880
vn -0.977960 -0.009368 0.208581
vn -0.949829 -0.300701 0.086049
vn -0.983163 0.004885 -0.182667
vn -0.970291 -0.089127 -0.224927
vn -0.837416 0.014241 -0.546381
vn -0.848132 0.130347 -0.513500
vn -0.562558 -0.014977 -0.826622
vn -0.202028 -0.014851 -0.979267
vn 0.189594 -0.014871 -0.981750
vn 0.552581 -0.014900 -0.833326
vn 0.830834 -0.012100 -0.556389
vn 0.981037 -0.003810 -0.193781
vn 0.980191 0.009917 0.197805
vn 0.829993 0.026034 0.557166
vn 0.555612 0.040061 0.830476
vn 0.263647 0.046789 0.963484
vn 0.006471 0.050552 0.998700
vn -0.251130 0.046274 0.966847
vn -0.545176 0.039153 0.837407
vn -0.823766 0.024750 0.566389
vn -0.978135 0.008643 0.207793
vn -0.982974 -0.004733 -0.183684
vn -0.836787 -0.012534 -0.547385
vn -0.598883 -0.499420 -0.626035
vn -0.215320 -0.633515 -0.743166
vn 0.215618 -0.627493 -0.748172
vn 0.597744 -0.485249 -0.638150
vn 0.864546 -0.280997 -0.416655
vn 0.990698 -0.064774 -0.119677
vn 0.969419 0.139511 0.201901
vn 0.809544 0.313001 0.496657
vn 0.536811 0.438649 0.720708
vn 0.256077 0.496394 0.829468
vn 0.003501 0.511539 0.859253
vn -0.248175 0.492858 0.833967
vn -0.530413 0.430947 0.730031
vn -0.806038 0.300528 0.509887
vn -0.968265 0.123543 0.217257
vn -0.991211 -0.082275 -0.103591
vn -0.866025 -0.298105 -0.401414
vn -0.562267 -0.786424 -0.255720
vn -0.190544 -0.937045 -0.292641
vn 0.207779 -0.930996 -0.300125
vn 0.576961 -0.768789 -0.275824
vn 0.854492 -0.479238 -0.200438
vn 0.989988 -0.121303 -0.072172
vn 0.967292 0.239022 0.084936
vn 0.801293 0.548966 0.237836
vn 0.524768 0.772364 0.357873
vn 0.244472 0.874610 0.418677
vn -0.005345 0.900608 0.434599
vn -0.253756 0.868313 0.426193
vn -0.533753 0.758760 0.373350
vn -0.808809 0.526937 0.261085
vn -0.970994 0.210635 0.113151
vn -0.987526 -0.151667 -0.042299
vn -0.845235 -0.505647 -0.172913
vn -0.547231 -0.834762 -0.060909
vn -0.182751 -0.980251 -0.075559
vn 0.208382 -0.974488 -0.083369
vn 0.569395 -0.817874 -0.082897
vn 0.844225 -0.531624 -0.068266
vn 0.986398 -0.160448 -0.035703
vn 0.972408 0.233021 0.011131
vn 0.809113 0.584361 0.062121
vn 0.528514 0.842306 0.105796
vn 0.240609 0.961953 0.129433
vn -0.011572 0.989835 0.141745
vn -0.262716 0.954856 0.138673
vn -0.548630 0.826557 0.125730
vn -0.823864 0.559218 0.092321
vn -0.978340 0.201490 0.047467
vn -0.981248 -0.192746 0.001488
vn -0.828965 -0.558140 -0.036001
vn -0.544164 -0.834845 0.083187
vn -0.179317 -0.980286 0.082973
vn 0.211813 -0.974446 0.074769
vn 0.572416 -0.817794 0.059605
vn 0.846353 -0.531555 0.033699
vn 0.987042 -0.160391 -0.004727
vn 0.971133 0.233025 -0.050997
vn 0.805876 0.584367 -0.095289
vn 0.523746 0.842289 -0.127433
vn 0.235082 0.961958 -0.139185
vn -0.017521 0.989821 -0.141233
vn -0.268190 0.954861 -0.127728
vn -0.553304 0.826571 -0.103127
vn -0.826923 0.559270 -0.058448
vn -0.979450 0.201553 -0.007321
vn -0.980476 -0.192793 0.038711
vn -0.826736 -0.558233 0.069886
vn 0.175620 0.637521 -0.750149
vn -0.192075 0.641671 -0.742540
vn 0.519281 0.486634 -0.702520
vn 0.781801 0.218725 -0.583906
vn 0.911233 -0.109289 -0.397127
vn 0.884136 -0.431839 -0.178377
vn 0.718710 -0.694934 0.022871
vn 0.460138 -0.871247 0.170886
vn 0.209591 -0.947464 0.241626
vn -0.004971 -0.963627 0.267206
vn -0.474708 -0.859144 0.191111
vn -0.223122 -0.941941 0.250925
vn -0.734942 -0.675968 0.054097
vn -0.901999 -0.408360 -0.140141
vn -0.929893 -0.085469 -0.357761
vn -0.800244 0.238308 -0.550290
vn -0.536689 0.499015 -0.680403
vn 0.175556 0.688127 -0.704032
vn -0.176403 0.691349 -0.700656
vn 0.500145 0.556707 -0.663274
vn 0.746738 0.317199 -0.584608
vn 0.877457 0.006615 -0.479610
vn 0.871916 -0.326276 -0.365111
vn 0.732469 -0.629661 -0.258876
vn 0.482111 -0.858033 -0.177052
vn 0.216825 -0.966858 -0.134807
vn -0.016064 -0.990082 -0.139573
vn -0.245507 -0.960398 -0.131765
vn -0.508025 -0.844384 -0.170076
vn -0.753183 -0.609290 -0.247955
vn -0.885728 -0.303202 -0.351503
vn -0.885018 0.027458 -0.464746
vn -0.750312 0.332862 -0.571169
vn -0.501594 0.566390 -0.653915
vn 0.031766 -0.084763 -0.995895
vn -0.067731 -0.082526 -0.994285
vn 0.122116 -0.124829 -0.984635
vn 0.187025 -0.195210 -0.962764
vn 0.217281 -0.282263 -0.934407
vn 0.209709 -0.370766 -0.904740
vn 0.169694 -0.447484 -0.878044
vn 0.104066 -0.503190 -0.857887
vn 0.033295 -0.519353 -0.853911
vn -0.021453 -0.495468 -0.868361
vn -0.075957 -0.518489 -0.851704
vn -0.146681 -0.500629 -0.853144
vn -0.213158 -0.442052 -0.871294
vn -0.252787 -0.363267 -0.896736
vn -0.258639 -0.274409 -0.926178
vn -0.226446 -0.187827 -0.955742
vn -0.159212 -0.119117 -0.980032
vn -0.020185 -0.335506 -0.941822
vn -0.172929 0.981873 0.077593
vn -0.510438 0.857455 0.064983
vn -0.515606 0.828084 0.220060
vn -0.177353 0.960957 0.212387
vn 0.178106 0.981118 0.075404
vn 0.176820 0.958274 0.224601
vn 0.545593 0.835861 0.060540
vn 0.556197 0.799609 0.226430
vn 0.847867 0.528553 0.041869
vn 0.858727 0.456889 0.232035
vn 0.988976 0.146004 0.024676
vn 0.971879 0.056256 0.228664
vn 0.967546 -0.252610 0.006481
vn 0.915825 -0.335072 0.221341
vn 0.799578 -0.600481 -0.009889
vn 0.729581 -0.646820 0.222114
vn 0.508440 -0.860787 -0.023139
vn 0.452995 -0.863062 0.223426
vn 0.229355 -0.972924 -0.028538
vn 0.210138 -0.952721 0.219466
vn 0.011245 -0.974802 0.222790
vn -0.008763 -0.999433 -0.032523
vn -0.550456 -0.834401 -0.027796
vn -0.249073 -0.967916 -0.033172
vn -0.203144 -0.957064 0.206788
vn -0.485861 -0.851510 0.197154
vn -0.821938 -0.569324 -0.016984
vn -0.758771 -0.623214 0.189395
vn -0.976077 -0.217420 -0.001454
vn -0.935736 -0.292813 0.196620
vn -0.981391 0.191210 0.017633
vn -0.971570 0.114183 0.207399
vn -0.810219 0.584639 0.041747
vn -0.818407 0.533428 0.213689
vn -0.174808 0.967032 0.185180
vn -0.533266 0.827044 0.177833
vn 0.201263 0.963530 0.176360
vn 0.571305 0.806022 0.154724
vn 0.856269 0.505320 0.107024
vn 0.991121 0.131126 0.022039
vn 0.965285 -0.245534 -0.089096
vn 0.795762 -0.570887 -0.202115
vn 0.508472 -0.810827 -0.289855
vn 0.226547 -0.917368 -0.327281
vn -0.022829 -0.941490 -0.336266
vn -0.554253 -0.788062 -0.267882
vn -0.268476 -0.908767 -0.319473
vn -0.822013 -0.543241 -0.170835
vn -0.974441 -0.217217 -0.057292
vn -0.984742 0.165717 0.053113
vn -0.830354 0.540441 0.135780
vn -0.189461 0.617525 0.763392
vn -0.582042 0.498227 0.642649
vn 0.255647 0.612520 0.747973
vn 0.634426 0.485727 0.601309
vn 0.886074 0.289716 0.361853
vn 0.995662 0.062959 0.068511
vn 0.958076 -0.163574 -0.235232
vn 0.784002 -0.360845 -0.505105
vn 0.502245 -0.504391 -0.702381
vn 0.219933 -0.568470 -0.792762
vn -0.032059 -0.588568 -0.807812
vn -0.555873 -0.494127 -0.668464
vn -0.281074 -0.565514 -0.775365
vn -0.822015 -0.345206 -0.452907
vn -0.974394 -0.144934 -0.171904
vn -0.987577 0.081845 0.134137
vn -0.854195 0.306494 0.420015
vn -0.160564 0.015770 0.986899
vn -0.526748 0.015415 0.849882
vn 0.230129 0.016343 0.973023
vn 0.586275 0.016622 0.809941
vn 0.853178 0.013529 0.521444
vn 0.988343 0.004333 0.152180
vn 0.970941 -0.010651 -0.239081
vn 0.805594 -0.027929 -0.591809
vn 0.519989 -0.042653 -0.853108
vn 0.223196 -0.049574 -0.973512
vn -0.034548 -0.053083 -0.997992
vn -0.578749 -0.040775 -0.814486
vn -0.290327 -0.048474 -0.955699
vn -0.846261 -0.025542 -0.532156
vn -0.985877 -0.008776 -0.167239
vn -0.974403 0.004920 0.224753
vn -0.812812 0.012804 0.582386
vn -0.160726 -0.014866 0.986887
vn -0.527241 -0.014969 0.849584
vn 0.230436 -0.014892 0.972974
vn 0.586699 -0.014902 0.809668
vn 0.853339 -0.012099 0.521215
vn 0.988311 -0.003835 0.152401
vn 0.971086 0.009888 -0.238525
vn 0.805998 0.026033 -0.591345
vn 0.520296 0.040065 -0.853046
vn 0.223028 0.046777 -0.973689
vn -0.035046 0.050504 -0.998109
vn -0.579699 0.039150 -0.813890
vn -0.291158 0.046247 -0.955557
vn -0.846788 0.024757 -0.531354
vn -0.985952 0.008645 -0.166803
vn -0.974450 -0.004730 0.224556
vn -0.813179 -0.012527 0.581878
vn -0.184012 -0.633630 0.751434
vn -0.572070 -0.499396 0.650646
vn 0.246851 -0.627723 0.738260
vn 0.623911 -0.485371 0.612495
vn 0.881209 -0.281079 0.380086
vn 0.994829 -0.064862 0.078150
vn 0.960112 0.139517 -0.242322
vn 0.787983 0.313095 -0.530145
vn 0.506145 0.438655 -0.742563
vn 0.221193 0.496378 -0.839454
vn -0.032100 0.511526 -0.858668
vn -0.560574 0.430938 -0.707141
vn -0.282877 0.492829 -0.822861
vn -0.826660 0.300576 -0.475697
vn -0.976510 0.123573 -0.176515
vn -0.986025 -0.082203 0.144906
vn -0.848459 -0.298066 0.437350
vn -0.178179 -0.937039 0.300351
vn -0.551071 -0.786430 0.279013
vn 0.220185 -0.930988 0.291171
vn 0.587942 -0.768824 0.251464
vn 0.862125 -0.479235 0.164541
vn 0.992145 -0.121264 0.030729
vn 0.962877 0.239098 -0.125297
vn 0.790576 0.549051 -0.271170
vn 0.509362 0.772336 -0.379536
vn 0.226785 0.874582 -0.428573
vn -0.023425 0.900639 -0.433937
vn -0.548942 0.758749 -0.350660
vn -0.271370 0.868309 -0.415209
vn -0.818975 0.527006 -0.227037
vn -0.974851 0.210744 -0.072473
vn -0.984896 -0.151657 0.083549
vn -0.837225 -0.505701 0.208135
vn -0.000028 -0.000016 1.000000
vn 0.000027 -0.000096 1.000000
vn -0.000112 0.000192 1.000000
vn -0.000019 -0.000250 1.000000
vn 0.000145 -0.000200 1.000000
vn 0.000264 -0.000110 1.000000
vn 0.000202 -0.000006 1.000000
vn 0.000247 -0.000211 1.000000
vn 0.000014 -0.000021 1.000000
vn 0.000167 0.000249 1.000000
vn 0.000036 -0.000066 1.000000
vn -0.000888 -0.000001 1.000000
vn -0.000431 -0.000069 1.000000
vn -0.000033 0.000445 1.000000
vn 0.000157 -0.000004 1.000000
vn -0.000065 -0.000380 1.000000
vn -0.000180 -0.000185 1.000000
vn -0.000054 -0.000244 1.000000
vn -0.347119 0.443507 0.826323
vn -0.116121 0.540854 0.833062
vn 0.127869 0.525321 0.841242
vn 0.366771 0.384909 0.846950
vn 0.550692 0.166922 0.817848
vn 0.629749 -0.099372 0.770416
vn 0.588875 -0.368308 0.719427
vn 0.457651 -0.577571 0.675994
vn 0.290109 -0.704844 0.647327
vn 0.145264 -0.758469 0.635314
vn 0.025772 -0.777347 0.628544
vn -0.110316 -0.763582 0.636218
vn -0.285639 -0.702786 0.651538
vn -0.480903 -0.551397 0.681685
vn -0.611081 -0.320783 0.723656
vn -0.634337 -0.046318 0.771668
vn -0.538770 0.222943 0.812418
s 1
g chain_piece12 chains1
usemtl StingrayPBS9SG
f 1/1/1 17/18/2 18/19/3 2/2/4
f 2/2/4 18/19/3 19/20/5 3/3/6
f 3/3/6 19/20/5 20/21/7 4/4/8
f 4/4/8 20/21/7 21/22/9 5/5/10
f 5/5/10 21/22/9 22/23/11 6/6/12
f 6/6/12 22/23/11 23/24/13 7/7/14
f 7/7/14 23/24/13 24/25/15 8/8/16
f 8/8/16 24/25/15 25/26/17 9/9/18
f 9/9/18 25/26/17 26/27/19 10/10/20
f 10/10/20 26/27/19 321/28/21 322/11/22
f 11/12/23 27/29/24 28/30/25 12/13/26
f 12/13/26 28/30/25 29/31/27 13/14/28
f 13/14/28 29/31/27 30/32/29 14/15/30
f 14/15/30 30/32/29 31/33/31 15/16/32
f 15/16/32 31/33/31 32/34/33 16/17/34
f 16/17/34 32/34/33 17/18/2 1/1/1
f 17/18/2 33/35/35 34/36/36 18/19/3
f 18/19/3 34/36/36 35/37/37 19/20/5
f 19/20/5 35/37/37 36/38/38 20/21/7
f 20/21/7 36/38/38 37/39/39 21/22/9
f 21/22/9 37/39/39 38/40/40 22/23/11
f 22/23/11 38/40/40 39/41/41 23/24/13
f 23/24/13 39/41/41 40/42/42 24/25/15
f 24/25/15 40/42/42 41/43/43 25/26/17
f 25/26/17 41/43/43 42/44/44 26/27/19
f 26/27/19 42/44/44 320/45/45 321/28/21
f 27/29/24 43/46/46 44/47/47 28/30/25
f 28/30/25 44/47/47 45/48/48 29/31/27
f 29/31/27 45/48/48 46/49/49 30/32/29
f 30/32/29 46/49/49 47/50/50 31/33/31
f 31/33/31 47/50/50 48/51/51 32/34/33
f 32/34/33 48/51/51 33/35/35 17/18/2
f 33/35/35 49/52/52 50/53/53 34/36/36
f 34/36/36 50/53/53 51/54/54 35/37/37
f 35/37/37 51/54/54 52/55/55 36/38/38
f 36/38/38 52/55/55 53/56/56 37/39/39
f 37/39/39 53/56/56 54/57/57 38/40/40
f 38/40/40 54/57/57 55/58/58 39/41/41
f 39/41/41 55/58/58 56/59/59 40/42/42
f 40/42/42 56/59/59 57/60/60 41/43/43
f 41/43/43 57/60/60 58/61/61 42/44/44
f 42/44/44 58/61/61 319/62/62 320/45/45
f 43/46/46 59/63/63 60/64/64 44/47/47
f 44/47/47 60/64/64 61/65/65 45/48/48
f 45/48/48 61/65/65 62/66/66 46/49/49
f 46/49/49 62/66/66 63/67/67 47/50/50
f 47/50/50 63/67/67 64/68/68 48/51/51
f 48/51/51 64/68/68 49/52/52 33/35/35
f 49/52/52 65/69/69 66/70/70 50/53/53
f 50/53/53 66/70/70 67/71/71 51/54/54
f 51/54/54 67/71/71 68/72/72 52/55/55
f 52/55/55 68/72/72 69/73/73 53/56/56
f 53/56/56 69/73/73 70/74/74 54/57/57
f 54/57/57 70/74/74 71/75/75 55/58/58
f 55/58/58 71/75/75 72/76/76 56/59/59
f 56/59/59 72/76/76 73/77/77 57/60/60
f 57/60/60 73/77/77 74/78/78 58/61/61
f 58/61/61 74/78/78 318/79/79 319/62/62
f 59/63/63 75/80/80 76/81/81 60/64/64
f 60/64/64 76/81/81 77/82/82 61/65/65
f 61/65/65 77/82/82 78/83/83 62/66/66
f 62/66/66 78/83/83 79/84/84 63/67/67
f 63/67/67 79/84/84 80/85/85 64/68/68
f 64/68/68 80/85/85 65/69/69 49/52/52
f 66/70/70 65/69/69 81/86/86 82/87/87
f 67/71/71 66/70/70 82/87/87 83/88/88
f 68/72/72 67/71/71 83/88/88 84/89/89
f 69/73/73 68/72/72 84/89/89 85/90/90
f 70/74/74 69/73/73 85/90/90 86/91/91
f 71/75/75 70/74/74 86/91/91 87/92/92
f 72/76/76 71/75/75 87/92/92 88/93/93
f 73/77/77 72/76/76 88/93/93 89/94/94
f 74/78/78 73/77/77 89/94/94 90/95/95
f 317/96/96 318/79/79 74/78/78 90/95/95
f 76/81/81 75/80/80 91/97/97 92/98/98
f 77/82/82 76/81/81 92/98/98 93/99/99
f 78/83/83 77/82/82 93/99/99 94/100/100
f 79/84/84 78/83/83 94/100/100 95/101/101
f 80/85/85 79/84/84 95/101/101 96/102/102
f 65/69/69 80/85/85 96/102/102 81/86/86
f 82/87/87 81/86/86 258/275/103 259/274/104
f 83/88/88 82/87/87 259/274/104 260/276/105
f 84/89/89 83/88/88 260/276/105 261/277/106
f 85/90/90 84/89/89 261/277/106 262/278/107
f 86/91/91 85/90/90 262/278/107 263/279/108
f 87/92/92 86/91/91 263/279/108 264/280/109
f 88/93/93 87/92/92 264/280/109 265/281/110
f 89/94/94 88/93/93 265/281/110 266/282/111
f 90/95/95 89/94/94 266/282/111 267/283/112
f 316/284/113 317/96/96 90/95/95 267/283/112
f 92/98/98 91/97/97 268/286/114 269/285/115
f 93/99/99 92/98/98 269/285/115 270/287/116
f 94/100/100 93/99/99 270/287/116 271/288/117
f 95/101/101 94/100/100 271/288/117 272/289/118
f 96/102/102 95/101/101 272/289/118 273/290/119
f 81/86/86 96/102/102 273/290/119 258/275/103
f 3/3/6 99/103/120 98/104/121 2/2/4
f 4/4/8 100/105/122 99/103/120 3/3/6
f 5/5/10 101/106/123 100/105/122 4/4/8
f 6/6/12 102/107/124 101/106/123 5/5/10
f 7/7/14 103/108/125 102/107/124 6/6/12
f 8/8/16 104/109/126 103/108/125 7/7/14
f 9/9/18 105/110/127 104/109/126 8/8/16
f 10/10/20 106/111/128 105/110/127 9/9/18
f 322/11/22 323/112/129 106/111/128 10/10/20
f 12/13/26 108/114/130 107/113/131 11/12/23
f 13/14/28 109/115/132 108/114/130 12/13/26
f 14/15/30 110/116/133 109/115/132 13/14/28
f 15/16/32 111/117/134 110/116/133 14/15/30
f 16/17/34 112/118/135 111/117/134 15/16/32
f 1/1/1 113/119/136 112/118/135 16/17/34
f 2/2/4 98/104/121 113/119/136 1/1/1
f 99/103/120 115/120/137 114/121/138 98/104/121
f 100/105/122 116/122/139 115/120/137 99/103/120
f 101/106/123 117/123/140 116/122/139 100/105/122
f 102/107/124 118/124/141 117/123/140 101/106/123
f 103/108/125 119/125/142 118/124/141 102/107/124
f 104/109/126 120/126/143 119/125/142 103/108/125
f 105/110/127 121/127/144 120/126/143 104/109/126
f 106/111/128 122/128/145 121/127/144 105/110/127
f 122/128/145 106/111/128 323/112/129 324/129/146
f 123/130/147 107/113/131 108/114/130 124/131/148
f 124/131/148 108/114/130 109/115/132 125/132/149
f 125/132/149 109/115/132 110/116/133 126/133/150
f 126/133/150 110/116/133 111/117/134 127/134/151
f 127/134/151 111/117/134 112/118/135 128/135/152
f 128/135/152 112/118/135 113/119/136 129/136/153
f 98/104/121 114/121/138 129/136/153 113/119/136
f 115/120/137 131/137/154 130/138/155 114/121/138
f 116/122/139 132/139/156 131/137/154 115/120/137
f 117/123/140 133/140/157 132/139/156 116/122/139
f 118/124/141 134/141/158 133/140/157 117/123/140
f 119/125/142 135/142/159 134/141/158 118/124/141
f 120/126/143 136/143/160 135/142/159 119/125/142
f 121/127/144 137/144/161 136/143/160 120/126/143
f 122/128/145 138/145/162 137/144/161 121/127/144
f 138/145/162 122/128/145 324/129/146 325/146/163
f 139/147/164 123/130/147 124/131/148 140/148/165
f 140/148/165 124/131/148 125/132/149 141/149/166
f 141/149/166 125/132/149 126/133/150 142/150/167
f 142/150/167 126/133/150 127/134/151 143/151/168
f 143/151/168 127/134/151 128/135/152 144/152/169
f 144/152/169 128/135/152 129/136/153 145/153/170
f 114/121/138 130/138/155 145/153/170 129/136/153
f 131/137/154 97/154/171 130/138/155
f 132/139/156 97/154/171 131/137/154
f 133/140/157 97/154/171 132/139/156
f 134/141/158 97/154/171 133/140/157
f 135/142/159 97/154/171 134/141/158
f 136/143/160 97/154/171 135/142/159
f 137/144/161 97/154/171 136/143/160
f 138/145/162 97/154/171 137/144/161
f 97/154/171 138/145/162 325/146/163 139/147/164
f 97/154/171 139/147/164 140/148/165
f 97/154/171 140/148/165 141/149/166
f 97/154/171 141/149/166 142/150/167
f 97/154/171 142/150/167 143/151/168
f 97/154/171 143/151/168 144/152/169
f 97/154/171 144/152/169 145/153/170
f 130/138/155 97/154/171 145/153/170
f 147/155/172 146/156/173 291/309/174 292/310/175
f 148/157/176 147/155/172 292/310/175 293/311/177
f 149/158/178 148/157/176 293/311/177 294/312/179
f 150/159/180 149/158/178 294/312/179 295/313/181
f 151/160/182 150/159/180 295/313/181 296/314/183
f 152/161/184 151/160/182 296/314/183 297/315/185
f 153/162/186 152/161/184 297/315/185 298/316/187
f 154/163/188 153/162/186 298/316/187 299/317/189
f 155/164/190 154/163/188 299/317/189 300/318/191
f 308/319/192 309/165/193 155/164/190 300/318/191
f 157/166/194 156/167/195 301/320/196 302/321/197
f 158/168/198 157/166/194 302/321/197 303/322/199
f 159/169/200 158/168/198 303/322/199 304/323/201
f 160/170/202 159/169/200 304/323/201 305/324/203
f 161/171/204 160/170/202 305/324/203 306/325/205
f 291/309/174 146/156/173 161/171/204 306/325/205
f 147/155/172 163/172/206 162/173/207 146/156/173
f 148/157/176 164/174/208 163/172/206 147/155/172
f 149/158/178 165/175/209 164/174/208 148/157/176
f 150/159/180 166/176/210 165/175/209 149/158/178
f 151/160/182 167/177/211 166/176/210 150/159/180
f 152/161/184 168/178/212 167/177/211 151/160/182
f 153/162/186 169/179/213 168/178/212 152/161/184
f 154/163/188 170/180/214 169/179/213 153/162/186
f 155/164/190 171/181/215 170/180/214 154/163/188
f 309/165/193 310/182/216 171/181/215 155/164/190
f 157/166/194 173/183/217 172/184/218 156/167/195
f 158/168/198 174/185/219 173/183/217 157/166/194
f 159/169/200 175/186/220 174/185/219 158/168/198
f 160/170/202 176/187/221 175/186/220 159/169/200
f 161/171/204 177/188/222 176/187/221 160/170/202
f 146/156/173 162/173/207 177/188/222 161/171/204
f 163/172/206 179/189/223 178/190/224 162/173/207
f 164/174/208 180/191/225 179/189/223 163/172/206
f 165/175/209 181/192/226 180/191/225 164/174/208
f 166/176/210 182/193/227 181/192/226 165/175/209
f 167/177/211 183/194/228 182/193/227 166/176/210
f 168/178/212 184/195/229 183/194/228 167/177/211
f 169/179/213 185/196/230 184/195/229 168/178/212
f 170/180/214 186/197/231 185/196/230 169/179/213
f 171/181/215 187/198/232 186/197/231 170/180/214
f 310/182/216 311/199/233 187/198/232 171/181/215
f 173/183/217 189/200/234 188/201/235 172/184/218
f 174/185/219 190/202/236 189/200/234 173/183/217
f 175/186/220 191/203/237 190/202/236 174/185/219
f 176/187/221 192/204/238 191/203/237 175/186/220
f 177/188/222 193/205/239 192/204/238 176/187/221
f 162/173/207 178/190/224 193/205/239 177/188/222
f 178/190/224 179/189/223 195/206/240 194/207/241
f 179/189/223 180/191/225 196/208/242 195/206/240
f 180/191/225 181/192/226 197/209/243 196/208/242
f 181/192/226 182/193/227 198/210/244 197/209/243
f 182/193/227 183/194/228 199/211/245 198/210/244
f 183/194/228 184/195/229 200/212/246 199/211/245
f 184/195/229 185/196/230 201/213/247 200/212/246
f 185/196/230 186/197/231 202/214/248 201/213/247
f 186/197/231 187/198/232 203/215/249 202/214/248
f 187/198/232 311/199/233 312/216/250 203/215/249
f 188/201/235 189/200/234 205/217/251 204/218/252
f 189/200/234 190/202/236 206/219/253 205/217/251
f 190/202/236 191/203/237 207/220/254 206/219/253
f 191/203/237 192/204/238 208/221/255 207/220/254
f 192/204/238 193/205/239 209/222/256 208/221/255
f 193/205/239 178/190/224 194/207/241 209/222/256
f 194/207/241 195/206/240 211/223/257 210/224/258
f 195/206/240 196/208/242 212/225/259 211/223/257
f 196/208/242 197/209/243 213/226/260 212/225/259
f 197/209/243 198/210/244 214/227/261 213/226/260
f 198/210/244 199/211/245 215/228/262 214/227/261
f 199/211/245 200/212/246 216/229/263 215/228/262
f 200/212/246 201/213/247 217/230/264 216/229/263
f 201/213/247 202/214/248 218/231/265 217/230/264
f 202/214/248 203/215/249 219/232/266 218/231/265
f 203/215/249 312/216/250 313/233/267 219/232/266
f 204/218/252 205/217/251 221/234/268 220/235/269
f 205/217/251 206/219/253 222/236/270 221/234/268
f 206/219/253 207/220/254 223/237/271 222/236/270
f 207/220/254 208/221/255 224/238/272 223/237/271
f 208/221/255 209/222/256 225/239/273 224/238/272
f 209/222/256 194/207/241 210/224/258 225/239/273
f 210/224/258 211/223/257 227/240/274 226/241/275
f 211/223/257 212/225/259 228/242/276 227/240/274
f 212/225/259 213/226/260 229/243/277 228/242/276
f 213/226/260 214/227/261 230/244/278 229/243/277
f 214/227/261 215/228/262 231/245/279 230/244/278
f 215/228/262 216/229/263 232/246/280 231/245/279
f 216/229/263 217/230/264 233/247/281 232/246/280
f 217/230/264 218/231/265 234/248/282 233/247/281
f 218/231/265 219/232/266 235/249/283 234/248/282
f 219/232/266 313/233/267 314/250/284 235/249/283
f 220/235/269 221/234/268 237/251/285 236/252/286
f 221/234/268 222/236/270 238/253/287 237/251/285
f 222/236/270 223/237/271 239/254/288 238/253/287
f 223/237/271 224/238/272 240/255/289 239/254/288
f 224/238/272 225/239/273 241/256/290 240/255/289
f 225/239/273 210/224/258 226/241/275 241/256/290
f 226/241/275 227/240/274 243/257/291 242/258/292
f 227/240/274 228/242/276 244/259/293 243/257/291
f 228/242/276 229/243/277 245/260/294 244/259/293
f 229/243/277 230/244/278 246/261/295 245/260/294
f 230/244/278 231/245/279 247/262/296 246/261/295
f 231/245/279 232/246/280 248/263/297 247/262/296
f 232/246/280 233/247/281 249/264/298 248/263/297
f 233/247/281 234/248/282 250/265/299 249/264/298
f 234/248/282 235/249/283 251/266/300 250/265/299
f 235/249/283 314/250/284 315/267/301 251/266/300
f 236/252/286 237/251/285 253/268/302 252/269/303
f 237/251/285 238/253/287 254/270/304 253/268/302
f 238/253/287 239/254/288 255/271/305 254/270/304
f 239/254/288 240/255/289 256/272/306 255/271/305
f 240/255/289 241/256/290 257/273/307 256/272/306
f 241/256/290 226/241/275 242/258/292 257/273/307
f 243/257/291 259/274/104 258/275/103 242/258/292
f 244/259/293 260/276/105 259/274/104 243/257/291
f 245/260/294 261/277/106 260/276/105 244/259/293
f 246/261/295 262/278/107 261/277/106 245/260/294
f 247/262/296 263/279/108 262/278/107 246/261/295
f 248/263/297 264/280/109 263/279/108 247/262/296
f 249/264/298 265/281/110 264/280/109 248/263/297
f 250/265/299 266/282/111 265/281/110 249/264/298
f 251/266/300 267/283/112 266/282/111 250/265/299
f 315/267/301 316/284/113 267/283/112 251/266/300
f 253/268/302 269/285/115 268/286/114 252/269/303
f 254/270/304 270/287/116 269/285/115 253/268/302
f 255/271/305 271/288/117 270/287/116 254/270/304
f 256/272/306 272/289/118 271/288/117 255/271/305
f 257/273/307 273/290/119 272/289/118 256/272/306
f 242/258/292 258/275/103 273/290/119 257/273/307
s 4
f 282/291/308 290/292/309 283/293/310
f 275/294/311 274/295/312 290/292/309
f 290/292/309 274/295/312 289/296/313
f 290/292/309 289/296/313 288/297/314
f 290/292/309 288/297/314 287/298/315
f 290/292/309 287/298/315 286/299/316
f 290/292/309 286/299/316 285/300/317
f 290/292/309 285/300/317 284/301/318
f 290/292/309 284/301/318 307/302/319 283/293/310
f 281/303/320 290/292/309 282/291/308
f 280/304/321 290/292/309 281/303/320
f 279/305/322 290/292/309 280/304/321
f 278/306/323 290/292/309 279/305/322
f 277/307/324 290/292/309 278/306/323
f 276/308/325 290/292/309 277/307/324
f 275/294/311 290/292/309 276/308/325
s 1
f 292/310/175 291/309/174 274/295/326 275/294/327
f 293/311/177 292/310/175 275/294/327 276/308/328
f 294/312/179 293/311/177 276/308/328 277/307/329
f 295/313/181 294/312/179 277/307/329 278/306/330
f 296/314/183 295/313/181 278/306/330 279/305/331
f 297/315/185 296/314/183 279/305/331 280/304/332
f 298/316/187 297/315/185 280/304/332 281/303/333
f 299/317/189 298/316/187 281/303/333 282/291/334
f 300/318/191 299/317/189 282/291/334 283/293/335
f 307/302/336 308/319/192 300/318/191 283/293/335
f 302/321/197 301/320/196 284/301/337 285/300/338
f 303/322/199 302/321/197 285/300/338 286/299/339
f 304/323/201 303/322/199 286/299/339 287/298/340
f 305/324/203 304/323/201 287/298/340 288/297/341
f 306/325/205 305/324/203 288/297/341 289/296/342
f 274/295/326 291/309/174 306/325/205 289/296/342
f 284/301/337 301/320/196 308/319/192 307/302/336
f 301/320/196 156/167/195 309/165/193 308/319/192
f 156/167/195 172/184/218 310/182/216 309/165/193
f 172/184/218 188/201/235 311/199/233 310/182/216
f 312/216/250 311/199/233 188/201/235 204/218/252
f 313/233/267 312/216/250 204/218/252 220/235/269
f 314/250/284 313/233/267 220/235/269 236/252/286
f 315/267/301 314/250/284 236/252/286 252/269/303
f 252/269/303 268/286/114 316/284/113 315/267/301
f 268/286/114 91/97/97 317/96/96 316/284/113
f 91/97/97 75/80/80 318/79/79 317/96/96
f 319/62/62 318/79/79 75/80/80 59/63/63
f 320/45/45 319/62/62 59/63/63 43/46/46
f 321/28/21 320/45/45 43/46/46 27/29/24
f 322/11/22 321/28/21 27/29/24 11/12/23
f 11/12/23 107/113/131 323/112/129 322/11/22
f 324/129/146 323/112/129 107/113/131 123/130/147
f 325/146/163 324/129/146 123/130/147 139/147/164
g default
v -4421.073089 695.696800 861.795624
v -4420.723744 695.851216 862.658055
v -4420.691832 695.840204 863.601191
v -4420.982176 695.665370 864.480904
v -4421.551691 695.353403 865.162392
v -4422.312839 694.951448 865.544293
v -4423.150029 694.521317 865.565514
v -4423.935292 694.128163 865.225493
v -4424.549982 693.831509 864.574148
v -4424.899970 693.677133 863.711557
v -4424.932123 693.688106 862.768743
v -4424.641217 693.863060 861.888547
v -4424.072345 694.174987 861.206577
v -4423.310876 694.576822 860.825641
v -4422.473364 695.007032 860.803616
v -4421.688422 695.400267 861.144360
v -4421.313676 696.355178 861.842247
v -4420.947772 696.355178 862.711671
v -4420.941663 696.355178 863.655530
v -4421.296313 696.355178 864.528973
v -4421.957384 696.355178 865.199208
v -4422.824879 696.355178 865.564951
v -4423.766327 696.355178 865.569613
v -4424.637680 696.355178 865.213034
v -4425.308075 696.355178 864.549230
v -4425.673980 696.355178 863.679162
v -4425.680089 696.355178 862.735786
v -4425.325438 696.355178 861.862021
v -4424.664367 696.355178 861.191786
v -4423.797194 696.355178 860.826204
v -4422.855746 696.355178 860.821541
v -4421.984071 696.355178 861.177960
v -4421.313676 708.269729 861.842247
v -4420.947772 708.269729 862.711671
v -4420.941663 708.269729 863.655530
v -4421.296313 708.269729 864.528973
v -4421.957384 708.269729 865.199208
v -4422.824879 708.269729 865.564951
v -4423.766327 708.269729 865.569613
v -4424.637680 708.269729 865.213034
v -4425.308075 708.269729 864.549230
v -4425.673980 708.269729 863.679162
v -4425.680089 708.269729 862.735786
v -4425.325438 708.269729 861.862021
v -4424.664367 708.269729 861.191786
v -4423.797194 708.269729 860.826204
v -4422.855746 708.269729 860.821541
v -4421.984071 708.269729 861.177960
v -4421.099857 708.983532 861.837102
v -4420.776074 708.817943 862.707973
v -4420.768357 708.824775 863.651832
v -4421.077350 709.002663 864.524311
v -4421.657073 709.324517 865.192777
v -4422.418784 709.741786 865.556109
v -4423.246087 710.190404 865.558520
v -4424.013264 710.602368 865.199851
v -4424.604241 710.914898 864.534117
v -4424.928024 711.080407 863.663246
v -4424.935741 711.073976 862.720191
v -4424.626748 710.896088 861.847070
v -4424.047346 710.574073 861.178603
v -4423.285957 710.157045 860.815593
v -4422.458332 709.708347 860.813021
v -4421.690834 709.296222 861.171530
v -4420.292167 709.567355 861.820061
v -4420.077383 709.281351 862.693022
v -4420.065165 709.292846 863.636881
v -4420.257441 709.600151 864.506787
v -4420.625275 710.157045 865.170591
v -4421.112718 710.878886 865.528779
v -4421.645498 711.654744 865.524438
v -4422.141944 712.367260 865.159820
v -4422.527140 712.908078 864.489907
v -4422.742567 713.194644 863.616463
v -4422.755107 713.182989 862.673569
v -4422.562187 712.875443 861.803180
v -4422.194032 712.318548 861.138894
v -4421.706910 711.597110 860.781511
v -4421.174131 710.820930 860.785851
v -4420.677685 710.108012 861.150308
v -4417.672641 710.146194 861.764436
v -4417.644989 709.799180 862.641094
v -4417.625376 709.813166 863.584632
v -4417.616694 710.185662 864.450358
v -4417.620553 710.860559 865.107089
v -4417.636629 711.735690 865.454505
v -4417.662030 712.676334 865.439393
v -4417.693219 713.540131 865.065450
v -4417.725051 714.195656 864.388463
v -4417.752703 714.543072 863.510679
v -4417.772638 714.529165 862.567303
v -4417.780997 714.156589 861.701576
v -4417.776817 713.481451 861.045167
v -4417.761062 712.606642 860.697912
v -4417.735661 711.665837 860.712542
v -4417.704794 710.801718 861.086806
v -4419.206994 693.266456 863.101207
v -4420.217973 695.085446 862.848161
v -4420.208649 695.077488 863.414219
v -4420.272634 694.866563 863.935102
v -4420.400282 694.484743 864.331713
v -4420.571981 693.990226 864.543924
v -4420.762006 693.458250 864.538619
v -4420.940457 692.969842 864.317405
v -4421.081288 692.598954 863.913238
v -4421.162636 692.402739 863.388336
v -4421.171639 692.410536 862.822278
v -4421.107654 692.621462 862.301395
v -4420.980006 693.003282 861.904945
v -4420.808629 693.497799 861.693377
v -4420.618924 694.029774 861.698522
v -4420.439509 694.518424 861.919575
v -4420.299000 694.889151 862.323259
v -4419.051051 694.160718 862.927258
v -4419.044942 694.155333 863.305220
v -4419.087706 694.014743 863.651993
v -4419.172590 693.760330 863.916453
v -4419.287378 693.430518 864.058088
v -4419.413740 693.075868 864.054712
v -4419.533029 692.750316 863.907129
v -4419.626916 692.503057 863.637685
v -4419.680934 692.372193 863.287857
v -4419.687364 692.377418 862.910539
v -4419.644279 692.518169 862.563123
v -4419.559394 692.772582 862.298823
v -4419.444929 693.102233 862.157670
v -4419.318566 693.456884 862.161046
v -4419.198956 693.782677 862.308630
v -4419.105390 694.029855 862.577913
v -4419.049765 693.713627 863.011178
v -4419.046550 693.710814 863.199757
v -4419.067771 693.640720 863.373063
v -4419.110213 693.513393 863.505535
v -4419.167446 693.348608 863.576433
v -4419.230788 693.171122 863.574503
v -4419.290593 693.008265 863.500872
v -4419.337215 692.884716 863.366150
v -4419.364224 692.819285 863.191076
v -4419.367439 692.821857 863.002336
v -4419.345897 692.892192 862.828869
v -4419.303454 693.019358 862.696719
v -4419.246543 693.184304 862.626143
v -4419.183201 693.361790 862.627590
v -4419.123396 693.524486 862.701703
v -4419.076452 693.648035 862.836104
v -4414.413828 694.401627 861.640646
v -4414.395500 694.729751 862.517304
v -4414.376530 694.716407 863.460359
v -4414.358846 694.432856 864.326568
v -4414.345341 693.794654 864.982334
v -4414.337946 692.967712 865.329268
v -4414.338589 692.078192 865.313995
v -4414.345984 691.163191 864.939409
v -4414.360132 690.543557 864.261136
v -4414.378138 690.215272 863.384156
v -4414.397108 690.228415 862.440619
v -4414.415435 690.580935 861.574892
v -4414.428618 691.317567 860.918966
v -4414.435692 692.144347 860.572032
v -4414.435049 693.033787 860.587305
v -4414.427332 693.850721 860.962533
v -4411.113054 694.722757 861.631482
v -4411.212087 695.049997 862.510391
v -4411.187972 695.036734 863.454090
v -4411.045211 694.685379 864.316601
v -4410.805026 694.049147 864.968186
v -4410.504072 693.224737 865.309493
v -4410.188327 692.338111 865.287790
v -4409.906021 691.523990 864.906935
v -4409.699919 690.906085 864.224160
v -4409.601208 690.578926 863.344608
v -4409.625323 690.591867 862.401392
v -4409.768405 690.943705 861.538238
v -4410.008268 691.579696 860.886973
v -4410.308901 692.404025 860.546309
v -4410.624646 693.290651 860.568013
v -4410.907595 694.104933 860.948868
v -4410.055614 695.320768 861.609457
v -4410.347244 695.479565 862.492466
v -4410.323290 695.459670 863.435441
v -4409.987771 695.264098 864.294897
v -4409.391890 694.922912 864.938686
v -4408.625357 694.487396 865.270909
v -4407.806333 694.024750 865.238435
v -4407.058448 693.604829 864.848496
v -4406.496409 693.291536 864.158728
v -4406.204779 693.132899 863.275719
v -4406.228492 693.152754 862.332745
v -4406.563931 693.348326 861.473127
v -4407.160052 693.689633 860.828856
v -4407.926023 694.124868 860.497919
v -4408.745690 694.587674 860.529590
v -4409.493254 695.007635 860.920172
v -4409.828853 696.355178 861.605116
v -4410.157781 696.355178 862.489492
v -4410.124342 696.355178 863.432386
v -4409.733680 696.355178 864.290235
v -4409.045278 696.355178 864.932657
v -4408.163314 696.355178 865.261424
v -4407.222510 696.355178 865.226699
v -4406.366912 696.355178 864.834268
v -4405.724811 696.355178 864.142973
v -4405.395883 696.355178 863.258276
v -4405.429001 696.355178 862.315382
v -4405.819663 696.355178 861.457211
v -4406.508065 696.355178 860.815432
v -4407.390029 696.355178 860.486344
v -4408.330833 696.355178 860.520908
v -4409.187074 696.355178 860.913500
v -4409.828853 708.269729 861.605116
v -4410.157781 708.269729 862.489492
v -4410.124342 708.269729 863.432386
v -4409.733680 708.269729 864.290235
v -4409.045278 708.269729 864.932657
v -4408.163314 708.269729 865.261424
v -4407.222510 708.269729 865.226699
v -4406.366912 708.269729 864.834268
v -4405.724811 708.269729 864.142973
v -4405.395883 708.269729 863.258276
v -4405.429001 708.269729 862.315382
v -4405.819663 708.269729 861.457211
v -4406.508065 708.269729 860.815432
v -4407.390029 708.269729 860.486344
v -4408.330833 708.269729 860.520908
v -4409.187074 708.269729 860.913500
v -4410.042672 708.983532 861.609296
v -4410.329801 708.817943 862.492868
v -4410.297969 708.824775 863.436244
v -4409.952322 709.002663 864.295058
v -4409.345590 709.324517 864.938605
v -4408.569089 709.741786 865.269945
v -4407.742428 710.190404 865.237952
v -4406.991328 710.602368 864.847129
v -4406.428646 710.914898 864.157121
v -4406.141518 711.080407 863.273388
v -4406.172706 711.073976 862.330976
v -4406.518354 710.896088 861.471841
v -4407.125407 710.574073 860.827651
v -4407.901587 710.157045 860.497115
v -4408.728247 709.708347 860.528947
v -4409.480312 709.296222 860.919448
v -4410.850362 709.567355 861.626016
v -4411.028491 709.281351 862.507015
v -4411.001483 709.292846 863.450713
v -4410.772873 709.600151 864.311778
v -4410.377388 710.157045 864.959987
v -4409.875476 710.878886 865.297114
v -4409.343661 711.654744 865.270427
v -4408.862648 712.367260 864.885392
v -4408.505747 712.908078 864.199724
v -4408.327296 713.194644 863.318403
v -4408.353983 713.183069 862.375669
v -4408.583236 712.875362 861.514123
v -4408.978721 712.318468 860.865913
v -4409.480312 711.597029 860.529268
v -4410.012448 710.820930 860.555634
v -4410.493461 710.108012 860.940669
v -4413.470210 710.146194 861.679712
v -4413.460885 709.799180 862.557014
v -4413.441272 709.813166 863.500390
v -4413.413299 710.185662 864.365634
v -4413.382110 710.860559 865.021882
v -4413.351564 711.735690 865.368173
v -4413.327128 712.676334 865.352096
v -4413.311694 713.540131 864.977189
v -4413.307836 714.195656 864.299238
v -4413.316839 714.543072 863.421293
v -4413.336774 714.529005 862.477917
v -4413.364104 714.156589 861.612833
v -4413.395936 713.481451 860.957067
v -4413.426160 712.606642 860.610294
v -4413.450918 711.665837 860.626210
v -4413.466030 710.801718 861.001600
v -4418.179698 693.513554 862.058960
v -4418.179698 693.766359 862.627912
v -4418.179698 693.744816 863.259241
v -4418.179698 693.455678 863.803113
v -4418.179698 692.982784 864.141526
v -4418.179376 692.453863 864.225607
v -4418.179698 691.985309 864.086062
v -4418.179698 691.641591 863.801988
v -4418.179376 691.428093 863.451678
v -4418.179698 691.319094 863.076771
v -4418.179376 691.302374 862.686430
v -4418.179698 691.398191 862.290142
v -4418.179376 691.635723 861.923112
v -4418.179698 692.020598 861.649327
v -4418.179698 692.520983 861.546437
v -4418.179698 693.058424 861.678104
v -4418.179376 692.531593 862.880315
v -4417.605762 694.134272 861.499975
v -4417.659458 694.544066 862.457982
v -4417.656243 694.510626 863.512287
v -4417.596438 694.186361 864.432995
v -4417.492904 693.408815 865.034422
v -4417.366220 692.511899 865.227181
v -4417.239537 691.679050 865.038281
v -4417.131823 691.029634 864.572541
v -4417.054655 690.601272 863.948767
v -4417.015107 690.379495 863.247826
v -4417.015428 690.358837 862.510391
v -4417.057228 690.569199 861.780995
v -4417.138897 691.038315 861.140019
v -4417.251433 691.748661 860.697751
v -4417.380689 692.624998 860.568656
v -4417.506730 693.529872 860.834724
v -4418.179376 691.310654 862.881601
v -4417.015107 690.369206 862.879028
v -4414.387462 690.221703 862.912468
v -4409.613105 690.585437 862.873080
v -4406.216435 693.142867 862.804111
v -4405.412282 696.355178 862.786749
v -4405.412282 708.269729 862.786749
v -4406.156951 711.077272 862.802182
v -4408.340800 713.188776 862.847197
v -4413.326485 714.535998 862.949605
v -4417.762670 714.536078 863.038991
v -4422.748998 713.188776 863.145097
v -4424.931882 711.077272 863.191880
v -4425.677195 708.269729 863.207474
v -4425.677195 696.355178 863.207474
v -4424.915725 693.682760 863.240110
v -4421.167138 692.406597 863.105387
v -4419.683827 692.374846 863.099278
v -4419.365832 692.820651 863.096706
vt 0.613054 0.617329
vt 0.615722 0.618042
vt 0.612587 0.616932
vt 0.604095 0.614156
vt 0.591507 0.610138
vt 0.576758 0.605483
vt 0.562135 0.600924
vt 0.549898 0.597158
vt 0.541913 0.594760
vt 0.539389 0.594097
vt 0.541035 0.594679
vt 0.542674 0.595255
vt 0.551247 0.598051
vt 0.563765 0.602052
vt 0.578362 0.606655
vt 0.592834 0.611167
vt 0.605001 0.614914
vt 0.606260 0.633624
vt 0.609199 0.632650
vt 0.606036 0.631640
vt 0.597219 0.630751
vt 0.584083 0.630120
vt 0.568623 0.629843
vt 0.553236 0.629966
vt 0.540313 0.630469
vt 0.531807 0.631274
vt 0.529025 0.632255
vt 0.530688 0.632758
vt 0.532351 0.633261
vt 0.541242 0.634141
vt 0.554325 0.634762
vt 0.569625 0.635032
vt 0.584847 0.634911
vt 0.597704 0.634418
vt 0.604160 0.831011
vt 0.607105 0.830454
vt 0.603926 0.829876
vt 0.595073 0.829367
vt 0.581889 0.829006
vt 0.566372 0.828848
vt 0.550932 0.828918
vt 0.537964 0.829206
vt 0.529433 0.829666
vt 0.526646 0.830227
vt 0.528318 0.830516
vt 0.529989 0.830803
vt 0.538916 0.831307
vt 0.552048 0.831662
vt 0.567403 0.831816
vt 0.582678 0.831747
vt 0.595577 0.831465
vt 0.607531 0.842867
vt 0.609820 0.839578
vt 0.606673 0.839134
vt 0.598542 0.841617
vt 0.586638 0.846663
vt 0.572782 0.853509
vt 0.559122 0.861092
vt 0.547771 0.868245
vt 0.540457 0.873864
vt 0.538303 0.877094
vt 0.539951 0.877278
vt 0.541597 0.877460
vt 0.549804 0.874918
vt 0.561665 0.869869
vt 0.575377 0.863086
vt 0.588892 0.855585
vt 0.600177 0.848489
vt 0.620636 0.852533
vt 0.621190 0.847260
vt 0.618138 0.846911
vt 0.611925 0.851572
vt 0.603483 0.860564
vt 0.594095 0.872523
vt 0.585228 0.885591
vt 0.578243 0.897760
vt 0.574213 0.907154
vt 0.573745 0.912340
vt 0.575317 0.912440
vt 0.576885 0.912541
vt 0.583155 0.907771
vt 0.591572 0.898771
vt 0.600860 0.886915
vt 0.609633 0.873984
vt 0.616570 0.861917
vt 0.663405 0.862020
vt 0.660988 0.855755
vt 0.658141 0.855466
vt 0.655307 0.861228
vt 0.652913 0.872205
vt 0.651332 0.886741
vt 0.650810 0.902573
vt 0.651422 0.917267
vt 0.653085 0.928558
vt 0.655535 0.934721
vt 0.656964 0.934779
vt 0.658381 0.934837
vt 0.661205 0.928935
vt 0.663570 0.917932
vt 0.665123 0.903511
vt 0.665637 0.887852
vt 0.665035 0.873290
vt 0.636534 0.602570
vt 0.638299 0.603346
vt 0.633758 0.598488
vt 0.630390 0.591715
vt 0.626950 0.583287
vt 0.623961 0.574496
vt 0.621890 0.566695
vt 0.621050 0.561072
vt 0.621555 0.558487
vt 0.622451 0.558902
vt 0.623342 0.559317
vt 0.626123 0.563428
vt 0.629472 0.570186
vt 0.632887 0.578563
vt 0.635855 0.587296
vt 0.637932 0.595072
vt 0.638789 0.600709
vt 0.638484 0.595320
vt 0.639662 0.595846
vt 0.636636 0.592596
vt 0.634397 0.588085
vt 0.632101 0.582468
vt 0.630116 0.576615
vt 0.628730 0.571418
vt 0.628165 0.567666
vt 0.628498 0.565936
vt 0.629092 0.566211
vt 0.629678 0.566484
vt 0.631532 0.569224
vt 0.633765 0.573729
vt 0.636045 0.579320
vt 0.638022 0.585148
vt 0.639411 0.590336
vt 0.639983 0.594093
vt 0.638891 0.588085
vt 0.639476 0.588353
vt 0.637970 0.586726
vt 0.636851 0.584468
vt 0.635704 0.581665
vt 0.634711 0.578738
vt 0.634015 0.576140
vt 0.633735 0.574265
vt 0.633900 0.573398
vt 0.634196 0.573534
vt 0.634488 0.573668
vt 0.635413 0.575035
vt 0.636529 0.577288
vt 0.637668 0.580088
vt 0.638661 0.583008
vt 0.639355 0.585601
vt 0.639642 0.587478
vt 0.636690 0.580876
vt 0.733673 0.609174
vt 0.736196 0.604419
vt 0.730994 0.607875
vt 0.728569 0.601905
vt 0.726790 0.589908
vt 0.725923 0.574925
vt 0.726098 0.559276
vt 0.727309 0.543651
vt 0.729336 0.533643
vt 0.731876 0.529037
vt 0.733215 0.529768
vt 0.736930 0.537778
vt 0.734550 0.530502
vt 0.738671 0.551452
vt 0.739525 0.566284
vt 0.739361 0.581762
vt 0.738188 0.595571
vt 0.768585 0.609915
vt 0.772944 0.605473
vt 0.766063 0.608631
vt 0.765768 0.601791
vt 0.767767 0.590410
vt 0.771753 0.576223
vt 0.777122 0.561432
vt 0.783029 0.548316
vt 0.788575 0.538888
vt 0.792904 0.534585
vt 0.794137 0.535305
vt 0.795593 0.542964
vt 0.795363 0.536024
vt 0.793576 0.554309
vt 0.789620 0.568357
vt 0.784317 0.582988
vt 0.778457 0.596017
vt 0.779401 0.616875
vt 0.787221 0.616086
vt 0.777044 0.615757
vt 0.780539 0.612888
vt 0.789392 0.608703
vt 0.802266 0.603833
vt 0.817168 0.599041
vt 0.831802 0.595061
vt 0.843905 0.592501
vt 0.851636 0.591759
vt 0.852738 0.592347
vt 0.850197 0.595831
vt 0.853835 0.592931
vt 0.841313 0.600007
vt 0.828536 0.604829
vt 0.813791 0.609569
vt 0.799297 0.613520
vt 0.785701 0.631430
vt 0.793753 0.632332
vt 0.783367 0.630413
vt 0.787146 0.629434
vt 0.796495 0.628644
vt 0.810010 0.628165
vt 0.825603 0.628074
vt 0.840854 0.628383
vt 0.853434 0.629045
vt 0.861401 0.629956
vt 0.862486 0.630467
vt 0.859642 0.631949
vt 0.863568 0.630976
vt 0.850251 0.632727
vt 0.836832 0.633196
vt 0.821406 0.633286
vt 0.806295 0.632983
vt 0.784226 0.829756
vt 0.792310 0.830271
vt 0.781881 0.829173
vt 0.785670 0.828613
vt 0.795049 0.828161
vt 0.808612 0.827888
vt 0.824259 0.827835
vt 0.839565 0.828012
vt 0.852192 0.828391
vt 0.860189 0.828912
vt 0.861280 0.829204
vt 0.858430 0.830052
vt 0.862367 0.829496
vt 0.849008 0.830497
vt 0.835543 0.830766
vt 0.820062 0.830817
vt 0.804897 0.830644
vt 0.781325 0.838926
vt 0.788709 0.842187
vt 0.778947 0.838478
vt 0.781961 0.840925
vt 0.789947 0.845912
vt 0.801703 0.852686
vt 0.815410 0.860200
vt 0.828951 0.867297
vt 0.840257 0.872878
vt 0.847570 0.876093
vt 0.848690 0.876279
vt 0.846654 0.873947
vt 0.849809 0.876463
vt 0.838623 0.868942
vt 0.826941 0.862219
vt 0.813379 0.854785
vt 0.799964 0.847757
vt 0.769767 0.846712
vt 0.775369 0.851974
vt 0.767282 0.846359
vt 0.768325 0.851005
vt 0.772750 0.859973
vt 0.779902 0.871908
vt 0.788672 0.884958
vt 0.797711 0.897117
vt 0.805624 0.906508
vt 0.811194 0.911696
vt 0.812392 0.911798
vt 0.812446 0.907132
vt 0.813587 0.911902
vt 0.807975 0.898139
vt 0.800867 0.886295
vt 0.792183 0.873384
vt 0.783240 0.861339
vt 0.729689 0.855509
vt 0.732285 0.861780
vt 0.726997 0.855220
vt 0.724626 0.860986
vt 0.722931 0.871972
vt 0.722191 0.886520
vt 0.722514 0.902368
vt 0.723850 0.917076
vt 0.726003 0.928377
vt 0.728626 0.934547
vt 0.729976 0.934603
vt 0.733672 0.928756
vt 0.731314 0.934661
vt 0.735327 0.917743
vt 0.736051 0.903309
vt 0.735724 0.887635
vt 0.734409 0.873060
vt 0.652524 0.549888
vt 0.654258 0.568837
vt 0.653793 0.548558
vt 0.654898 0.589544
vt 0.656839 0.586034
vt 0.658180 0.578977
vt 0.658704 0.570277
vt 0.658442 0.561908
vt 0.657596 0.555228
vt 0.656408 0.550853
vt 0.655104 0.548774
vt 0.654451 0.548665
vt 0.651309 0.552980
vt 0.650298 0.558317
vt 0.649756 0.565909
vt 0.649948 0.574779
vt 0.651010 0.583022
vt 0.652788 0.588451
vt 0.667908 0.596839
vt 0.663797 0.602519
vt 0.660347 0.600764
vt 0.658292 0.594317
vt 0.658092 0.580677
vt 0.659662 0.565518
vt 0.662500 0.551898
vt 0.665920 0.541697
vt 0.669320 0.535392
vt 0.672320 0.532626
vt 0.673539 0.532936
vt 0.674748 0.533242
vt 0.676437 0.537656
vt 0.677142 0.546207
vt 0.676660 0.558458
vt 0.674858 0.573043
vt 0.671803 0.587635
vn 0.733841 0.331618 -0.592880
vn 0.826013 0.018650 -0.563342
vn 0.979112 0.020183 -0.202318
vn 0.855093 0.465576 -0.228153
vn 0.981557 0.020706 0.190045
vn 0.866944 0.462269 0.186319
vn 0.832750 0.019733 0.553298
vn 0.764934 0.324036 0.556666
vn 0.555792 0.014939 0.831187
vn 0.555625 0.122355 0.822381
vn 0.193817 0.004550 0.981027
vn 0.269952 -0.097555 0.957919
vn -0.196794 -0.010673 0.980387
vn -0.044531 -0.309242 0.949940
vn -0.555635 -0.027507 0.830971
vn -0.337821 -0.492062 0.802341
vn -0.829217 -0.041665 0.557371
vn -0.564469 -0.626182 0.537838
vn -0.962872 -0.048227 0.265615
vn -0.680465 -0.684613 0.261291
vn -0.998607 -0.052051 0.008699
vn -0.700552 -0.713560 0.007680
vn -0.687438 -0.684756 -0.241948
vn -0.967158 -0.047504 -0.249699
vn -0.837931 -0.040330 -0.544284
vn -0.585739 -0.620691 -0.521203
vn -0.567016 -0.025819 -0.823302
vn -0.370880 -0.484280 -0.792415
vn -0.208581 -0.009368 -0.977960
vn -0.086049 -0.300701 -0.949829
vn 0.182667 0.004885 -0.983163
vn 0.224927 -0.089127 -0.970291
vn 0.546381 0.014241 -0.837416
vn 0.513500 0.130347 -0.848132
vn 0.826622 -0.014977 -0.562558
vn 0.979267 -0.014851 -0.202028
vn 0.981750 -0.014871 0.189594
vn 0.833326 -0.014900 0.552581
vn 0.556389 -0.012100 0.830834
vn 0.193781 -0.003810 0.981037
vn -0.197805 0.009917 0.980191
vn -0.557166 0.026034 0.829993
vn -0.830476 0.040061 0.555612
vn -0.963484 0.046789 0.263647
vn -0.998700 0.050552 0.006471
vn -0.966847 0.046274 -0.251130
vn -0.837407 0.039153 -0.545176
vn -0.566389 0.024750 -0.823766
vn -0.207793 0.008643 -0.978135
vn 0.183684 -0.004733 -0.982974
vn 0.547385 -0.012534 -0.836787
vn 0.626035 -0.499420 -0.598883
vn 0.743166 -0.633515 -0.215320
vn 0.748172 -0.627493 0.215618
vn 0.638150 -0.485249 0.597744
vn 0.416655 -0.280997 0.864546
vn 0.119677 -0.064774 0.990698
vn -0.201901 0.139511 0.969419
vn -0.496657 0.313001 0.809544
vn -0.720708 0.438649 0.536811
vn -0.829468 0.496394 0.256077
vn -0.859253 0.511539 0.003501
vn -0.833967 0.492858 -0.248175
vn -0.730031 0.430947 -0.530413
vn -0.509887 0.300528 -0.806038
vn -0.217257 0.123543 -0.968265
vn 0.103591 -0.082275 -0.991211
vn 0.401414 -0.298105 -0.866025
vn 0.255720 -0.786424 -0.562267
vn 0.292641 -0.937045 -0.190544
vn 0.300125 -0.930995 0.207779
vn 0.275824 -0.768789 0.576961
vn 0.200438 -0.479238 0.854492
vn 0.072172 -0.121303 0.989988
vn -0.084936 0.239022 0.967292
vn -0.237836 0.548966 0.801293
vn -0.357873 0.772364 0.524768
vn -0.418677 0.874610 0.244472
vn -0.434600 0.900608 -0.005345
vn -0.426193 0.868313 -0.253756
vn -0.373350 0.758760 -0.533753
vn -0.261085 0.526937 -0.808809
vn -0.113151 0.210635 -0.970994
vn 0.042299 -0.151667 -0.987526
vn 0.172913 -0.505647 -0.845235
vn 0.060909 -0.834762 -0.547231
vn 0.075559 -0.980251 -0.182751
vn 0.083369 -0.974488 0.208382
vn 0.082897 -0.817874 0.569395
vn 0.068266 -0.531624 0.844225
vn 0.035703 -0.160448 0.986398
vn -0.011131 0.233021 0.972408
vn -0.062121 0.584361 0.809113
vn -0.105796 0.842306 0.528514
vn -0.129433 0.961953 0.240609
vn -0.141745 0.989835 -0.011572
vn -0.138673 0.954856 -0.262716
vn -0.125730 0.826557 -0.548630
vn -0.092321 0.559218 -0.823864
vn -0.047467 0.201490 -0.978340
vn -0.001488 -0.192746 -0.981248
vn 0.036001 -0.558140 -0.828965
vn -0.083187 -0.834845 -0.544164
vn -0.082973 -0.980286 -0.179317
vn -0.074769 -0.974446 0.211813
vn -0.059605 -0.817794 0.572416
vn -0.033699 -0.531555 0.846353
vn 0.004727 -0.160391 0.987042
vn 0.050997 0.233025 0.971133
vn 0.095289 0.584367 0.805876
vn 0.127433 0.842289 0.523746
vn 0.139185 0.961958 0.235082
vn 0.141233 0.989821 -0.017521
vn 0.127728 0.954861 -0.268190
vn 0.103127 0.826571 -0.553304
vn 0.058448 0.559269 -0.826923
vn 0.007321 0.201553 -0.979450
vn -0.038711 -0.192793 -0.980475
vn -0.069886 -0.558233 -0.826736
vn 0.750149 0.637521 0.175620
vn 0.742540 0.641671 -0.192075
vn 0.702520 0.486634 0.519281
vn 0.583906 0.218725 0.781801
vn 0.397127 -0.109289 0.911233
vn 0.178377 -0.431839 0.884136
vn -0.022871 -0.694934 0.718710
vn -0.170886 -0.871247 0.460138
vn -0.241626 -0.947464 0.209591
vn -0.267206 -0.963627 -0.004971
vn -0.191111 -0.859144 -0.474708
vn -0.250925 -0.941941 -0.223122
vn -0.054097 -0.675968 -0.734942
vn 0.140141 -0.408360 -0.901999
vn 0.357761 -0.085469 -0.929893
vn 0.550290 0.238308 -0.800244
vn 0.680403 0.499015 -0.536689
vn 0.704032 0.688127 0.175556
vn 0.700656 0.691349 -0.176403
vn 0.663274 0.556707 0.500145
vn 0.584608 0.317199 0.746738
vn 0.479610 0.006615 0.877457
vn 0.365111 -0.326276 0.871916
vn 0.258876 -0.629661 0.732469
vn 0.177052 -0.858033 0.482111
vn 0.134807 -0.966858 0.216825
vn 0.139573 -0.990082 -0.016064
vn 0.131765 -0.960398 -0.245507
vn 0.170076 -0.844384 -0.508025
vn 0.247955 -0.609290 -0.753183
vn 0.351503 -0.303202 -0.885728
vn 0.464746 0.027458 -0.885018
vn 0.571169 0.332862 -0.750312
vn 0.653915 0.566390 -0.501594
vn 0.995895 -0.084763 0.031766
vn 0.994285 -0.082526 -0.067731
vn 0.984635 -0.124829 0.122116
vn 0.962764 -0.195210 0.187025
vn 0.934407 -0.282263 0.217281
vn 0.904740 -0.370766 0.209709
vn 0.878044 -0.447484 0.169694
vn 0.857887 -0.503190 0.104066
vn 0.853911 -0.519353 0.033295
vn 0.868361 -0.495468 -0.021453
vn 0.851704 -0.518489 -0.075957
vn 0.853144 -0.500629 -0.146681
vn 0.871294 -0.442052 -0.213158
vn 0.896736 -0.363267 -0.252787
vn 0.926178 -0.274409 -0.258639
vn 0.955742 -0.187827 -0.226446
vn 0.980032 -0.119117 -0.159212
vn 0.941822 -0.335506 -0.020185
vn -0.077593 0.981873 -0.172929
vn -0.064983 0.857455 -0.510438
vn -0.220060 0.828084 -0.515606
vn -0.212387 0.960957 -0.177353
vn -0.075404 0.981118 0.178106
vn -0.224601 0.958274 0.176820
vn -0.060540 0.835861 0.545593
vn -0.226430 0.799609 0.556197
vn -0.041869 0.528553 0.847867
vn -0.232035 0.456889 0.858727
vn -0.024676 0.146004 0.988976
vn -0.228664 0.056256 0.971879
vn -0.006481 -0.252610 0.967546
vn -0.221341 -0.335072 0.915825
vn 0.009889 -0.600481 0.799578
vn -0.222114 -0.646820 0.729581
vn 0.023139 -0.860787 0.508440
vn -0.223426 -0.863062 0.452995
vn 0.028538 -0.972924 0.229355
vn -0.219466 -0.952721 0.210138
vn -0.222790 -0.974802 0.011245
vn 0.032523 -0.999433 -0.008763
vn 0.027796 -0.834401 -0.550456
vn 0.033172 -0.967916 -0.249073
vn -0.206788 -0.957064 -0.203144
vn -0.197154 -0.851510 -0.485861
vn 0.016984 -0.569324 -0.821938
vn -0.189395 -0.623214 -0.758771
vn 0.001454 -0.217420 -0.976077
vn -0.196620 -0.292813 -0.935736
vn -0.017633 0.191210 -0.981391
vn -0.207399 0.114183 -0.971570
vn -0.041747 0.584639 -0.810219
vn -0.213689 0.533429 -0.818407
vn -0.185180 0.967032 -0.174808
vn -0.177833 0.827044 -0.533266
vn -0.176360 0.963530 0.201263
vn -0.154724 0.806022 0.571305
vn -0.107024 0.505320 0.856269
vn -0.022039 0.131126 0.991121
vn 0.089096 -0.245534 0.965285
vn 0.202115 -0.570887 0.795762
vn 0.289855 -0.810827 0.508472
vn 0.327281 -0.917368 0.226547
vn 0.336266 -0.941490 -0.022829
vn 0.267882 -0.788062 -0.554253
vn 0.319473 -0.908767 -0.268476
vn 0.170835 -0.543241 -0.822013
vn 0.057292 -0.217217 -0.974441
vn -0.053113 0.165717 -0.984742
vn -0.135780 0.540441 -0.830354
vn -0.763392 0.617525 -0.189461
vn -0.642649 0.498227 -0.582042
vn -0.747973 0.612520 0.255647
vn -0.601309 0.485727 0.634426
vn -0.361853 0.289716 0.886074
vn -0.068511 0.062959 0.995662
vn 0.235232 -0.163574 0.958076
vn 0.505105 -0.360845 0.784002
vn 0.702381 -0.504391 0.502245
vn 0.792762 -0.568470 0.219933
vn 0.807812 -0.588568 -0.032059
vn 0.668464 -0.494127 -0.555873
vn 0.775365 -0.565514 -0.281074
vn 0.452907 -0.345206 -0.822015
vn 0.171904 -0.144934 -0.974394
vn -0.134137 0.081845 -0.987577
vn -0.420015 0.306494 -0.854195
vn -0.986899 0.015770 -0.160564
vn -0.849882 0.015415 -0.526748
vn -0.973023 0.016343 0.230129
vn -0.809941 0.016622 0.586275
vn -0.521444 0.013529 0.853178
vn -0.152180 0.004333 0.988343
vn 0.239081 -0.010651 0.970941
vn 0.591809 -0.027929 0.805594
vn 0.853108 -0.042653 0.519989
vn 0.973512 -0.049574 0.223196
vn 0.997992 -0.053083 -0.034548
vn 0.814486 -0.040775 -0.578749
vn 0.955699 -0.048474 -0.290327
vn 0.532156 -0.025542 -0.846261
vn 0.167239 -0.008776 -0.985877
vn -0.224753 0.004920 -0.974403
vn -0.582386 0.012804 -0.812812
vn -0.986887 -0.014866 -0.160726
vn -0.849584 -0.014969 -0.527241
vn -0.972974 -0.014892 0.230436
vn -0.809668 -0.014902 0.586699
vn -0.521215 -0.012099 0.853339
vn -0.152401 -0.003835 0.988311
vn 0.238525 0.009888 0.971086
vn 0.591345 0.026033 0.805998
vn 0.853046 0.040065 0.520296
vn 0.973689 0.046777 0.223028
vn 0.998109 0.050504 -0.035046
vn 0.813890 0.039150 -0.579699
vn 0.955557 0.046247 -0.291158
vn 0.531354 0.024757 -0.846788
vn 0.166803 0.008645 -0.985952
vn -0.224556 -0.004730 -0.974450
vn -0.581878 -0.012527 -0.813179
vn -0.751434 -0.633630 -0.184012
vn -0.650646 -0.499396 -0.572070
vn -0.738260 -0.627723 0.246851
vn -0.612495 -0.485371 0.623911
vn -0.380086 -0.281079 0.881209
vn -0.078150 -0.064862 0.994829
vn 0.242322 0.139517 0.960112
vn 0.530145 0.313095 0.787983
vn 0.742563 0.438655 0.506145
vn 0.839454 0.496378 0.221193
vn 0.858668 0.511526 -0.032100
vn 0.707141 0.430938 -0.560574
vn 0.822861 0.492830 -0.282877
vn 0.475697 0.300576 -0.826660
vn 0.176515 0.123572 -0.976510
vn -0.144906 -0.082203 -0.986025
vn -0.437350 -0.298066 -0.848459
vn -0.300351 -0.937039 -0.178179
vn -0.279013 -0.786430 -0.551071
vn -0.291171 -0.930988 0.220185
vn -0.251464 -0.768824 0.587942
vn -0.164541 -0.479235 0.862125
vn -0.030729 -0.121264 0.992145
vn 0.125297 0.239098 0.962877
vn 0.271170 0.549051 0.790576
vn 0.379536 0.772336 0.509362
vn 0.428573 0.874582 0.226785
vn 0.433937 0.900639 -0.023425
vn 0.350660 0.758749 -0.548942
vn 0.415209 0.868309 -0.271370
vn 0.227037 0.527006 -0.818975
vn 0.072473 0.210744 -0.974851
vn -0.083549 -0.151657 -0.984896
vn -0.208135 -0.505701 -0.837225
vn -1.000000 -0.000016 -0.000028
vn -1.000000 -0.000096 0.000027
vn -1.000000 0.000192 -0.000112
vn -1.000000 -0.000250 -0.000019
vn -1.000000 -0.000200 0.000145
vn -1.000000 -0.000110 0.000264
vn -1.000000 -0.000006 0.000202
vn -1.000000 -0.000211 0.000247
vn -1.000000 -0.000021 0.000014
vn -1.000000 0.000249 0.000167
vn -1.000000 -0.000066 0.000036
vn -1.000000 -0.000001 -0.000888
vn -1.000000 -0.000069 -0.000431
vn -1.000000 0.000445 -0.000033
vn -1.000000 -0.000004 0.000157
vn -1.000000 -0.000380 -0.000065
vn -1.000000 -0.000185 -0.000180
vn -1.000000 -0.000244 -0.000054
vn -0.826323 0.443507 -0.347119
vn -0.833062 0.540854 -0.116121
vn -0.841242 0.525321 0.127869
vn -0.846950 0.384909 0.366771
vn -0.817848 0.166922 0.550692
vn -0.770416 -0.099372 0.629749
vn -0.719427 -0.368308 0.588875
vn -0.675994 -0.577571 0.457651
vn -0.647327 -0.704844 0.290109
vn -0.635314 -0.758469 0.145264
vn -0.628544 -0.777347 0.025772
vn -0.636218 -0.763582 -0.110316
vn -0.651538 -0.702786 -0.285639
vn -0.681685 -0.551397 -0.480903
vn -0.723656 -0.320783 -0.611081
vn -0.771668 -0.046318 -0.634337
vn -0.812418 0.222943 -0.538770
s 1
g chains1 chain_piece8
usemtl StingrayPBS9SG
f 326/326/343 342/343/344 343/344/345 327/327/346
f 327/327/346 343/344/345 344/345/347 328/328/348
f 328/328/348 344/345/347 345/346/349 329/329/350
f 329/329/350 345/346/349 346/347/351 330/330/352
f 330/330/352 346/347/351 347/348/353 331/331/354
f 331/331/354 347/348/353 348/349/355 332/332/356
f 332/332/356 348/349/355 349/350/357 333/333/358
f 333/333/358 349/350/357 350/351/359 334/334/360
f 334/334/360 350/351/359 351/352/361 335/335/362
f 335/335/362 351/352/361 646/353/363 647/336/364
f 336/337/365 352/354/366 353/355/367 337/338/368
f 337/338/368 353/355/367 354/356/369 338/339/370
f 338/339/370 354/356/369 355/357/371 339/340/372
f 339/340/372 355/357/371 356/358/373 340/341/374
f 340/341/374 356/358/373 357/359/375 341/342/376
f 341/342/376 357/359/375 342/343/344 326/326/343
f 342/343/344 358/360/377 359/361/378 343/344/345
f 343/344/345 359/361/378 360/362/379 344/345/347
f 344/345/347 360/362/379 361/363/380 345/346/349
f 345/346/349 361/363/380 362/364/381 346/347/351
f 346/347/351 362/364/381 363/365/382 347/348/353
f 347/348/353 363/365/382 364/366/383 348/349/355
f 348/349/355 364/366/383 365/367/384 349/350/357
f 349/350/357 365/367/384 366/368/385 350/351/359
f 350/351/359 366/368/385 367/369/386 351/352/361
f 351/352/361 367/369/386 645/370/387 646/353/363
f 352/354/366 368/371/388 369/372/389 353/355/367
f 353/355/367 369/372/389 370/373/390 354/356/369
f 354/356/369 370/373/390 371/374/391 355/357/371
f 355/357/371 371/374/391 372/375/392 356/358/373
f 356/358/373 372/375/392 373/376/393 357/359/375
f 357/359/375 373/376/393 358/360/377 342/343/344
f 358/360/377 374/377/394 375/378/395 359/361/378
f 359/361/378 375/378/395 376/379/396 360/362/379
f 360/362/379 376/379/396 377/380/397 361/363/380
f 361/363/380 377/380/397 378/381/398 362/364/381
f 362/364/381 378/381/398 379/382/399 363/365/382
f 363/365/382 379/382/399 380/383/400 364/366/383
f 364/366/383 380/383/400 381/384/401 365/367/384
f 365/367/384 381/384/401 382/385/402 366/368/385
f 366/368/385 382/385/402 383/386/403 367/369/386
f 367/369/386 383/386/403 644/387/404 645/370/387
f 368/371/388 384/388/405 385/389/406 369/372/389
f 369/372/389 385/389/406 386/390/407 370/373/390
f 370/373/390 386/390/407 387/391/408 371/374/391
f 371/374/391 387/391/408 388/392/409 372/375/392
f 372/375/392 388/392/409 389/393/410 373/376/393
f 373/376/393 389/393/410 374/377/394 358/360/377
f 374/377/394 390/394/411 391/395/412 375/378/395
f 375/378/395 391/395/412 392/396/413 376/379/396
f 376/379/396 392/396/413 393/397/414 377/380/397
f 377/380/397 393/397/414 394/398/415 378/381/398
f 378/381/398 394/398/415 395/399/416 379/382/399
f 379/382/399 395/399/416 396/400/417 380/383/400
f 380/383/400 396/400/417 397/401/418 381/384/401
f 381/384/401 397/401/418 398/402/419 382/385/402
f 382/385/402 398/402/419 399/403/420 383/386/403
f 383/386/403 399/403/420 643/404/421 644/387/404
f 384/388/405 400/405/422 401/406/423 385/389/406
f 385/389/406 401/406/423 402/407/424 386/390/407
f 386/390/407 402/407/424 403/408/425 387/391/408
f 387/391/408 403/408/425 404/409/426 388/392/409
f 388/392/409 404/409/426 405/410/427 389/393/410
f 389/393/410 405/410/427 390/394/411 374/377/394
f 391/395/412 390/394/411 406/411/428 407/412/429
f 392/396/413 391/395/412 407/412/429 408/413/430
f 393/397/414 392/396/413 408/413/430 409/414/431
f 394/398/415 393/397/414 409/414/431 410/415/432
f 395/399/416 394/398/415 410/415/432 411/416/433
f 396/400/417 395/399/416 411/416/433 412/417/434
f 397/401/418 396/400/417 412/417/434 413/418/435
f 398/402/419 397/401/418 413/418/435 414/419/436
f 399/403/420 398/402/419 414/419/436 415/420/437
f 642/421/438 643/404/421 399/403/420 415/420/437
f 401/406/423 400/405/422 416/422/439 417/423/440
f 402/407/424 401/406/423 417/423/440 418/424/441
f 403/408/425 402/407/424 418/424/441 419/425/442
f 404/409/426 403/408/425 419/425/442 420/426/443
f 405/410/427 404/409/426 420/426/443 421/427/444
f 390/394/411 405/410/427 421/427/444 406/411/428
f 407/412/429 406/411/428 583/600/445 584/599/446
f 408/413/430 407/412/429 584/599/446 585/601/447
f 409/414/431 408/413/430 585/601/447 586/602/448
f 410/415/432 409/414/431 586/602/448 587/603/449
f 411/416/433 410/415/432 587/603/449 588/604/450
f 412/417/434 411/416/433 588/604/450 589/605/451
f 413/418/435 412/417/434 589/605/451 590/606/452
f 414/419/436 413/418/435 590/606/452 591/607/453
f 415/420/437 414/419/436 591/607/453 592/608/454
f 641/609/455 642/421/438 415/420/437 592/608/454
f 417/423/440 416/422/439 593/611/456 594/610/457
f 418/424/441 417/423/440 594/610/457 595/612/458
f 419/425/442 418/424/441 595/612/458 596/613/459
f 420/426/443 419/425/442 596/613/459 597/614/460
f 421/427/444 420/426/443 597/614/460 598/615/461
f 406/411/428 421/427/444 598/615/461 583/600/445
f 328/328/348 424/428/462 423/429/463 327/327/346
f 329/329/350 425/430/464 424/428/462 328/328/348
f 330/330/352 426/431/465 425/430/464 329/329/350
f 331/331/354 427/432/466 426/431/465 330/330/352
f 332/332/356 428/433/467 427/432/466 331/331/354
f 333/333/358 429/434/468 428/433/467 332/332/356
f 334/334/360 430/435/469 429/434/468 333/333/358
f 335/335/362 431/436/470 430/435/469 334/334/360
f 647/336/364 648/437/471 431/436/470 335/335/362
f 337/338/368 433/439/472 432/438/473 336/337/365
f 338/339/370 434/440/474 433/439/472 337/338/368
f 339/340/372 435/441/475 434/440/474 338/339/370
f 340/341/374 436/442/476 435/441/475 339/340/372
f 341/342/376 437/443/477 436/442/476 340/341/374
f 326/326/343 438/444/478 437/443/477 341/342/376
f 327/327/346 423/429/463 438/444/478 326/326/343
f 424/428/462 440/445/479 439/446/480 423/429/463
f 425/430/464 441/447/481 440/445/479 424/428/462
f 426/431/465 442/448/482 441/447/481 425/430/464
f 427/432/466 443/449/483 442/448/482 426/431/465
f 428/433/467 444/450/484 443/449/483 427/432/466
f 429/434/468 445/451/485 444/450/484 428/433/467
f 430/435/469 446/452/486 445/451/485 429/434/468
f 431/436/470 447/453/487 446/452/486 430/435/469
f 447/453/487 431/436/470 648/437/471 649/454/488
f 448/455/489 432/438/473 433/439/472 449/456/490
f 449/456/490 433/439/472 434/440/474 450/457/491
f 450/457/491 434/440/474 435/441/475 451/458/492
f 451/458/492 435/441/475 436/442/476 452/459/493
f 452/459/493 436/442/476 437/443/477 453/460/494
f 453/460/494 437/443/477 438/444/478 454/461/495
f 423/429/463 439/446/480 454/461/495 438/444/478
f 440/445/479 456/462/496 455/463/497 439/446/480
f 441/447/481 457/464/498 456/462/496 440/445/479
f 442/448/482 458/465/499 457/464/498 441/447/481
f 443/449/483 459/466/500 458/465/499 442/448/482
f 444/450/484 460/467/501 459/466/500 443/449/483
f 445/451/485 461/468/502 460/467/501 444/450/484
f 446/452/486 462/469/503 461/468/502 445/451/485
f 447/453/487 463/470/504 462/469/503 446/452/486
f 463/470/504 447/453/487 649/454/488 650/471/505
f 464/472/506 448/455/489 449/456/490 465/473/507
f 465/473/507 449/456/490 450/457/491 466/474/508
f 466/474/508 450/457/491 451/458/492 467/475/509
f 467/475/509 451/458/492 452/459/493 468/476/510
f 468/476/510 452/459/493 453/460/494 469/477/511
f 469/477/511 453/460/494 454/461/495 470/478/512
f 439/446/480 455/463/497 470/478/512 454/461/495
f 456/462/496 422/479/513 455/463/497
f 457/464/498 422/479/513 456/462/496
f 458/465/499 422/479/513 457/464/498
f 459/466/500 422/479/513 458/465/499
f 460/467/501 422/479/513 459/466/500
f 461/468/502 422/479/513 460/467/501
f 462/469/503 422/479/513 461/468/502
f 463/470/504 422/479/513 462/469/503
f 422/479/513 463/470/504 650/471/505 464/472/506
f 422/479/513 464/472/506 465/473/507
f 422/479/513 465/473/507 466/474/508
f 422/479/513 466/474/508 467/475/509
f 422/479/513 467/475/509 468/476/510
f 422/479/513 468/476/510 469/477/511
f 422/479/513 469/477/511 470/478/512
f 455/463/497 422/479/513 470/478/512
f 472/480/514 471/481/515 616/634/516 617/635/517
f 473/482/518 472/480/514 617/635/517 618/636/519
f 474/483/520 473/482/518 618/636/519 619/637/521
f 475/484/522 474/483/520 619/637/521 620/638/523
f 476/485/524 475/484/522 620/638/523 621/639/525
f 477/486/526 476/485/524 621/639/525 622/640/527
f 478/487/528 477/486/526 622/640/527 623/641/529
f 479/488/530 478/487/528 623/641/529 624/642/531
f 480/489/532 479/488/530 624/642/531 625/643/533
f 633/644/534 634/490/535 480/489/532 625/643/533
f 482/491/536 481/492/537 626/645/538 627/646/539
f 483/493/540 482/491/536 627/646/539 628/647/541
f 484/494/542 483/493/540 628/647/541 629/648/543
f 485/495/544 484/494/542 629/648/543 630/649/545
f 486/496/546 485/495/544 630/649/545 631/650/547
f 616/634/516 471/481/515 486/496/546 631/650/547
f 472/480/514 488/497/548 487/498/549 471/481/515
f 473/482/518 489/499/550 488/497/548 472/480/514
f 474/483/520 490/500/551 489/499/550 473/482/518
f 475/484/522 491/501/552 490/500/551 474/483/520
f 476/485/524 492/502/553 491/501/552 475/484/522
f 477/486/526 493/503/554 492/502/553 476/485/524
f 478/487/528 494/504/555 493/503/554 477/486/526
f 479/488/530 495/505/556 494/504/555 478/487/528
f 480/489/532 496/506/557 495/505/556 479/488/530
f 634/490/535 635/507/558 496/506/557 480/489/532
f 482/491/536 498/508/559 497/509/560 481/492/537
f 483/493/540 499/510/561 498/508/559 482/491/536
f 484/494/542 500/511/562 499/510/561 483/493/540
f 485/495/544 501/512/563 500/511/562 484/494/542
f 486/496/546 502/513/564 501/512/563 485/495/544
f 471/481/515 487/498/549 502/513/564 486/496/546
f 488/497/548 504/514/565 503/515/566 487/498/549
f 489/499/550 505/516/567 504/514/565 488/497/548
f 490/500/551 506/517/568 505/516/567 489/499/550
f 491/501/552 507/518/569 506/517/568 490/500/551
f 492/502/553 508/519/570 507/518/569 491/501/552
f 493/503/554 509/520/571 508/519/570 492/502/553
f 494/504/555 510/521/572 509/520/571 493/503/554
f 495/505/556 511/522/573 510/521/572 494/504/555
f 496/506/557 512/523/574 511/522/573 495/505/556
f 635/507/558 636/524/575 512/523/574 496/506/557
f 498/508/559 514/525/576 513/526/577 497/509/560
f 499/510/561 515/527/578 514/525/576 498/508/559
f 500/511/562 516/528/579 515/527/578 499/510/561
f 501/512/563 517/529/580 516/528/579 500/511/562
f 502/513/564 518/530/581 517/529/580 501/512/563
f 487/498/549 503/515/566 518/530/581 502/513/564
f 503/515/566 504/514/565 520/531/582 519/532/583
f 504/514/565 505/516/567 521/533/584 520/531/582
f 505/516/567 506/517/568 522/534/585 521/533/584
f 506/517/568 507/518/569 523/535/586 522/534/585
f 507/518/569 508/519/570 524/536/587 523/535/586
f 508/519/570 509/520/571 525/537/588 524/536/587
f 509/520/571 510/521/572 526/538/589 525/537/588
f 510/521/572 511/522/573 527/539/590 526/538/589
f 511/522/573 512/523/574 528/540/591 527/539/590
f 512/523/574 636/524/575 637/541/592 528/540/591
f 513/526/577 514/525/576 530/542/593 529/543/594
f 514/525/576 515/527/578 531/544/595 530/542/593
f 515/527/578 516/528/579 532/545/596 531/544/595
f 516/528/579 517/529/580 533/546/597 532/545/596
f 517/529/580 518/530/581 534/547/598 533/546/597
f 518/530/581 503/515/566 519/532/583 534/547/598
f 519/532/583 520/531/582 536/548/599 535/549/600
f 520/531/582 521/533/584 537/550/601 536/548/599
f 521/533/584 522/534/585 538/551/602 537/550/601
f 522/534/585 523/535/586 539/552/603 538/551/602
f 523/535/586 524/536/587 540/553/604 539/552/603
f 524/536/587 525/537/588 541/554/605 540/553/604
f 525/537/588 526/538/589 542/555/606 541/554/605
f 526/538/589 527/539/590 543/556/607 542/555/606
f 527/539/590 528/540/591 544/557/608 543/556/607
f 528/540/591 637/541/592 638/558/609 544/557/608
f 529/543/594 530/542/593 546/559/610 545/560/611
f 530/542/593 531/544/595 547/561/612 546/559/610
f 531/544/595 532/545/596 548/562/613 547/561/612
f 532/545/596 533/546/597 549/563/614 548/562/613
f 533/546/597 534/547/598 550/564/615 549/563/614
f 534/547/598 519/532/583 535/549/600 550/564/615
f 535/549/600 536/548/599 552/565/616 551/566/617
f 536/548/599 537/550/601 553/567/618 552/565/616
f 537/550/601 538/551/602 554/568/619 553/567/618
f 538/551/602 539/552/603 555/569/620 554/568/619
f 539/552/603 540/553/604 556/570/621 555/569/620
f 540/553/604 541/554/605 557/571/622 556/570/621
f 541/554/605 542/555/606 558/572/623 557/571/622
f 542/555/606 543/556/607 559/573/624 558/572/623
f 543/556/607 544/557/608 560/574/625 559/573/624
f 544/557/608 638/558/609 639/575/626 560/574/625
f 545/560/611 546/559/610 562/576/627 561/577/628
f 546/559/610 547/561/612 563/578/629 562/576/627
f 547/561/612 548/562/613 564/579/630 563/578/629
f 548/562/613 549/563/614 565/580/631 564/579/630
f 549/563/614 550/564/615 566/581/632 565/580/631
f 550/564/615 535/549/600 551/566/617 566/581/632
f 551/566/617 552/565/616 568/582/633 567/583/634
f 552/565/616 553/567/618 569/584/635 568/582/633
f 553/567/618 554/568/619 570/585/636 569/584/635
f 554/568/619 555/569/620 571/586/637 570/585/636
f 555/569/620 556/570/621 572/587/638 571/586/637
f 556/570/621 557/571/622 573/588/639 572/587/638
f 557/571/622 558/572/623 574/589/640 573/588/639
f 558/572/623 559/573/624 575/590/641 574/589/640
f 559/573/624 560/574/625 576/591/642 575/590/641
f 560/574/625 639/575/626 640/592/643 576/591/642
f 561/577/628 562/576/627 578/593/644 577/594/645
f 562/576/627 563/578/629 579/595/646 578/593/644
f 563/578/629 564/579/630 580/596/647 579/595/646
f 564/579/630 565/580/631 581/597/648 580/596/647
f 565/580/631 566/581/632 582/598/649 581/597/648
f 566/581/632 551/566/617 567/583/634 582/598/649
f 568/582/633 584/599/446 583/600/445 567/583/634
f 569/584/635 585/601/447 584/599/446 568/582/633
f 570/585/636 586/602/448 585/601/447 569/584/635
f 571/586/637 587/603/449 586/602/448 570/585/636
f 572/587/638 588/604/450 587/603/449 571/586/637
f 573/588/639 589/605/451 588/604/450 572/587/638
f 574/589/640 590/606/452 589/605/451 573/588/639
f 575/590/641 591/607/453 590/606/452 574/589/640
f 576/591/642 592/608/454 591/607/453 575/590/641
f 640/592/643 641/609/455 592/608/454 576/591/642
f 578/593/644 594/610/457 593/611/456 577/594/645
f 579/595/646 595/612/458 594/610/457 578/593/644
f 580/596/647 596/613/459 595/612/458 579/595/646
f 581/597/648 597/614/460 596/613/459 580/596/647
f 582/598/649 598/615/461 597/614/460 581/597/648
f 567/583/634 583/600/445 598/615/461 582/598/649
s 4
f 607/616/650 615/617/651 608/618/652
f 600/619/653 599/620/654 615/617/651
f 615/617/651 599/620/654 614/621/655
f 615/617/651 614/621/655 613/622/656
f 615/617/651 613/622/656 612/623/657
f 615/617/651 612/623/657 611/624/658
f 615/617/651 611/624/658 610/625/659
f 615/617/651 610/625/659 609/626/660
f 615/617/651 609/626/660 632/627/661 608/618/652
f 606/628/662 615/617/651 607/616/650
f 605/629/663 615/617/651 606/628/662
f 604/630/664 615/617/651 605/629/663
f 603/631/665 615/617/651 604/630/664
f 602/632/666 615/617/651 603/631/665
f 601/633/667 615/617/651 602/632/666
f 600/619/653 615/617/651 601/633/667
s 1
f 617/635/517 616/634/516 599/620/668 600/619/669
f 618/636/519 617/635/517 600/619/669 601/633/670
f 619/637/521 618/636/519 601/633/670 602/632/671
f 620/638/523 619/637/521 602/632/671 603/631/672
f 621/639/525 620/638/523 603/631/672 604/630/673
f 622/640/527 621/639/525 604/630/673 605/629/674
f 623/641/529 622/640/527 605/629/674 606/628/675
f 624/642/531 623/641/529 606/628/675 607/616/676
f 625/643/533 624/642/531 607/616/676 608/618/677
f 632/627/678 633/644/534 625/643/533 608/618/677
f 627/646/539 626/645/538 609/626/679 610/625/680
f 628/647/541 627/646/539 610/625/680 611/624/681
f 629/648/543 628/647/541 611/624/681 612/623/682
f 630/649/545 629/648/543 612/623/682 613/622/683
f 631/650/547 630/649/545 613/622/683 614/621/684
f 599/620/668 616/634/516 631/650/547 614/621/684
f 609/626/679 626/645/538 633/644/534 632/627/678
f 626/645/538 481/492/537 634/490/535 633/644/534
f 481/492/537 497/509/560 635/507/558 634/490/535
f 497/509/560 513/526/577 636/524/575 635/507/558
f 637/541/592 636/524/575 513/526/577 529/543/594
f 638/558/609 637/541/592 529/543/594 545/560/611
f 639/575/626 638/558/609 545/560/611 561/577/628
f 640/592/643 639/575/626 561/577/628 577/594/645
f 577/594/645 593/611/456 641/609/455 640/592/643
f 593/611/456 416/422/439 642/421/438 641/609/455
f 416/422/439 400/405/422 643/404/421 642/421/438
f 644/387/404 643/404/421 400/405/422 384/388/405
f 645/370/387 644/387/404 384/388/405 368/371/388
f 646/353/363 645/370/387 368/371/388 352/354/366
f 647/336/364 646/353/363 352/354/366 336/337/365
f 336/337/365 432/438/473 648/437/471 647/336/364
f 649/454/488 648/437/471 432/438/473 448/455/489
f 650/471/505 649/454/488 448/455/489 464/472/506
g default
v -4416.996573 711.393808 868.872798
v -4416.134142 711.548224 868.523453
v -4415.191007 711.537211 868.491541
v -4414.311294 711.362378 868.781885
v -4413.629805 711.050411 869.351399
v -4413.247905 710.648455 870.112547
v -4413.226684 710.218325 870.949738
v -4413.566705 709.825171 871.735001
v -4414.218049 709.528517 872.349691
v -4415.080641 709.374141 872.699679
v -4416.023455 709.385113 872.731832
v -4416.903650 709.560067 872.440926
v -4417.585621 709.871994 871.872054
v -4417.966557 710.273829 871.110584
v -4417.988582 710.704040 870.273072
v -4417.647838 711.097274 869.488131
v -4416.949951 712.052186 869.113385
v -4416.080527 712.052186 868.747481
v -4415.136668 712.052186 868.741372
v -4414.263225 712.052186 869.096022
v -4413.592990 712.052186 869.757093
v -4413.227247 712.052186 870.624588
v -4413.222584 712.052186 871.566035
v -4413.579164 712.052186 872.437389
v -4414.242968 712.052186 873.107784
v -4415.113035 712.052186 873.473688
v -4416.056412 712.052186 873.479797
v -4416.930177 712.052186 873.125147
v -4417.600411 712.052186 872.464076
v -4417.965994 712.052186 871.596903
v -4417.970656 712.052186 870.655455
v -4417.614237 712.052186 869.783780
v -4416.949951 723.966737 869.113385
v -4416.080527 723.966737 868.747481
v -4415.136668 723.966737 868.741372
v -4414.263225 723.966737 869.096022
v -4413.592990 723.966737 869.757093
v -4413.227247 723.966737 870.624588
v -4413.222584 723.966737 871.566035
v -4413.579164 723.966737 872.437389
v -4414.242968 723.966737 873.107784
v -4415.113035 723.966737 873.473688
v -4416.056412 723.966737 873.479797
v -4416.930177 723.966737 873.125147
v -4417.600411 723.966737 872.464076
v -4417.965994 723.966737 871.596903
v -4417.970656 723.966737 870.655455
v -4417.614237 723.966737 869.783780
v -4416.955096 724.680539 868.899566
v -4416.084225 724.514950 868.575782
v -4415.140366 724.521782 868.568065
v -4414.267887 724.699670 868.877058
v -4413.599421 725.021525 869.456782
v -4413.236089 725.438793 870.218492
v -4413.233677 725.887412 871.045796
v -4413.592347 726.299375 871.812972
v -4414.258080 726.611905 872.403949
v -4415.128951 726.777414 872.727733
v -4416.072006 726.770983 872.735449
v -4416.945128 726.593095 872.426457
v -4417.613594 726.271081 871.847055
v -4417.976605 725.854053 871.085666
v -4417.979177 725.405354 870.258041
v -4417.620668 724.993230 869.490542
v -4416.972137 725.264362 868.091876
v -4416.099176 724.978359 867.877092
v -4415.155317 724.989854 867.864874
v -4414.285410 725.297158 868.057150
v -4413.621606 725.854053 868.424983
v -4413.263419 726.575893 868.912427
v -4413.267760 727.351752 869.445206
v -4413.632378 728.064268 869.941653
v -4414.302291 728.605086 870.326849
v -4415.175734 728.891652 870.542276
v -4416.118629 728.879996 870.554815
v -4416.989017 728.572450 870.361896
v -4417.653304 728.015556 869.993741
v -4418.010687 727.294117 869.506619
v -4418.006346 726.517937 868.973840
v -4417.641889 725.805019 868.477393
v -4417.027762 725.843201 865.472350
v -4416.151103 725.496187 865.444698
v -4415.207566 725.510174 865.425084
v -4414.341839 725.882669 865.416403
v -4413.685109 726.557566 865.420261
v -4413.337693 727.432697 865.436338
v -4413.352805 728.373341 865.461739
v -4413.726748 729.237138 865.492928
v -4414.403734 729.892663 865.524759
v -4415.281518 730.240079 865.552411
v -4416.224895 730.226173 865.572346
v -4417.090622 729.853597 865.580706
v -4417.747030 729.178459 865.576526
v -4418.094286 728.303649 865.560771
v -4418.079656 727.362844 865.535370
v -4417.705392 726.498726 865.504503
v -4415.690990 708.963463 867.006703
v -4415.944036 710.782454 868.017682
v -4415.377978 710.774496 868.008358
v -4414.857095 710.563570 868.072343
v -4414.460485 710.181750 868.199991
v -4414.248273 709.687233 868.371689
v -4414.253579 709.155258 868.561715
v -4414.474793 708.666849 868.740166
v -4414.878960 708.295962 868.880997
v -4415.403862 708.099746 868.962345
v -4415.969920 708.107544 868.971348
v -4416.490802 708.318469 868.907363
v -4416.887252 708.700289 868.779714
v -4417.098821 709.194806 868.608337
v -4417.093676 709.726782 868.418633
v -4416.872622 710.215431 868.239218
v -4416.468938 710.586158 868.098708
v -4415.864939 709.857726 866.850760
v -4415.486978 709.852340 866.844651
v -4415.140205 709.711750 866.887415
v -4414.875744 709.457337 866.972299
v -4414.734109 709.127525 867.087086
v -4414.737485 708.772875 867.213449
v -4414.885069 708.447323 867.332737
v -4415.154513 708.200065 867.426625
v -4415.504340 708.069201 867.480642
v -4415.881659 708.074426 867.487073
v -4416.229075 708.215177 867.443988
v -4416.493375 708.469589 867.359103
v -4416.634528 708.799241 867.244637
v -4416.631151 709.153891 867.118275
v -4416.483568 709.479684 866.998665
v -4416.214284 709.726862 866.905099
v -4415.781019 709.410635 866.849474
v -4415.592440 709.407821 866.846258
v -4415.419134 709.337727 866.867480
v -4415.286663 709.210400 866.909922
v -4415.215765 709.045615 866.967155
v -4415.217694 708.868129 867.030497
v -4415.291325 708.705273 867.090302
v -4415.426047 708.581724 867.136924
v -4415.601122 708.516292 867.163933
v -4415.789861 708.518864 867.167148
v -4415.963328 708.589199 867.145605
v -4416.095478 708.716366 867.103163
v -4416.166055 708.881312 867.046252
v -4416.164608 709.058798 866.982910
v -4416.090494 709.221493 866.923105
v -4415.956094 709.345042 866.876161
v -4417.151552 710.098634 862.213536
v -4416.274893 710.426758 862.195209
v -4415.331838 710.413415 862.176239
v -4414.465629 710.129863 862.158554
v -4413.809864 709.491661 862.145050
v -4413.462930 708.664719 862.137655
v -4413.478203 707.775199 862.138298
v -4413.852788 706.860198 862.145693
v -4414.531061 706.240565 862.159840
v -4415.408041 705.912280 862.177846
v -4416.351579 705.925422 862.196817
v -4417.217305 706.277943 862.215144
v -4417.873232 707.014574 862.228327
v -4418.220166 707.841355 862.235401
v -4418.204893 708.730794 862.234758
v -4417.829664 709.547728 862.227041
v -4417.160716 710.419765 858.912763
v -4416.281806 710.747005 859.011795
v -4415.338108 710.733741 858.987680
v -4414.475597 710.382387 858.844920
v -4413.824011 709.746154 858.604735
v -4413.482704 708.921744 858.303780
v -4413.504408 708.035118 857.988035
v -4413.885263 707.220998 857.705730
v -4414.568038 706.603093 857.499627
v -4415.447590 706.275933 857.400917
v -4416.390806 706.288875 857.425032
v -4417.253960 706.640712 857.568114
v -4417.905224 707.276703 857.807977
v -4418.245888 708.101033 858.108610
v -4418.224185 708.987659 858.424355
v -4417.843329 709.801940 858.707304
v -4417.182741 711.017775 857.855323
v -4416.299732 711.176572 858.146953
v -4415.356757 711.156677 858.122999
v -4414.497300 710.961105 857.787480
v -4413.853512 710.619919 857.191599
v -4413.521288 710.184403 856.425066
v -4413.553763 709.721758 855.606042
v -4413.943702 709.301836 854.858157
v -4414.633469 708.988543 854.296118
v -4415.516478 708.829907 854.004488
v -4416.459453 708.849761 854.028201
v -4417.319070 709.045334 854.363640
v -4417.963341 709.386640 854.959761
v -4418.294279 709.821875 855.725732
v -4418.262608 710.284681 856.545399
v -4417.872026 710.704643 857.292962
v -4417.187081 712.052186 857.628562
v -4416.302706 712.052186 857.957490
v -4415.359812 712.052186 857.924050
v -4414.501963 712.052186 857.533388
v -4413.859541 712.052186 856.844987
v -4413.530773 712.052186 855.963023
v -4413.565499 712.052186 855.022219
v -4413.957929 712.052186 854.166621
v -4414.649225 712.052186 853.524520
v -4415.533921 712.052186 853.195592
v -4416.476816 712.052186 853.228710
v -4417.334986 712.052186 853.619372
v -4417.976765 712.052186 854.307773
v -4418.305854 712.052186 855.189737
v -4418.271289 712.052186 856.130542
v -4417.878698 712.052186 856.986783
v -4417.187081 723.966737 857.628562
v -4416.302706 723.966737 857.957490
v -4415.359812 723.966737 857.924050
v -4414.501963 723.966737 857.533388
v -4413.859541 723.966737 856.844987
v -4413.530773 723.966737 855.963023
v -4413.565499 723.966737 855.022219
v -4413.957929 723.966737 854.166621
v -4414.649225 723.966737 853.524520
v -4415.533921 723.966737 853.195592
v -4416.476816 723.966737 853.228710
v -4417.334986 723.966737 853.619372
v -4417.976765 723.966737 854.307773
v -4418.305854 723.966737 855.189737
v -4418.271289 723.966737 856.130542
v -4417.878698 723.966737 856.986783
v -4417.182901 724.680539 857.842381
v -4416.299330 724.514950 858.129510
v -4415.355953 724.521782 858.097678
v -4414.497140 724.699670 857.752031
v -4413.853592 725.021525 857.145299
v -4413.522253 725.438793 856.368797
v -4413.554245 725.887412 855.542137
v -4413.945068 726.299375 854.791037
v -4414.635077 726.611905 854.228355
v -4415.518809 726.777414 853.941226
v -4416.461221 726.770983 853.972415
v -4417.320357 726.593095 854.318062
v -4417.964547 726.271081 854.925116
v -4418.295083 725.854053 855.701296
v -4418.263251 725.405354 856.527956
v -4417.872750 724.993230 857.280021
v -4417.166182 725.264362 858.650071
v -4416.285182 724.978359 858.828200
v -4415.341484 724.989854 858.801191
v -4414.480420 725.297158 858.572582
v -4413.832210 725.854053 858.177097
v -4413.495083 726.575893 857.675184
v -4413.521771 727.351752 857.143369
v -4413.906806 728.064268 856.662357
v -4414.592474 728.605086 856.305455
v -4415.473795 728.891652 856.127005
v -4416.416528 728.880076 856.153692
v -4417.278075 728.572370 856.382945
v -4417.926285 728.015475 856.778430
v -4418.262929 727.294037 857.280021
v -4418.236564 726.517937 857.812157
v -4417.851528 725.805019 858.293170
v -4417.112486 725.843201 861.269919
v -4416.235184 725.496187 861.260594
v -4415.291807 725.510174 861.240981
v -4414.426563 725.882669 861.213007
v -4413.770315 726.557566 861.181819
v -4413.424025 727.432697 861.151273
v -4413.440101 728.373341 861.126837
v -4413.815008 729.237138 861.111403
v -4414.492960 729.892663 861.107545
v -4415.370904 730.240079 861.116548
v -4416.314281 730.226012 861.136483
v -4417.179365 729.853597 861.163813
v -4417.835130 729.178459 861.195645
v -4418.181903 728.303649 861.225869
v -4418.165987 727.362844 861.250627
v -4417.790598 726.498726 861.265739
v -4416.733238 709.210561 865.979407
v -4416.164286 709.463366 865.979407
v -4415.532957 709.441823 865.979407
v -4414.989085 709.152685 865.979407
v -4414.650671 708.679791 865.979407
v -4414.566591 708.150870 865.979085
v -4414.706136 707.682317 865.979407
v -4414.990210 707.338598 865.979407
v -4415.340520 707.125101 865.979085
v -4415.715427 707.016101 865.979407
v -4416.105767 706.999381 865.979085
v -4416.502056 707.095198 865.979407
v -4416.869086 707.332730 865.979085
v -4417.142871 707.717605 865.979407
v -4417.245761 708.217990 865.979407
v -4417.114093 708.755432 865.979407
v -4415.911883 708.228601 865.979085
v -4417.292222 709.831280 865.405471
v -4416.334216 710.241073 865.459167
v -4415.279911 710.207634 865.455952
v -4414.359202 709.883368 865.396146
v -4413.757775 709.105822 865.292613
v -4413.565017 708.208907 865.165929
v -4413.753917 707.376057 865.039245
v -4414.219657 706.726641 864.931532
v -4414.843430 706.298280 864.854364
v -4415.544371 706.076503 864.814816
v -4416.281806 706.055844 864.815137
v -4417.011203 706.266207 864.856936
v -4417.652178 706.735323 864.938606
v -4418.094446 707.445669 865.051142
v -4418.223542 708.322006 865.180398
v -4417.957473 709.226879 865.306439
v -4415.910597 707.007661 865.979085
v -4415.913169 706.066213 864.814816
v -4415.879730 705.918710 862.187171
v -4415.919118 706.282444 857.412814
v -4415.988086 708.839874 854.016143
v -4416.005449 712.052186 853.211990
v -4416.005449 723.966737 853.211990
v -4415.990015 726.774279 853.956660
v -4415.945001 728.885784 856.140509
v -4415.842593 730.233005 861.126194
v -4415.753207 730.233086 865.562379
v -4415.647101 728.885784 870.548706
v -4415.600318 726.774279 872.731591
v -4415.584724 723.966737 873.476904
v -4415.584724 712.052186 873.476904
v -4415.552088 709.379768 872.715434
v -4415.686810 708.103605 868.966846
v -4415.692919 708.071853 867.483536
v -4415.695492 708.517658 867.165540
vt 0.613054 0.617329
vt 0.615722 0.618042
vt 0.612587 0.616932
vt 0.604095 0.614156
vt 0.591507 0.610138
vt 0.576758 0.605483
vt 0.562135 0.600924
vt 0.549898 0.597158
vt 0.541913 0.594760
vt 0.539389 0.594097
vt 0.541035 0.594679
vt 0.542674 0.595255
vt 0.551247 0.598051
vt 0.563765 0.602052
vt 0.578362 0.606655
vt 0.592834 0.611167
vt 0.605001 0.614914
vt 0.606260 0.633624
vt 0.609199 0.632650
vt 0.606036 0.631640
vt 0.597219 0.630751
vt 0.584083 0.630120
vt 0.568623 0.629843
vt 0.553236 0.629966
vt 0.540313 0.630469
vt 0.531807 0.631274
vt 0.529025 0.632255
vt 0.530688 0.632758
vt 0.532351 0.633261
vt 0.541242 0.634141
vt 0.554325 0.634762
vt 0.569625 0.635032
vt 0.584847 0.634911
vt 0.597704 0.634418
vt 0.604160 0.831011
vt 0.607105 0.830454
vt 0.603926 0.829876
vt 0.595073 0.829367
vt 0.581889 0.829006
vt 0.566372 0.828848
vt 0.550932 0.828918
vt 0.537964 0.829206
vt 0.529433 0.829666
vt 0.526646 0.830227
vt 0.528318 0.830516
vt 0.529989 0.830803
vt 0.538916 0.831307
vt 0.552048 0.831662
vt 0.567403 0.831816
vt 0.582678 0.831747
vt 0.595577 0.831465
vt 0.607531 0.842867
vt 0.609820 0.839578
vt 0.606673 0.839134
vt 0.598542 0.841617
vt 0.586638 0.846663
vt 0.572782 0.853509
vt 0.559122 0.861092
vt 0.547771 0.868245
vt 0.540457 0.873864
vt 0.538303 0.877094
vt 0.539951 0.877278
vt 0.541597 0.877460
vt 0.549804 0.874918
vt 0.561665 0.869869
vt 0.575377 0.863086
vt 0.588892 0.855585
vt 0.600177 0.848489
vt 0.620636 0.852533
vt 0.621190 0.847260
vt 0.618138 0.846911
vt 0.611925 0.851572
vt 0.603483 0.860564
vt 0.594095 0.872523
vt 0.585228 0.885591
vt 0.578243 0.897760
vt 0.574213 0.907154
vt 0.573745 0.912340
vt 0.575317 0.912440
vt 0.576885 0.912541
vt 0.583155 0.907771
vt 0.591572 0.898771
vt 0.600860 0.886915
vt 0.609633 0.873984
vt 0.616570 0.861917
vt 0.663405 0.862020
vt 0.660988 0.855755
vt 0.658141 0.855466
vt 0.655307 0.861228
vt 0.652913 0.872205
vt 0.651332 0.886741
vt 0.650810 0.902573
vt 0.651422 0.917267
vt 0.653085 0.928558
vt 0.655535 0.934721
vt 0.656964 0.934779
vt 0.658381 0.934837
vt 0.661205 0.928935
vt 0.663570 0.917932
vt 0.665123 0.903511
vt 0.665637 0.887852
vt 0.665035 0.873290
vt 0.636534 0.602570
vt 0.638299 0.603346
vt 0.633758 0.598488
vt 0.630390 0.591715
vt 0.626950 0.583287
vt 0.623961 0.574496
vt 0.621890 0.566695
vt 0.621050 0.561072
vt 0.621555 0.558487
vt 0.622451 0.558902
vt 0.623342 0.559317
vt 0.626123 0.563428
vt 0.629472 0.570186
vt 0.632887 0.578563
vt 0.635855 0.587296
vt 0.637932 0.595072
vt 0.638789 0.600709
vt 0.638484 0.595320
vt 0.639662 0.595846
vt 0.636636 0.592596
vt 0.634397 0.588085
vt 0.632101 0.582468
vt 0.630116 0.576615
vt 0.628730 0.571418
vt 0.628165 0.567666
vt 0.628498 0.565936
vt 0.629092 0.566211
vt 0.629678 0.566484
vt 0.631532 0.569224
vt 0.633765 0.573729
vt 0.636045 0.579320
vt 0.638022 0.585148
vt 0.639411 0.590336
vt 0.639983 0.594093
vt 0.638891 0.588085
vt 0.639476 0.588353
vt 0.637970 0.586726
vt 0.636851 0.584468
vt 0.635704 0.581665
vt 0.634711 0.578738
vt 0.634015 0.576140
vt 0.633735 0.574265
vt 0.633900 0.573398
vt 0.634196 0.573534
vt 0.634488 0.573668
vt 0.635413 0.575035
vt 0.636529 0.577288
vt 0.637668 0.580088
vt 0.638661 0.583008
vt 0.639355 0.585601
vt 0.639642 0.587478
vt 0.636690 0.580876
vt 0.733673 0.609174
vt 0.736196 0.604419
vt 0.730994 0.607875
vt 0.728569 0.601905
vt 0.726790 0.589908
vt 0.725923 0.574925
vt 0.726098 0.559276
vt 0.727309 0.543651
vt 0.729336 0.533643
vt 0.731876 0.529037
vt 0.733215 0.529768
vt 0.736930 0.537778
vt 0.734550 0.530502
vt 0.738671 0.551452
vt 0.739525 0.566284
vt 0.739361 0.581762
vt 0.738188 0.595571
vt 0.768585 0.609915
vt 0.772944 0.605473
vt 0.766063 0.608631
vt 0.765768 0.601791
vt 0.767767 0.590410
vt 0.771753 0.576223
vt 0.777122 0.561432
vt 0.783029 0.548316
vt 0.788575 0.538888
vt 0.792904 0.534585
vt 0.794137 0.535305
vt 0.795593 0.542964
vt 0.795363 0.536024
vt 0.793576 0.554309
vt 0.789620 0.568357
vt 0.784317 0.582988
vt 0.778457 0.596017
vt 0.779401 0.616875
vt 0.787221 0.616086
vt 0.777044 0.615757
vt 0.780539 0.612888
vt 0.789392 0.608703
vt 0.802266 0.603833
vt 0.817168 0.599041
vt 0.831802 0.595061
vt 0.843905 0.592501
vt 0.851636 0.591759
vt 0.852738 0.592347
vt 0.850197 0.595831
vt 0.853835 0.592931
vt 0.841313 0.600007
vt 0.828536 0.604829
vt 0.813791 0.609569
vt 0.799297 0.613520
vt 0.785701 0.631430
vt 0.793753 0.632332
vt 0.783367 0.630413
vt 0.787146 0.629434
vt 0.796495 0.628644
vt 0.810010 0.628165
vt 0.825603 0.628074
vt 0.840854 0.628383
vt 0.853434 0.629045
vt 0.861401 0.629956
vt 0.862486 0.630467
vt 0.859642 0.631949
vt 0.863568 0.630976
vt 0.850251 0.632727
vt 0.836832 0.633196
vt 0.821406 0.633286
vt 0.806295 0.632983
vt 0.784226 0.829756
vt 0.792310 0.830271
vt 0.781881 0.829173
vt 0.785670 0.828613
vt 0.795049 0.828161
vt 0.808612 0.827888
vt 0.824259 0.827835
vt 0.839565 0.828012
vt 0.852192 0.828391
vt 0.860189 0.828912
vt 0.861280 0.829204
vt 0.858430 0.830052
vt 0.862367 0.829496
vt 0.849008 0.830497
vt 0.835543 0.830766
vt 0.820062 0.830817
vt 0.804897 0.830644
vt 0.781325 0.838926
vt 0.788709 0.842187
vt 0.778947 0.838478
vt 0.781961 0.840925
vt 0.789947 0.845912
vt 0.801703 0.852686
vt 0.815410 0.860200
vt 0.828951 0.867297
vt 0.840257 0.872878
vt 0.847570 0.876093
vt 0.848690 0.876279
vt 0.846654 0.873947
vt 0.849809 0.876463
vt 0.838623 0.868942
vt 0.826941 0.862219
vt 0.813379 0.854785
vt 0.799964 0.847757
vt 0.769767 0.846712
vt 0.775369 0.851974
vt 0.767282 0.846359
vt 0.768325 0.851005
vt 0.772750 0.859973
vt 0.779902 0.871908
vt 0.788672 0.884958
vt 0.797711 0.897117
vt 0.805624 0.906508
vt 0.811194 0.911696
vt 0.812392 0.911798
vt 0.812446 0.907132
vt 0.813587 0.911902
vt 0.807975 0.898139
vt 0.800867 0.886295
vt 0.792183 0.873384
vt 0.783240 0.861339
vt 0.729689 0.855509
vt 0.732285 0.861780
vt 0.726997 0.855220
vt 0.724626 0.860986
vt 0.722931 0.871972
vt 0.722191 0.886520
vt 0.722514 0.902368
vt 0.723850 0.917076
vt 0.726003 0.928377
vt 0.728626 0.934547
vt 0.729976 0.934603
vt 0.733672 0.928756
vt 0.731314 0.934661
vt 0.735327 0.917743
vt 0.736051 0.903309
vt 0.735724 0.887635
vt 0.734409 0.873060
vt 0.652524 0.549888
vt 0.654258 0.568837
vt 0.653793 0.548558
vt 0.654898 0.589544
vt 0.656839 0.586034
vt 0.658180 0.578977
vt 0.658704 0.570277
vt 0.658442 0.561908
vt 0.657596 0.555228
vt 0.656408 0.550853
vt 0.655104 0.548774
vt 0.654451 0.548665
vt 0.651309 0.552980
vt 0.650298 0.558317
vt 0.649756 0.565909
vt 0.649948 0.574779
vt 0.651010 0.583022
vt 0.652788 0.588451
vt 0.667908 0.596839
vt 0.663797 0.602519
vt 0.660347 0.600764
vt 0.658292 0.594317
vt 0.658092 0.580677
vt 0.659662 0.565518
vt 0.662500 0.551898
vt 0.665920 0.541697
vt 0.669320 0.535392
vt 0.672320 0.532626
vt 0.673539 0.532936
vt 0.674748 0.533242
vt 0.676437 0.537656
vt 0.677142 0.546207
vt 0.676660 0.558458
vt 0.674858 0.573043
vt 0.671803 0.587635
vn -0.592880 0.331618 -0.733841
vn -0.563342 0.018650 -0.826013
vn -0.202318 0.020183 -0.979112
vn -0.228153 0.465576 -0.855093
vn 0.190045 0.020706 -0.981557
vn 0.186319 0.462269 -0.866944
vn 0.553298 0.019733 -0.832750
vn 0.556666 0.324036 -0.764934
vn 0.831187 0.014939 -0.555792
vn 0.822381 0.122355 -0.555625
vn 0.981027 0.004550 -0.193817
vn 0.957919 -0.097555 -0.269952
vn 0.980387 -0.010673 0.196794
vn 0.949940 -0.309242 0.044531
vn 0.830971 -0.027507 0.555635
vn 0.802341 -0.492062 0.337821
vn 0.557371 -0.041665 0.829217
vn 0.537838 -0.626182 0.564469
vn 0.265615 -0.048227 0.962872
vn 0.261291 -0.684613 0.680465
vn 0.008699 -0.052051 0.998607
vn 0.007680 -0.713560 0.700552
vn -0.241948 -0.684756 0.687438
vn -0.249699 -0.047504 0.967158
vn -0.544284 -0.040330 0.837931
vn -0.521203 -0.620691 0.585739
vn -0.823302 -0.025819 0.567016
vn -0.792415 -0.484280 0.370880
vn -0.977960 -0.009368 0.208581
vn -0.949829 -0.300701 0.086049
vn -0.983163 0.004885 -0.182667
vn -0.970291 -0.089127 -0.224927
vn -0.837416 0.014241 -0.546381
vn -0.848132 0.130347 -0.513500
vn -0.562558 -0.014977 -0.826622
vn -0.202028 -0.014851 -0.979267
vn 0.189594 -0.014871 -0.981750
vn 0.552581 -0.014900 -0.833326
vn 0.830834 -0.012100 -0.556389
vn 0.981037 -0.003810 -0.193781
vn 0.980191 0.009917 0.197805
vn 0.829993 0.026034 0.557166
vn 0.555612 0.040061 0.830476
vn 0.263647 0.046789 0.963484
vn 0.006471 0.050552 0.998700
vn -0.251130 0.046274 0.966847
vn -0.545176 0.039153 0.837407
vn -0.823766 0.024750 0.566389
vn -0.978135 0.008643 0.207793
vn -0.982974 -0.004733 -0.183684
vn -0.836787 -0.012534 -0.547385
vn -0.598883 -0.499420 -0.626035
vn -0.215320 -0.633515 -0.743166
vn 0.215618 -0.627493 -0.748172
vn 0.597744 -0.485249 -0.638150
vn 0.864546 -0.280997 -0.416655
vn 0.990698 -0.064774 -0.119677
vn 0.969419 0.139511 0.201901
vn 0.809544 0.313001 0.496657
vn 0.536811 0.438649 0.720708
vn 0.256077 0.496394 0.829468
vn 0.003501 0.511539 0.859253
vn -0.248175 0.492858 0.833967
vn -0.530413 0.430947 0.730031
vn -0.806038 0.300528 0.509887
vn -0.968265 0.123543 0.217257
vn -0.991211 -0.082275 -0.103591
vn -0.866025 -0.298105 -0.401414
vn -0.562267 -0.786424 -0.255720
vn -0.190544 -0.937045 -0.292641
vn 0.207779 -0.930996 -0.300125
vn 0.576961 -0.768789 -0.275824
vn 0.854492 -0.479238 -0.200438
vn 0.989988 -0.121303 -0.072172
vn 0.967292 0.239022 0.084936
vn 0.801293 0.548966 0.237836
vn 0.524768 0.772364 0.357873
vn 0.244472 0.874610 0.418677
vn -0.005345 0.900608 0.434599
vn -0.253756 0.868313 0.426193
vn -0.533753 0.758760 0.373350
vn -0.808809 0.526937 0.261085
vn -0.970994 0.210635 0.113151
vn -0.987526 -0.151667 -0.042299
vn -0.845235 -0.505647 -0.172913
vn -0.547231 -0.834762 -0.060909
vn -0.182751 -0.980251 -0.075559
vn 0.208382 -0.974488 -0.083369
vn 0.569395 -0.817874 -0.082897
vn 0.844225 -0.531624 -0.068266
vn 0.986398 -0.160448 -0.035703
vn 0.972408 0.233021 0.011131
vn 0.809113 0.584361 0.062121
vn 0.528514 0.842306 0.105796
vn 0.240609 0.961953 0.129433
vn -0.011572 0.989835 0.141745
vn -0.262716 0.954856 0.138673
vn -0.548630 0.826557 0.125730
vn -0.823864 0.559218 0.092321
vn -0.978340 0.201490 0.047467
vn -0.981248 -0.192746 0.001488
vn -0.828965 -0.558140 -0.036001
vn -0.544164 -0.834845 0.083187
vn -0.179317 -0.980286 0.082973
vn 0.211813 -0.974446 0.074769
vn 0.572416 -0.817794 0.059605
vn 0.846353 -0.531555 0.033699
vn 0.987042 -0.160391 -0.004727
vn 0.971133 0.233025 -0.050997
vn 0.805876 0.584367 -0.095289
vn 0.523746 0.842289 -0.127433
vn 0.235082 0.961958 -0.139185
vn -0.017521 0.989821 -0.141233
vn -0.268190 0.954861 -0.127728
vn -0.553304 0.826571 -0.103127
vn -0.826923 0.559270 -0.058448
vn -0.979450 0.201553 -0.007321
vn -0.980476 -0.192793 0.038711
vn -0.826736 -0.558233 0.069886
vn 0.175620 0.637521 -0.750149
vn -0.192075 0.641671 -0.742540
vn 0.519281 0.486634 -0.702520
vn 0.781801 0.218725 -0.583906
vn 0.911233 -0.109289 -0.397127
vn 0.884136 -0.431839 -0.178377
vn 0.718710 -0.694934 0.022871
vn 0.460138 -0.871247 0.170886
vn 0.209591 -0.947464 0.241626
vn -0.004971 -0.963627 0.267206
vn -0.474708 -0.859144 0.191111
vn -0.223122 -0.941941 0.250925
vn -0.734942 -0.675968 0.054097
vn -0.901999 -0.408360 -0.140141
vn -0.929893 -0.085469 -0.357761
vn -0.800244 0.238308 -0.550290
vn -0.536689 0.499015 -0.680403
vn 0.175556 0.688127 -0.704032
vn -0.176403 0.691349 -0.700656
vn 0.500145 0.556707 -0.663274
vn 0.746738 0.317199 -0.584608
vn 0.877457 0.006615 -0.479610
vn 0.871916 -0.326276 -0.365111
vn 0.732469 -0.629661 -0.258876
vn 0.482111 -0.858033 -0.177052
vn 0.216825 -0.966858 -0.134807
vn -0.016064 -0.990082 -0.139573
vn -0.245507 -0.960398 -0.131765
vn -0.508025 -0.844384 -0.170076
vn -0.753183 -0.609290 -0.247955
vn -0.885728 -0.303202 -0.351503
vn -0.885018 0.027458 -0.464746
vn -0.750312 0.332862 -0.571169
vn -0.501594 0.566390 -0.653915
vn 0.031766 -0.084763 -0.995895
vn -0.067731 -0.082526 -0.994285
vn 0.122116 -0.124829 -0.984635
vn 0.187025 -0.195210 -0.962764
vn 0.217281 -0.282263 -0.934407
vn 0.209709 -0.370766 -0.904740
vn 0.169694 -0.447484 -0.878044
vn 0.104066 -0.503190 -0.857887
vn 0.033295 -0.519353 -0.853911
vn -0.021453 -0.495468 -0.868361
vn -0.075957 -0.518489 -0.851704
vn -0.146681 -0.500629 -0.853144
vn -0.213158 -0.442052 -0.871294
vn -0.252787 -0.363267 -0.896736
vn -0.258639 -0.274409 -0.926178
vn -0.226446 -0.187827 -0.955742
vn -0.159212 -0.119117 -0.980032
vn -0.020185 -0.335506 -0.941822
vn -0.172929 0.981873 0.077593
vn -0.510438 0.857455 0.064983
vn -0.515606 0.828084 0.220060
vn -0.177353 0.960957 0.212387
vn 0.178106 0.981118 0.075404
vn 0.176820 0.958274 0.224601
vn 0.545593 0.835861 0.060540
vn 0.556197 0.799609 0.226430
vn 0.847867 0.528553 0.041869
vn 0.858727 0.456889 0.232035
vn 0.988976 0.146004 0.024676
vn 0.971879 0.056256 0.228664
vn 0.967546 -0.252610 0.006481
vn 0.915825 -0.335072 0.221341
vn 0.799578 -0.600481 -0.009889
vn 0.729581 -0.646820 0.222114
vn 0.508440 -0.860787 -0.023139
vn 0.452995 -0.863062 0.223426
vn 0.229355 -0.972924 -0.028538
vn 0.210138 -0.952721 0.219466
vn 0.011245 -0.974802 0.222790
vn -0.008763 -0.999433 -0.032523
vn -0.550456 -0.834401 -0.027796
vn -0.249073 -0.967916 -0.033172
vn -0.203144 -0.957064 0.206788
vn -0.485861 -0.851510 0.197154
vn -0.821938 -0.569324 -0.016984
vn -0.758771 -0.623214 0.189395
vn -0.976077 -0.217420 -0.001454
vn -0.935736 -0.292813 0.196620
vn -0.981391 0.191210 0.017633
vn -0.971570 0.114183 0.207399
vn -0.810219 0.584639 0.041747
vn -0.818407 0.533428 0.213689
vn -0.174808 0.967032 0.185180
vn -0.533266 0.827044 0.177833
vn 0.201263 0.963530 0.176360
vn 0.571305 0.806022 0.154724
vn 0.856269 0.505320 0.107024
vn 0.991121 0.131126 0.022039
vn 0.965285 -0.245534 -0.089096
vn 0.795762 -0.570887 -0.202115
vn 0.508472 -0.810827 -0.289855
vn 0.226547 -0.917368 -0.327281
vn -0.022829 -0.941490 -0.336266
vn -0.554253 -0.788062 -0.267882
vn -0.268476 -0.908767 -0.319473
vn -0.822013 -0.543241 -0.170835
vn -0.974441 -0.217217 -0.057292
vn -0.984742 0.165717 0.053113
vn -0.830354 0.540441 0.135780
vn -0.189461 0.617525 0.763392
vn -0.582042 0.498227 0.642649
vn 0.255647 0.612520 0.747973
vn 0.634426 0.485727 0.601309
vn 0.886074 0.289716 0.361853
vn 0.995662 0.062959 0.068511
vn 0.958076 -0.163574 -0.235232
vn 0.784002 -0.360845 -0.505105
vn 0.502245 -0.504391 -0.702381
vn 0.219933 -0.568470 -0.792762
vn -0.032059 -0.588568 -0.807812
vn -0.555873 -0.494127 -0.668464
vn -0.281074 -0.565514 -0.775365
vn -0.822015 -0.345206 -0.452907
vn -0.974394 -0.144934 -0.171904
vn -0.987577 0.081845 0.134137
vn -0.854195 0.306494 0.420015
vn -0.160564 0.015770 0.986899
vn -0.526748 0.015415 0.849882
vn 0.230129 0.016343 0.973023
vn 0.586275 0.016622 0.809941
vn 0.853178 0.013529 0.521444
vn 0.988343 0.004333 0.152180
vn 0.970941 -0.010651 -0.239081
vn 0.805594 -0.027929 -0.591809
vn 0.519989 -0.042653 -0.853108
vn 0.223196 -0.049574 -0.973512
vn -0.034548 -0.053083 -0.997992
vn -0.578749 -0.040775 -0.814486
vn -0.290327 -0.048474 -0.955699
vn -0.846261 -0.025542 -0.532156
vn -0.985877 -0.008776 -0.167239
vn -0.974403 0.004920 0.224753
vn -0.812812 0.012804 0.582386
vn -0.160726 -0.014866 0.986887
vn -0.527241 -0.014969 0.849584
vn 0.230436 -0.014892 0.972974
vn 0.586699 -0.014902 0.809668
vn 0.853339 -0.012099 0.521215
vn 0.988311 -0.003835 0.152401
vn 0.971086 0.009888 -0.238525
vn 0.805998 0.026033 -0.591345
vn 0.520296 0.040065 -0.853046
vn 0.223028 0.046777 -0.973689
vn -0.035046 0.050504 -0.998109
vn -0.579699 0.039150 -0.813890
vn -0.291158 0.046247 -0.955557
vn -0.846788 0.024757 -0.531354
vn -0.985952 0.008645 -0.166803
vn -0.974450 -0.004730 0.224556
vn -0.813179 -0.012527 0.581878
vn -0.184012 -0.633630 0.751434
vn -0.572070 -0.499396 0.650646
vn 0.246851 -0.627723 0.738260
vn 0.623911 -0.485371 0.612495
vn 0.881209 -0.281079 0.380086
vn 0.994829 -0.064862 0.078150
vn 0.960112 0.139517 -0.242322
vn 0.787983 0.313095 -0.530145
vn 0.506145 0.438655 -0.742563
vn 0.221193 0.496378 -0.839454
vn -0.032100 0.511526 -0.858668
vn -0.560574 0.430938 -0.707141
vn -0.282877 0.492829 -0.822861
vn -0.826660 0.300576 -0.475697
vn -0.976510 0.123573 -0.176515
vn -0.986025 -0.082203 0.144906
vn -0.848459 -0.298066 0.437350
vn -0.178179 -0.937039 0.300351
vn -0.551071 -0.786430 0.279013
vn 0.220185 -0.930988 0.291171
vn 0.587942 -0.768824 0.251464
vn 0.862125 -0.479235 0.164541
vn 0.992145 -0.121264 0.030729
vn 0.962877 0.239098 -0.125297
vn 0.790576 0.549051 -0.271170
vn 0.509362 0.772336 -0.379536
vn 0.226785 0.874582 -0.428573
vn -0.023425 0.900639 -0.433937
vn -0.548942 0.758749 -0.350660
vn -0.271370 0.868309 -0.415209
vn -0.818975 0.527006 -0.227037
vn -0.974851 0.210744 -0.072473
vn -0.984896 -0.151657 0.083549
vn -0.837225 -0.505701 0.208135
vn -0.000028 -0.000016 1.000000
vn 0.000027 -0.000096 1.000000
vn -0.000112 0.000192 1.000000
vn -0.000019 -0.000250 1.000000
vn 0.000145 -0.000200 1.000000
vn 0.000264 -0.000110 1.000000
vn 0.000202 -0.000006 1.000000
vn 0.000247 -0.000211 1.000000
vn 0.000014 -0.000021 1.000000
vn 0.000167 0.000249 1.000000
vn 0.000036 -0.000066 1.000000
vn -0.000888 -0.000001 1.000000
vn -0.000431 -0.000069 1.000000
vn -0.000033 0.000445 1.000000
vn 0.000157 -0.000004 1.000000
vn -0.000065 -0.000380 1.000000
vn -0.000180 -0.000185 1.000000
vn -0.000054 -0.000244 1.000000
vn -0.347119 0.443507 0.826323
vn -0.116121 0.540854 0.833062
vn 0.127869 0.525321 0.841242
vn 0.366771 0.384909 0.846950
vn 0.550692 0.166922 0.817848
vn 0.629749 -0.099372 0.770416
vn 0.588875 -0.368308 0.719427
vn 0.457651 -0.577571 0.675994
vn 0.290109 -0.704844 0.647327
vn 0.145264 -0.758469 0.635314
vn 0.025772 -0.777347 0.628544
vn -0.110316 -0.763582 0.636218
vn -0.285639 -0.702786 0.651538
vn -0.480903 -0.551397 0.681685
vn -0.611081 -0.320783 0.723656
vn -0.634337 -0.046318 0.771668
vn -0.538770 0.222943 0.812418
s 1
g chains1 chain_piece9
usemtl StingrayPBS9SG
f 651/651/685 667/668/686 668/669/687 652/652/688
f 652/652/688 668/669/687 669/670/689 653/653/690
f 653/653/690 669/670/689 670/671/691 654/654/692
f 654/654/692 670/671/691 671/672/693 655/655/694
f 655/655/694 671/672/693 672/673/695 656/656/696
f 656/656/696 672/673/695 673/674/697 657/657/698
f 657/657/698 673/674/697 674/675/699 658/658/700
f 658/658/700 674/675/699 675/676/701 659/659/702
f 659/659/702 675/676/701 676/677/703 660/660/704
f 660/660/704 676/677/703 971/678/705 972/661/706
f 661/662/707 677/679/708 678/680/709 662/663/710
f 662/663/710 678/680/709 679/681/711 663/664/712
f 663/664/712 679/681/711 680/682/713 664/665/714
f 664/665/714 680/682/713 681/683/715 665/666/716
f 665/666/716 681/683/715 682/684/717 666/667/718
f 666/667/718 682/684/717 667/668/686 651/651/685
f 667/668/686 683/685/719 684/686/720 668/669/687
f 668/669/687 684/686/720 685/687/721 669/670/689
f 669/670/689 685/687/721 686/688/722 670/671/691
f 670/671/691 686/688/722 687/689/723 671/672/693
f 671/672/693 687/689/723 688/690/724 672/673/695
f 672/673/695 688/690/724 689/691/725 673/674/697
f 673/674/697 689/691/725 690/692/726 674/675/699
f 674/675/699 690/692/726 691/693/727 675/676/701
f 675/676/701 691/693/727 692/694/728 676/677/703
f 676/677/703 692/694/728 970/695/729 971/678/705
f 677/679/708 693/696/730 694/697/731 678/680/709
f 678/680/709 694/697/731 695/698/732 679/681/711
f 679/681/711 695/698/732 696/699/733 680/682/713
f 680/682/713 696/699/733 697/700/734 681/683/715
f 681/683/715 697/700/734 698/701/735 682/684/717
f 682/684/717 698/701/735 683/685/719 667/668/686
f 683/685/719 699/702/736 700/703/737 684/686/720
f 684/686/720 700/703/737 701/704/738 685/687/721
f 685/687/721 701/704/738 702/705/739 686/688/722
f 686/688/722 702/705/739 703/706/740 687/689/723
f 687/689/723 703/706/740 704/707/741 688/690/724
f 688/690/724 704/707/741 705/708/742 689/691/725
f 689/691/725 705/708/742 706/709/743 690/692/726
f 690/692/726 706/709/743 707/710/744 691/693/727
f 691/693/727 707/710/744 708/711/745 692/694/728
f 692/694/728 708/711/745 969/712/746 970/695/729
f 693/696/730 709/713/747 710/714/748 694/697/731
f 694/697/731 710/714/748 711/715/749 695/698/732
f 695/698/732 711/715/749 712/716/750 696/699/733
f 696/699/733 712/716/750 713/717/751 697/700/734
f 697/700/734 713/717/751 714/718/752 698/701/735
f 698/701/735 714/718/752 699/702/736 683/685/719
f 699/702/736 715/719/753 716/720/754 700/703/737
f 700/703/737 716/720/754 717/721/755 701/704/738
f 701/704/738 717/721/755 718/722/756 702/705/739
f 702/705/739 718/722/756 719/723/757 703/706/740
f 703/706/740 719/723/757 720/724/758 704/707/741
f 704/707/741 720/724/758 721/725/759 705/708/742
f 705/708/742 721/725/759 722/726/760 706/709/743
f 706/709/743 722/726/760 723/727/761 707/710/744
f 707/710/744 723/727/761 724/728/762 708/711/745
f 708/711/745 724/728/762 968/729/763 969/712/746
f 709/713/747 725/730/764 726/731/765 710/714/748
f 710/714/748 726/731/765 727/732/766 711/715/749
f 711/715/749 727/732/766 728/733/767 712/716/750
f 712/716/750 728/733/767 729/734/768 713/717/751
f 713/717/751 729/734/768 730/735/769 714/718/752
f 714/718/752 730/735/769 715/719/753 699/702/736
f 716/720/754 715/719/753 731/736/770 732/737/771
f 717/721/755 716/720/754 732/737/771 733/738/772
f 718/722/756 717/721/755 733/738/772 734/739/773
f 719/723/757 718/722/756 734/739/773 735/740/774
f 720/724/758 719/723/757 735/740/774 736/741/775
f 721/725/759 720/724/758 736/741/775 737/742/776
f 722/726/760 721/725/759 737/742/776 738/743/777
f 723/727/761 722/726/760 738/743/777 739/744/778
f 724/728/762 723/727/761 739/744/778 740/745/779
f 967/746/780 968/729/763 724/728/762 740/745/779
f 726/731/765 725/730/764 741/747/781 742/748/782
f 727/732/766 726/731/765 742/748/782 743/749/783
f 728/733/767 727/732/766 743/749/783 744/750/784
f 729/734/768 728/733/767 744/750/784 745/751/785
f 730/735/769 729/734/768 745/751/785 746/752/786
f 715/719/753 730/735/769 746/752/786 731/736/770
f 732/737/771 731/736/770 908/925/787 909/924/788
f 733/738/772 732/737/771 909/924/788 910/926/789
f 734/739/773 733/738/772 910/926/789 911/927/790
f 735/740/774 734/739/773 911/927/790 912/928/791
f 736/741/775 735/740/774 912/928/791 913/929/792
f 737/742/776 736/741/775 913/929/792 914/930/793
f 738/743/777 737/742/776 914/930/793 915/931/794
f 739/744/778 738/743/777 915/931/794 916/932/795
f 740/745/779 739/744/778 916/932/795 917/933/796
f 966/934/797 967/746/780 740/745/779 917/933/796
f 742/748/782 741/747/781 918/936/798 919/935/799
f 743/749/783 742/748/782 919/935/799 920/937/800
f 744/750/784 743/749/783 920/937/800 921/938/801
f 745/751/785 744/750/784 921/938/801 922/939/802
f 746/752/786 745/751/785 922/939/802 923/940/803
f 731/736/770 746/752/786 923/940/803 908/925/787
f 653/653/690 749/753/804 748/754/805 652/652/688
f 654/654/692 750/755/806 749/753/804 653/653/690
f 655/655/694 751/756/807 750/755/806 654/654/692
f 656/656/696 752/757/808 751/756/807 655/655/694
f 657/657/698 753/758/809 752/757/808 656/656/696
f 658/658/700 754/759/810 753/758/809 657/657/698
f 659/659/702 755/760/811 754/759/810 658/658/700
f 660/660/704 756/761/812 755/760/811 659/659/702
f 972/661/706 973/762/813 756/761/812 660/660/704
f 662/663/710 758/764/814 757/763/815 661/662/707
f 663/664/712 759/765/816 758/764/814 662/663/710
f 664/665/714 760/766/817 759/765/816 663/664/712
f 665/666/716 761/767/818 760/766/817 664/665/714
f 666/667/718 762/768/819 761/767/818 665/666/716
f 651/651/685 763/769/820 762/768/819 666/667/718
f 652/652/688 748/754/805 763/769/820 651/651/685
f 749/753/804 765/770/821 764/771/822 748/754/805
f 750/755/806 766/772/823 765/770/821 749/753/804
f 751/756/807 767/773/824 766/772/823 750/755/806
f 752/757/808 768/774/825 767/773/824 751/756/807
f 753/758/809 769/775/826 768/774/825 752/757/808
f 754/759/810 770/776/827 769/775/826 753/758/809
f 755/760/811 771/777/828 770/776/827 754/759/810
f 756/761/812 772/778/829 771/777/828 755/760/811
f 772/778/829 756/761/812 973/762/813 974/779/830
f 773/780/831 757/763/815 758/764/814 774/781/832
f 774/781/832 758/764/814 759/765/816 775/782/833
f 775/782/833 759/765/816 760/766/817 776/783/834
f 776/783/834 760/766/817 761/767/818 777/784/835
f 777/784/835 761/767/818 762/768/819 778/785/836
f 778/785/836 762/768/819 763/769/820 779/786/837
f 748/754/805 764/771/822 779/786/837 763/769/820
f 765/770/821 781/787/838 780/788/839 764/771/822
f 766/772/823 782/789/840 781/787/838 765/770/821
f 767/773/824 783/790/841 782/789/840 766/772/823
f 768/774/825 784/791/842 783/790/841 767/773/824
f 769/775/826 785/792/843 784/791/842 768/774/825
f 770/776/827 786/793/844 785/792/843 769/775/826
f 771/777/828 787/794/845 786/793/844 770/776/827
f 772/778/829 788/795/846 787/794/845 771/777/828
f 788/795/846 772/778/829 974/779/830 975/796/847
f 789/797/848 773/780/831 774/781/832 790/798/849
f 790/798/849 774/781/832 775/782/833 791/799/850
f 791/799/850 775/782/833 776/783/834 792/800/851
f 792/800/851 776/783/834 777/784/835 793/801/852
f 793/801/852 777/784/835 778/785/836 794/802/853
f 794/802/853 778/785/836 779/786/837 795/803/854
f 764/771/822 780/788/839 795/803/854 779/786/837
f 781/787/838 747/804/855 780/788/839
f 782/789/840 747/804/855 781/787/838
f 783/790/841 747/804/855 782/789/840
f 784/791/842 747/804/855 783/790/841
f 785/792/843 747/804/855 784/791/842
f 786/793/844 747/804/855 785/792/843
f 787/794/845 747/804/855 786/793/844
f 788/795/846 747/804/855 787/794/845
f 747/804/855 788/795/846 975/796/847 789/797/848
f 747/804/855 789/797/848 790/798/849
f 747/804/855 790/798/849 791/799/850
f 747/804/855 791/799/850 792/800/851
f 747/804/855 792/800/851 793/801/852
f 747/804/855 793/801/852 794/802/853
f 747/804/855 794/802/853 795/803/854
f 780/788/839 747/804/855 795/803/854
f 797/805/856 796/806/857 941/959/858 942/960/859
f 798/807/860 797/805/856 942/960/859 943/961/861
f 799/808/862 798/807/860 943/961/861 944/962/863
f 800/809/864 799/808/862 944/962/863 945/963/865
f 801/810/866 800/809/864 945/963/865 946/964/867
f 802/811/868 801/810/866 946/964/867 947/965/869
f 803/812/870 802/811/868 947/965/869 948/966/871
f 804/813/872 803/812/870 948/966/871 949/967/873
f 805/814/874 804/813/872 949/967/873 950/968/875
f 958/969/876 959/815/877 805/814/874 950/968/875
f 807/816/878 806/817/879 951/970/880 952/971/881
f 808/818/882 807/816/878 952/971/881 953/972/883
f 809/819/884 808/818/882 953/972/883 954/973/885
f 810/820/886 809/819/884 954/973/885 955/974/887
f 811/821/888 810/820/886 955/974/887 956/975/889
f 941/959/858 796/806/857 811/821/888 956/975/889
f 797/805/856 813/822/890 812/823/891 796/806/857
f 798/807/860 814/824/892 813/822/890 797/805/856
f 799/808/862 815/825/893 814/824/892 798/807/860
f 800/809/864 816/826/894 815/825/893 799/808/862
f 801/810/866 817/827/895 816/826/894 800/809/864
f 802/811/868 818/828/896 817/827/895 801/810/866
f 803/812/870 819/829/897 818/828/896 802/811/868
f 804/813/872 820/830/898 819/829/897 803/812/870
f 805/814/874 821/831/899 820/830/898 804/813/872
f 959/815/877 960/832/900 821/831/899 805/814/874
f 807/816/878 823/833/901 822/834/902 806/817/879
f 808/818/882 824/835/903 823/833/901 807/816/878
f 809/819/884 825/836/904 824/835/903 808/818/882
f 810/820/886 826/837/905 825/836/904 809/819/884
f 811/821/888 827/838/906 826/837/905 810/820/886
f 796/806/857 812/823/891 827/838/906 811/821/888
f 813/822/890 829/839/907 828/840/908 812/823/891
f 814/824/892 830/841/909 829/839/907 813/822/890
f 815/825/893 831/842/910 830/841/909 814/824/892
f 816/826/894 832/843/911 831/842/910 815/825/893
f 817/827/895 833/844/912 832/843/911 816/826/894
f 818/828/896 834/845/913 833/844/912 817/827/895
f 819/829/897 835/846/914 834/845/913 818/828/896
f 820/830/898 836/847/915 835/846/914 819/829/897
f 821/831/899 837/848/916 836/847/915 820/830/898
f 960/832/900 961/849/917 837/848/916 821/831/899
f 823/833/901 839/850/918 838/851/919 822/834/902
f 824/835/903 840/852/920 839/850/918 823/833/901
f 825/836/904 841/853/921 840/852/920 824/835/903
f 826/837/905 842/854/922 841/853/921 825/836/904
f 827/838/906 843/855/923 842/854/922 826/837/905
f 812/823/891 828/840/908 843/855/923 827/838/906
f 828/840/908 829/839/907 845/856/924 844/857/925
f 829/839/907 830/841/909 846/858/926 845/856/924
f 830/841/909 831/842/910 847/859/927 846/858/926
f 831/842/910 832/843/911 848/860/928 847/859/927
f 832/843/911 833/844/912 849/861/929 848/860/928
f 833/844/912 834/845/913 850/862/930 849/861/929
f 834/845/913 835/846/914 851/863/931 850/862/930
f 835/846/914 836/847/915 852/864/932 851/863/931
f 836/847/915 837/848/916 853/865/933 852/864/932
f 837/848/916 961/849/917 962/866/934 853/865/933
f 838/851/919 839/850/918 855/867/935 854/868/936
f 839/850/918 840/852/920 856/869/937 855/867/935
f 840/852/920 841/853/921 857/870/938 856/869/937
f 841/853/921 842/854/922 858/871/939 857/870/938
f 842/854/922 843/855/923 859/872/940 858/871/939
f 843/855/923 828/840/908 844/857/925 859/872/940
f 844/857/925 845/856/924 861/873/941 860/874/942
f 845/856/924 846/858/926 862/875/943 861/873/941
f 846/858/926 847/859/927 863/876/944 862/875/943
f 847/859/927 848/860/928 864/877/945 863/876/944
f 848/860/928 849/861/929 865/878/946 864/877/945
f 849/861/929 850/862/930 866/879/947 865/878/946
f 850/862/930 851/863/931 867/880/948 866/879/947
f 851/863/931 852/864/932 868/881/949 867/880/948
f 852/864/932 853/865/933 869/882/950 868/881/949
f 853/865/933 962/866/934 963/883/951 869/882/950
f 854/868/936 855/867/935 871/884/952 870/885/953
f 855/867/935 856/869/937 872/886/954 871/884/952
f 856/869/937 857/870/938 873/887/955 872/886/954
f 857/870/938 858/871/939 874/888/956 873/887/955
f 858/871/939 859/872/940 875/889/957 874/888/956
f 859/872/940 844/857/925 860/874/942 875/889/957
f 860/874/942 861/873/941 877/890/958 876/891/959
f 861/873/941 862/875/943 878/892/960 877/890/958
f 862/875/943 863/876/944 879/893/961 878/892/960
f 863/876/944 864/877/945 880/894/962 879/893/961
f 864/877/945 865/878/946 881/895/963 880/894/962
f 865/878/946 866/879/947 882/896/964 881/895/963
f 866/879/947 867/880/948 883/897/965 882/896/964
f 867/880/948 868/881/949 884/898/966 883/897/965
f 868/881/949 869/882/950 885/899/967 884/898/966
f 869/882/950 963/883/951 964/900/968 885/899/967
f 870/885/953 871/884/952 887/901/969 886/902/970
f 871/884/952 872/886/954 888/903/971 887/901/969
f 872/886/954 873/887/955 889/904/972 888/903/971
f 873/887/955 874/888/956 890/905/973 889/904/972
f 874/888/956 875/889/957 891/906/974 890/905/973
f 875/889/957 860/874/942 876/891/959 891/906/974
f 876/891/959 877/890/958 893/907/975 892/908/976
f 877/890/958 878/892/960 894/909/977 893/907/975
f 878/892/960 879/893/961 895/910/978 894/909/977
f 879/893/961 880/894/962 896/911/979 895/910/978
f 880/894/962 881/895/963 897/912/980 896/911/979
f 881/895/963 882/896/964 898/913/981 897/912/980
f 882/896/964 883/897/965 899/914/982 898/913/981
f 883/897/965 884/898/966 900/915/983 899/914/982
f 884/898/966 885/899/967 901/916/984 900/915/983
f 885/899/967 964/900/968 965/917/985 901/916/984
f 886/902/970 887/901/969 903/918/986 902/919/987
f 887/901/969 888/903/971 904/920/988 903/918/986
f 888/903/971 889/904/972 905/921/989 904/920/988
f 889/904/972 890/905/973 906/922/990 905/921/989
f 890/905/973 891/906/974 907/923/991 906/922/990
f 891/906/974 876/891/959 892/908/976 907/923/991
f 893/907/975 909/924/788 908/925/787 892/908/976
f 894/909/977 910/926/789 909/924/788 893/907/975
f 895/910/978 911/927/790 910/926/789 894/909/977
f 896/911/979 912/928/791 911/927/790 895/910/978
f 897/912/980 913/929/792 912/928/791 896/911/979
f 898/913/981 914/930/793 913/929/792 897/912/980
f 899/914/982 915/931/794 914/930/793 898/913/981
f 900/915/983 916/932/795 915/931/794 899/914/982
f 901/916/984 917/933/796 916/932/795 900/915/983
f 965/917/985 966/934/797 917/933/796 901/916/984
f 903/918/986 919/935/799 918/936/798 902/919/987
f 904/920/988 920/937/800 919/935/799 903/918/986
f 905/921/989 921/938/801 920/937/800 904/920/988
f 906/922/990 922/939/802 921/938/801 905/921/989
f 907/923/991 923/940/803 922/939/802 906/922/990
f 892/908/976 908/925/787 923/940/803 907/923/991
s 4
f 932/941/992 940/942/993 933/943/994
f 925/944/995 924/945/996 940/942/993
f 940/942/993 924/945/996 939/946/997
f 940/942/993 939/946/997 938/947/998
f 940/942/993 938/947/998 937/948/999
f 940/942/993 937/948/999 936/949/1000
f 940/942/993 936/949/1000 935/950/1001
f 940/942/993 935/950/1001 934/951/1002
f 940/942/993 934/951/1002 957/952/1003 933/943/994
f 931/953/1004 940/942/993 932/941/992
f 930/954/1005 940/942/993 931/953/1004
f 929/955/1006 940/942/993 930/954/1005
f 928/956/1007 940/942/993 929/955/1006
f 927/957/1008 940/942/993 928/956/1007
f 926/958/1009 940/942/993 927/957/1008
f 925/944/995 940/942/993 926/958/1009
s 1
f 942/960/859 941/959/858 924/945/1010 925/944/1011
f 943/961/861 942/960/859 925/944/1011 926/958/1012
f 944/962/863 943/961/861 926/958/1012 927/957/1013
f 945/963/865 944/962/863 927/957/1013 928/956/1014
f 946/964/867 945/963/865 928/956/1014 929/955/1015
f 947/965/869 946/964/867 929/955/1015 930/954/1016
f 948/966/871 947/965/869 930/954/1016 931/953/1017
f 949/967/873 948/966/871 931/953/1017 932/941/1018
f 950/968/875 949/967/873 932/941/1018 933/943/1019
f 957/952/1020 958/969/876 950/968/875 933/943/1019
f 952/971/881 951/970/880 934/951/1021 935/950/1022
f 953/972/883 952/971/881 935/950/1022 936/949/1023
f 954/973/885 953/972/883 936/949/1023 937/948/1024
f 955/974/887 954/973/885 937/948/1024 938/947/1025
f 956/975/889 955/974/887 938/947/1025 939/946/1026
f 924/945/1010 941/959/858 956/975/889 939/946/1026
f 934/951/1021 951/970/880 958/969/876 957/952/1020
f 951/970/880 806/817/879 959/815/877 958/969/876
f 806/817/879 822/834/902 960/832/900 959/815/877
f 822/834/902 838/851/919 961/849/917 960/832/900
f 962/866/934 961/849/917 838/851/919 854/868/936
f 963/883/951 962/866/934 854/868/936 870/885/953
f 964/900/968 963/883/951 870/885/953 886/902/970
f 965/917/985 964/900/968 886/902/970 902/919/987
f 902/919/987 918/936/798 966/934/797 965/917/985
f 918/936/798 741/747/781 967/746/780 966/934/797
f 741/747/781 725/730/764 968/729/763 967/746/780
f 969/712/746 968/729/763 725/730/764 709/713/747
f 970/695/729 969/712/746 709/713/747 693/696/730
f 971/678/705 970/695/729 693/696/730 677/679/708
f 972/661/706 971/678/705 677/679/708 661/662/707
f 661/662/707 757/763/815 973/762/813 972/661/706
f 974/779/830 973/762/813 757/763/815 773/780/831
f 975/796/847 974/779/830 773/780/831 789/797/848
g default
v -4421.073089 727.275863 861.795624
v -4420.723744 727.430279 862.658055
v -4420.691832 727.419267 863.601191
v -4420.982176 727.244433 864.480904
v -4421.551691 726.932466 865.162392
v -4422.312839 726.530510 865.544293
v -4423.150029 726.100380 865.565514
v -4423.935292 725.707226 865.225493
v -4424.549982 725.410572 864.574148
v -4424.899970 725.256196 863.711557
v -4424.932123 725.267169 862.768743
v -4424.641217 725.442122 861.888547
v -4424.072345 725.754049 861.206577
v -4423.310876 726.155885 860.825641
v -4422.473364 726.586095 860.803616
v -4421.688422 726.979330 861.144360
v -4421.313676 727.934241 861.842247
v -4420.947772 727.934241 862.711671
v -4420.941663 727.934241 863.655530
v -4421.296313 727.934241 864.528973
v -4421.957384 727.934241 865.199208
v -4422.824879 727.934241 865.564951
v -4423.766327 727.934241 865.569613
v -4424.637680 727.934241 865.213034
v -4425.308075 727.934241 864.549230
v -4425.673980 727.934241 863.679162
v -4425.680089 727.934241 862.735786
v -4425.325438 727.934241 861.862021
v -4424.664367 727.934241 861.191786
v -4423.797194 727.934241 860.826204
v -4422.855746 727.934241 860.821541
v -4421.984071 727.934241 861.177960
v -4421.313676 739.848792 861.842247
v -4420.947772 739.848792 862.711671
v -4420.941663 739.848792 863.655530
v -4421.296313 739.848792 864.528973
v -4421.957384 739.848792 865.199208
v -4422.824879 739.848792 865.564951
v -4423.766327 739.848792 865.569613
v -4424.637680 739.848792 865.213034
v -4425.308075 739.848792 864.549230
v -4425.673980 739.848792 863.679162
v -4425.680089 739.848792 862.735786
v -4425.325438 739.848792 861.862021
v -4424.664367 739.848792 861.191786
v -4423.797194 739.848792 860.826204
v -4422.855746 739.848792 860.821541
v -4421.984071 739.848792 861.177960
v -4421.099857 740.562595 861.837102
v -4420.776074 740.397005 862.707973
v -4420.768357 740.403838 863.651832
v -4421.077350 740.581726 864.524311
v -4421.657073 740.903580 865.192777
v -4422.418784 741.320849 865.556109
v -4423.246087 741.769467 865.558520
v -4424.013264 742.181431 865.199851
v -4424.604241 742.493961 864.534117
v -4424.928024 742.659469 863.663246
v -4424.935741 742.653039 862.720191
v -4424.626748 742.475151 861.847070
v -4424.047346 742.153136 861.178603
v -4423.285957 741.736108 860.815593
v -4422.458332 741.287409 860.813021
v -4421.690834 740.875285 861.171530
v -4420.292167 741.146417 861.820061
v -4420.077383 740.860414 862.693022
v -4420.065165 740.871909 863.636881
v -4420.257441 741.179214 864.506787
v -4420.625275 741.736108 865.170591
v -4421.112718 742.457949 865.528779
v -4421.645498 743.233807 865.524438
v -4422.141944 743.946323 865.159820
v -4422.527140 744.487141 864.489907
v -4422.742567 744.773707 863.616463
v -4422.755107 744.762051 862.673569
v -4422.562187 744.454506 861.803180
v -4422.194032 743.897611 861.138894
v -4421.706910 743.176172 860.781511
v -4421.174131 742.399993 860.785851
v -4420.677685 741.687074 861.150308
v -4417.672641 741.725256 861.764436
v -4417.644989 741.378242 862.641094
v -4417.625376 741.392229 863.584632
v -4417.616694 741.764725 864.450358
v -4417.620553 742.439622 865.107089
v -4417.636629 743.314753 865.454505
v -4417.662030 744.255396 865.439393
v -4417.693219 745.119194 865.065450
v -4417.725051 745.774718 864.388463
v -4417.752703 746.122134 863.510679
v -4417.772638 746.108228 862.567303
v -4417.780997 745.735652 861.701576
v -4417.776817 745.060514 861.045167
v -4417.761062 744.185704 860.697912
v -4417.735661 743.244900 860.712542
v -4417.704794 742.380781 861.086806
v -4419.206994 724.845519 863.101207
v -4420.217973 726.664509 862.848161
v -4420.208649 726.656551 863.414219
v -4420.272634 726.445626 863.935102
v -4420.400282 726.063806 864.331713
v -4420.571981 725.569289 864.543924
v -4420.762006 725.037313 864.538619
v -4420.940457 724.548905 864.317405
v -4421.081288 724.178017 863.913238
v -4421.162636 723.981802 863.388336
v -4421.171639 723.989599 862.822278
v -4421.107654 724.200524 862.301395
v -4420.980006 724.582344 861.904945
v -4420.808629 725.076861 861.693377
v -4420.618924 725.608837 861.698522
v -4420.439509 726.097486 861.919575
v -4420.299000 726.468213 862.323259
v -4419.051051 725.739781 862.927258
v -4419.044942 725.734396 863.305220
v -4419.087706 725.593805 863.651993
v -4419.172590 725.339393 863.916453
v -4419.287378 725.009581 864.058088
v -4419.413740 724.654930 864.054712
v -4419.533029 724.329379 863.907129
v -4419.626916 724.082120 863.637685
v -4419.680934 723.951256 863.287857
v -4419.687364 723.956481 862.910539
v -4419.644279 724.097232 862.563123
v -4419.559394 724.351645 862.298823
v -4419.444929 724.681296 862.157670
v -4419.318566 725.035946 862.161046
v -4419.198956 725.361739 862.308630
v -4419.105390 725.608917 862.577913
v -4419.049765 725.292690 863.011178
v -4419.046550 725.289877 863.199757
v -4419.067771 725.219783 863.373063
v -4419.110213 725.092456 863.505535
v -4419.167446 724.927670 863.576433
v -4419.230788 724.750184 863.574503
v -4419.290593 724.587328 863.500872
v -4419.337215 724.463779 863.366150
v -4419.364224 724.398347 863.191076
v -4419.367439 724.400920 863.002336
v -4419.345897 724.471255 862.828869
v -4419.303454 724.598421 862.696719
v -4419.246543 724.763367 862.626143
v -4419.183201 724.940853 862.627590
v -4419.123396 725.103549 862.701703
v -4419.076452 725.227098 862.836104
v -4414.413828 725.980690 861.640646
v -4414.395500 726.308814 862.517304
v -4414.376530 726.295470 863.460359
v -4414.358846 726.011918 864.326568
v -4414.345341 725.373716 864.982334
v -4414.337946 724.546775 865.329268
v -4414.338589 723.657255 865.313995
v -4414.345984 722.742253 864.939409
v -4414.360132 722.122620 864.261136
v -4414.378138 721.794335 863.384156
v -4414.397108 721.807478 862.440619
v -4414.415435 722.159998 861.574892
v -4414.428618 722.896629 860.918966
v -4414.435692 723.723410 860.572032
v -4414.435049 724.612850 860.587305
v -4414.427332 725.429784 860.962533
v -4411.113054 726.301820 861.631482
v -4411.212087 726.629060 862.510391
v -4411.187972 726.615797 863.454090
v -4411.045211 726.264442 864.316601
v -4410.805026 725.628209 864.968186
v -4410.504072 724.803800 865.309493
v -4410.188327 723.917174 865.287790
v -4409.906021 723.103053 864.906935
v -4409.699919 722.485148 864.224160
v -4409.601208 722.157989 863.344608
v -4409.625323 722.170930 862.401392
v -4409.768405 722.522767 861.538238
v -4410.008268 723.158759 860.886973
v -4410.308901 723.983088 860.546309
v -4410.624646 724.869714 860.568013
v -4410.907595 725.683995 860.948868
v -4410.055614 726.899831 861.609457
v -4410.347244 727.058628 862.492466
v -4410.323290 727.038733 863.435441
v -4409.987771 726.843161 864.294897
v -4409.391890 726.501974 864.938686
v -4408.625357 726.066458 865.270909
v -4407.806333 725.603813 865.238435
v -4407.058448 725.183892 864.848496
v -4406.496409 724.870598 864.158728
v -4406.204779 724.711962 863.275719
v -4406.228492 724.731817 862.332745
v -4406.563931 724.927389 861.473127
v -4407.160052 725.268696 860.828856
v -4407.926023 725.703930 860.497919
v -4408.745690 726.166736 860.529590
v -4409.493254 726.586698 860.920172
v -4409.828853 727.934241 861.605116
v -4410.157781 727.934241 862.489492
v -4410.124342 727.934241 863.432386
v -4409.733680 727.934241 864.290235
v -4409.045278 727.934241 864.932657
v -4408.163314 727.934241 865.261424
v -4407.222510 727.934241 865.226699
v -4406.366912 727.934241 864.834268
v -4405.724811 727.934241 864.142973
v -4405.395883 727.934241 863.258276
v -4405.429001 727.934241 862.315382
v -4405.819663 727.934241 861.457211
v -4406.508065 727.934241 860.815432
v -4407.390029 727.934241 860.486344
v -4408.330833 727.934241 860.520908
v -4409.187074 727.934241 860.913500
v -4409.828853 739.848792 861.605116
v -4410.157781 739.848792 862.489492
v -4410.124342 739.848792 863.432386
v -4409.733680 739.848792 864.290235
v -4409.045278 739.848792 864.932657
v -4408.163314 739.848792 865.261424
v -4407.222510 739.848792 865.226699
v -4406.366912 739.848792 864.834268
v -4405.724811 739.848792 864.142973
v -4405.395883 739.848792 863.258276
v -4405.429001 739.848792 862.315382
v -4405.819663 739.848792 861.457211
v -4406.508065 739.848792 860.815432
v -4407.390029 739.848792 860.486344
v -4408.330833 739.848792 860.520908
v -4409.187074 739.848792 860.913500
v -4410.042672 740.562595 861.609296
v -4410.329801 740.397005 862.492868
v -4410.297969 740.403838 863.436244
v -4409.952322 740.581726 864.295058
v -4409.345590 740.903580 864.938605
v -4408.569089 741.320849 865.269945
v -4407.742428 741.769467 865.237952
v -4406.991328 742.181431 864.847129
v -4406.428646 742.493961 864.157121
v -4406.141518 742.659469 863.273388
v -4406.172706 742.653039 862.330976
v -4406.518354 742.475151 861.471841
v -4407.125407 742.153136 860.827651
v -4407.901587 741.736108 860.497115
v -4408.728247 741.287409 860.528947
v -4409.480312 740.875285 860.919448
v -4410.850362 741.146417 861.626016
v -4411.028491 740.860414 862.507015
v -4411.001483 740.871909 863.450713
v -4410.772873 741.179214 864.311778
v -4410.377388 741.736108 864.959987
v -4409.875476 742.457949 865.297114
v -4409.343661 743.233807 865.270427
v -4408.862648 743.946323 864.885392
v -4408.505747 744.487141 864.199724
v -4408.327296 744.773707 863.318403
v -4408.353983 744.762132 862.375669
v -4408.583236 744.454425 861.514123
v -4408.978721 743.897531 860.865913
v -4409.480312 743.176092 860.529268
v -4410.012448 742.399993 860.555634
v -4410.493461 741.687074 860.940669
v -4413.470210 741.725256 861.679712
v -4413.460885 741.378242 862.557014
v -4413.441272 741.392229 863.500390
v -4413.413299 741.764725 864.365634
v -4413.382110 742.439622 865.021882
v -4413.351564 743.314753 865.368173
v -4413.327128 744.255396 865.352096
v -4413.311694 745.119194 864.977189
v -4413.307836 745.774718 864.299238
v -4413.316839 746.122134 863.421293
v -4413.336774 746.108067 862.477917
v -4413.364104 745.735652 861.612833
v -4413.395936 745.060514 860.957067
v -4413.426160 744.185704 860.610294
v -4413.450918 743.244900 860.626210
v -4413.466030 742.380781 861.001600
v -4418.179698 725.092617 862.058960
v -4418.179698 725.345422 862.627912
v -4418.179698 725.323879 863.259241
v -4418.179698 725.034741 863.803113
v -4418.179698 724.561847 864.141526
v -4418.179376 724.032925 864.225607
v -4418.179698 723.564372 864.086062
v -4418.179698 723.220654 863.801988
v -4418.179376 723.007156 863.451678
v -4418.179698 722.898157 863.076771
v -4418.179376 722.881437 862.686430
v -4418.179698 722.977254 862.290142
v -4418.179376 723.214786 861.923112
v -4418.179698 723.599660 861.649327
v -4418.179698 724.100045 861.546437
v -4418.179698 724.637487 861.678104
v -4418.179376 724.110656 862.880315
v -4417.605762 725.713335 861.499975
v -4417.659458 726.123128 862.457982
v -4417.656243 726.089689 863.512287
v -4417.596438 725.765423 864.432995
v -4417.492904 724.987877 865.034422
v -4417.366220 724.090962 865.227181
v -4417.239537 723.258112 865.038281
v -4417.131823 722.608697 864.572541
v -4417.054655 722.180335 863.948767
v -4417.015107 721.958558 863.247826
v -4417.015428 721.937899 862.510391
v -4417.057228 722.148262 861.780995
v -4417.138897 722.617378 861.140019
v -4417.251433 723.327724 860.697751
v -4417.380689 724.204061 860.568656
v -4417.506730 725.108934 860.834724
v -4418.179376 722.889716 862.881601
v -4417.015107 721.948269 862.879028
v -4414.387462 721.800766 862.912468
v -4409.613105 722.164500 862.873080
v -4406.216435 724.721930 862.804111
v -4405.412282 727.934241 862.786749
v -4405.412282 739.848792 862.786749
v -4406.156951 742.656334 862.802182
v -4408.340800 744.767839 862.847197
v -4413.326485 746.115061 862.949605
v -4417.762670 746.115141 863.038991
v -4422.748998 744.767839 863.145097
v -4424.931882 742.656334 863.191880
v -4425.677195 739.848792 863.207474
v -4425.677195 727.934241 863.207474
v -4424.915725 725.261823 863.240110
v -4421.167138 723.985660 863.105387
v -4419.683827 723.953909 863.099278
v -4419.365832 724.399714 863.096706
vt 0.613054 0.617329
vt 0.615722 0.618042
vt 0.612587 0.616932
vt 0.604095 0.614156
vt 0.591507 0.610138
vt 0.576758 0.605483
vt 0.562135 0.600924
vt 0.549898 0.597158
vt 0.541913 0.594760
vt 0.539389 0.594097
vt 0.541035 0.594679
vt 0.542674 0.595255
vt 0.551247 0.598051
vt 0.563765 0.602052
vt 0.578362 0.606655
vt 0.592834 0.611167
vt 0.605001 0.614914
vt 0.606260 0.633624
vt 0.609199 0.632650
vt 0.606036 0.631640
vt 0.597219 0.630751
vt 0.584083 0.630120
vt 0.568623 0.629843
vt 0.553236 0.629966
vt 0.540313 0.630469
vt 0.531807 0.631274
vt 0.529025 0.632255
vt 0.530688 0.632758
vt 0.532351 0.633261
vt 0.541242 0.634141
vt 0.554325 0.634762
vt 0.569625 0.635032
vt 0.584847 0.634911
vt 0.597704 0.634418
vt 0.604160 0.831011
vt 0.607105 0.830454
vt 0.603926 0.829876
vt 0.595073 0.829367
vt 0.581889 0.829006
vt 0.566372 0.828848
vt 0.550932 0.828918
vt 0.537964 0.829206
vt 0.529433 0.829666
vt 0.526646 0.830227
vt 0.528318 0.830516
vt 0.529989 0.830803
vt 0.538916 0.831307
vt 0.552048 0.831662
vt 0.567403 0.831816
vt 0.582678 0.831747
vt 0.595577 0.831465
vt 0.607531 0.842867
vt 0.609820 0.839578
vt 0.606673 0.839134
vt 0.598542 0.841617
vt 0.586638 0.846663
vt 0.572782 0.853509
vt 0.559122 0.861092
vt 0.547771 0.868245
vt 0.540457 0.873864
vt 0.538303 0.877094
vt 0.539951 0.877278
vt 0.541597 0.877460
vt 0.549804 0.874918
vt 0.561665 0.869869
vt 0.575377 0.863086
vt 0.588892 0.855585
vt 0.600177 0.848489
vt 0.620636 0.852533
vt 0.621190 0.847260
vt 0.618138 0.846911
vt 0.611925 0.851572
vt 0.603483 0.860564
vt 0.594095 0.872523
vt 0.585228 0.885591
vt 0.578243 0.897760
vt 0.574213 0.907154
vt 0.573745 0.912340
vt 0.575317 0.912440
vt 0.576885 0.912541
vt 0.583155 0.907771
vt 0.591572 0.898771
vt 0.600860 0.886915
vt 0.609633 0.873984
vt 0.616570 0.861917
vt 0.663405 0.862020
vt 0.660988 0.855755
vt 0.658141 0.855466
vt 0.655307 0.861228
vt 0.652913 0.872205
vt 0.651332 0.886741
vt 0.650810 0.902573
vt 0.651422 0.917267
vt 0.653085 0.928558
vt 0.655535 0.934721
vt 0.656964 0.934779
vt 0.658381 0.934837
vt 0.661205 0.928935
vt 0.663570 0.917932
vt 0.665123 0.903511
vt 0.665637 0.887852
vt 0.665035 0.873290
vt 0.636534 0.602570
vt 0.638299 0.603346
vt 0.633758 0.598488
vt 0.630390 0.591715
vt 0.626950 0.583287
vt 0.623961 0.574496
vt 0.621890 0.566695
vt 0.621050 0.561072
vt 0.621555 0.558487
vt 0.622451 0.558902
vt 0.623342 0.559317
vt 0.626123 0.563428
vt 0.629472 0.570186
vt 0.632887 0.578563
vt 0.635855 0.587296
vt 0.637932 0.595072
vt 0.638789 0.600709
vt 0.638484 0.595320
vt 0.639662 0.595846
vt 0.636636 0.592596
vt 0.634397 0.588085
vt 0.632101 0.582468
vt 0.630116 0.576615
vt 0.628730 0.571418
vt 0.628165 0.567666
vt 0.628498 0.565936
vt 0.629092 0.566211
vt 0.629678 0.566484
vt 0.631532 0.569224
vt 0.633765 0.573729
vt 0.636045 0.579320
vt 0.638022 0.585148
vt 0.639411 0.590336
vt 0.639983 0.594093
vt 0.638891 0.588085
vt 0.639476 0.588353
vt 0.637970 0.586726
vt 0.636851 0.584468
vt 0.635704 0.581665
vt 0.634711 0.578738
vt 0.634015 0.576140
vt 0.633735 0.574265
vt 0.633900 0.573398
vt 0.634196 0.573534
vt 0.634488 0.573668
vt 0.635413 0.575035
vt 0.636529 0.577288
vt 0.637668 0.580088
vt 0.638661 0.583008
vt 0.639355 0.585601
vt 0.639642 0.587478
vt 0.636690 0.580876
vt 0.733673 0.609174
vt 0.736196 0.604419
vt 0.730994 0.607875
vt 0.728569 0.601905
vt 0.726790 0.589908
vt 0.725923 0.574925
vt 0.726098 0.559276
vt 0.727309 0.543651
vt 0.729336 0.533643
vt 0.731876 0.529037
vt 0.733215 0.529768
vt 0.736930 0.537778
vt 0.734550 0.530502
vt 0.738671 0.551452
vt 0.739525 0.566284
vt 0.739361 0.581762
vt 0.738188 0.595571
vt 0.768585 0.609915
vt 0.772944 0.605473
vt 0.766063 0.608631
vt 0.765768 0.601791
vt 0.767767 0.590410
vt 0.771753 0.576223
vt 0.777122 0.561432
vt 0.783029 0.548316
vt 0.788575 0.538888
vt 0.792904 0.534585
vt 0.794137 0.535305
vt 0.795593 0.542964
vt 0.795363 0.536024
vt 0.793576 0.554309
vt 0.789620 0.568357
vt 0.784317 0.582988
vt 0.778457 0.596017
vt 0.779401 0.616875
vt 0.787221 0.616086
vt 0.777044 0.615757
vt 0.780539 0.612888
vt 0.789392 0.608703
vt 0.802266 0.603833
vt 0.817168 0.599041
vt 0.831802 0.595061
vt 0.843905 0.592501
vt 0.851636 0.591759
vt 0.852738 0.592347
vt 0.850197 0.595831
vt 0.853835 0.592931
vt 0.841313 0.600007
vt 0.828536 0.604829
vt 0.813791 0.609569
vt 0.799297 0.613520
vt 0.785701 0.631430
vt 0.793753 0.632332
vt 0.783367 0.630413
vt 0.787146 0.629434
vt 0.796495 0.628644
vt 0.810010 0.628165
vt 0.825603 0.628074
vt 0.840854 0.628383
vt 0.853434 0.629045
vt 0.861401 0.629956
vt 0.862486 0.630467
vt 0.859642 0.631949
vt 0.863568 0.630976
vt 0.850251 0.632727
vt 0.836832 0.633196
vt 0.821406 0.633286
vt 0.806295 0.632983
vt 0.784226 0.829756
vt 0.792310 0.830271
vt 0.781881 0.829173
vt 0.785670 0.828613
vt 0.795049 0.828161
vt 0.808612 0.827888
vt 0.824259 0.827835
vt 0.839565 0.828012
vt 0.852192 0.828391
vt 0.860189 0.828912
vt 0.861280 0.829204
vt 0.858430 0.830052
vt 0.862367 0.829496
vt 0.849008 0.830497
vt 0.835543 0.830766
vt 0.820062 0.830817
vt 0.804897 0.830644
vt 0.781325 0.838926
vt 0.788709 0.842187
vt 0.778947 0.838478
vt 0.781961 0.840925
vt 0.789947 0.845912
vt 0.801703 0.852686
vt 0.815410 0.860200
vt 0.828951 0.867297
vt 0.840257 0.872878
vt 0.847570 0.876093
vt 0.848690 0.876279
vt 0.846654 0.873947
vt 0.849809 0.876463
vt 0.838623 0.868942
vt 0.826941 0.862219
vt 0.813379 0.854785
vt 0.799964 0.847757
vt 0.769767 0.846712
vt 0.775369 0.851974
vt 0.767282 0.846359
vt 0.768325 0.851005
vt 0.772750 0.859973
vt 0.779902 0.871908
vt 0.788672 0.884958
vt 0.797711 0.897117
vt 0.805624 0.906508
vt 0.811194 0.911696
vt 0.812392 0.911798
vt 0.812446 0.907132
vt 0.813587 0.911902
vt 0.807975 0.898139
vt 0.800867 0.886295
vt 0.792183 0.873384
vt 0.783240 0.861339
vt 0.729689 0.855509
vt 0.732285 0.861780
vt 0.726997 0.855220
vt 0.724626 0.860986
vt 0.722931 0.871972
vt 0.722191 0.886520
vt 0.722514 0.902368
vt 0.723850 0.917076
vt 0.726003 0.928377
vt 0.728626 0.934547
vt 0.729976 0.934603
vt 0.733672 0.928756
vt 0.731314 0.934661
vt 0.735327 0.917743
vt 0.736051 0.903309
vt 0.735724 0.887635
vt 0.734409 0.873060
vt 0.652524 0.549888
vt 0.654258 0.568837
vt 0.653793 0.548558
vt 0.654898 0.589544
vt 0.656839 0.586034
vt 0.658180 0.578977
vt 0.658704 0.570277
vt 0.658442 0.561908
vt 0.657596 0.555228
vt 0.656408 0.550853
vt 0.655104 0.548774
vt 0.654451 0.548665
vt 0.651309 0.552980
vt 0.650298 0.558317
vt 0.649756 0.565909
vt 0.649948 0.574779
vt 0.651010 0.583022
vt 0.652788 0.588451
vt 0.667908 0.596839
vt 0.663797 0.602519
vt 0.660347 0.600764
vt 0.658292 0.594317
vt 0.658092 0.580677
vt 0.659662 0.565518
vt 0.662500 0.551898
vt 0.665920 0.541697
vt 0.669320 0.535392
vt 0.672320 0.532626
vt 0.673539 0.532936
vt 0.674748 0.533242
vt 0.676437 0.537656
vt 0.677142 0.546207
vt 0.676660 0.558458
vt 0.674858 0.573043
vt 0.671803 0.587635
vn 0.733841 0.331618 -0.592880
vn 0.826013 0.018650 -0.563342
vn 0.979112 0.020183 -0.202318
vn 0.855093 0.465576 -0.228153
vn 0.981557 0.020706 0.190045
vn 0.866944 0.462269 0.186319
vn 0.832750 0.019733 0.553298
vn 0.764934 0.324036 0.556666
vn 0.555792 0.014939 0.831187
vn 0.555625 0.122355 0.822381
vn 0.193817 0.004550 0.981027
vn 0.269952 -0.097555 0.957919
vn -0.196794 -0.010673 0.980387
vn -0.044531 -0.309242 0.949940
vn -0.555635 -0.027507 0.830971
vn -0.337821 -0.492062 0.802341
vn -0.829217 -0.041665 0.557371
vn -0.564469 -0.626182 0.537838
vn -0.962872 -0.048227 0.265615
vn -0.680465 -0.684613 0.261291
vn -0.998607 -0.052051 0.008699
vn -0.700552 -0.713560 0.007680
vn -0.687438 -0.684756 -0.241948
vn -0.967158 -0.047504 -0.249699
vn -0.837931 -0.040330 -0.544284
vn -0.585739 -0.620691 -0.521203
vn -0.567016 -0.025819 -0.823302
vn -0.370880 -0.484280 -0.792415
vn -0.208581 -0.009368 -0.977960
vn -0.086049 -0.300701 -0.949829
vn 0.182667 0.004885 -0.983163
vn 0.224927 -0.089127 -0.970291
vn 0.546381 0.014241 -0.837416
vn 0.513500 0.130347 -0.848132
vn 0.826622 -0.014977 -0.562558
vn 0.979267 -0.014851 -0.202028
vn 0.981750 -0.014871 0.189594
vn 0.833326 -0.014900 0.552581
vn 0.556389 -0.012100 0.830834
vn 0.193781 -0.003810 0.981037
vn -0.197805 0.009917 0.980191
vn -0.557166 0.026034 0.829993
vn -0.830476 0.040061 0.555612
vn -0.963484 0.046789 0.263647
vn -0.998700 0.050552 0.006471
vn -0.966847 0.046274 -0.251130
vn -0.837407 0.039153 -0.545176
vn -0.566389 0.024750 -0.823766
vn -0.207793 0.008643 -0.978135
vn 0.183684 -0.004733 -0.982974
vn 0.547385 -0.012534 -0.836787
vn 0.626035 -0.499420 -0.598883
vn 0.743166 -0.633515 -0.215320
vn 0.748172 -0.627493 0.215618
vn 0.638150 -0.485249 0.597744
vn 0.416655 -0.280997 0.864546
vn 0.119677 -0.064774 0.990698
vn -0.201901 0.139511 0.969419
vn -0.496657 0.313001 0.809544
vn -0.720708 0.438649 0.536811
vn -0.829468 0.496394 0.256077
vn -0.859253 0.511539 0.003501
vn -0.833967 0.492858 -0.248175
vn -0.730031 0.430947 -0.530413
vn -0.509887 0.300528 -0.806038
vn -0.217257 0.123543 -0.968265
vn 0.103591 -0.082275 -0.991211
vn 0.401414 -0.298105 -0.866025
vn 0.255720 -0.786424 -0.562267
vn 0.292641 -0.937045 -0.190544
vn 0.300125 -0.930995 0.207779
vn 0.275824 -0.768789 0.576961
vn 0.200438 -0.479238 0.854492
vn 0.072172 -0.121303 0.989988
vn -0.084936 0.239022 0.967292
vn -0.237836 0.548966 0.801293
vn -0.357873 0.772364 0.524768
vn -0.418677 0.874610 0.244472
vn -0.434600 0.900608 -0.005345
vn -0.426193 0.868313 -0.253756
vn -0.373350 0.758760 -0.533753
vn -0.261085 0.526937 -0.808809
vn -0.113151 0.210635 -0.970994
vn 0.042299 -0.151667 -0.987526
vn 0.172913 -0.505647 -0.845235
vn 0.060909 -0.834762 -0.547231
vn 0.075559 -0.980251 -0.182751
vn 0.083369 -0.974488 0.208382
vn 0.082897 -0.817874 0.569395
vn 0.068266 -0.531624 0.844225
vn 0.035703 -0.160448 0.986398
vn -0.011131 0.233021 0.972408
vn -0.062121 0.584361 0.809113
vn -0.105796 0.842306 0.528514
vn -0.129433 0.961953 0.240609
vn -0.141745 0.989835 -0.011572
vn -0.138673 0.954856 -0.262716
vn -0.125730 0.826557 -0.548630
vn -0.092321 0.559218 -0.823864
vn -0.047467 0.201490 -0.978340
vn -0.001488 -0.192746 -0.981248
vn 0.036001 -0.558140 -0.828965
vn -0.083187 -0.834845 -0.544164
vn -0.082973 -0.980286 -0.179317
vn -0.074769 -0.974446 0.211813
vn -0.059605 -0.817794 0.572416
vn -0.033699 -0.531555 0.846353
vn 0.004727 -0.160391 0.987042
vn 0.050997 0.233025 0.971133
vn 0.095289 0.584367 0.805876
vn 0.127433 0.842289 0.523746
vn 0.139185 0.961958 0.235082
vn 0.141233 0.989821 -0.017521
vn 0.127728 0.954861 -0.268190
vn 0.103127 0.826571 -0.553304
vn 0.058448 0.559269 -0.826923
vn 0.007321 0.201553 -0.979450
vn -0.038711 -0.192793 -0.980475
vn -0.069886 -0.558233 -0.826736
vn 0.750149 0.637521 0.175620
vn 0.742540 0.641671 -0.192075
vn 0.702520 0.486634 0.519281
vn 0.583906 0.218725 0.781801
vn 0.397127 -0.109289 0.911233
vn 0.178377 -0.431839 0.884136
vn -0.022871 -0.694934 0.718710
vn -0.170886 -0.871247 0.460138
vn -0.241626 -0.947464 0.209591
vn -0.267206 -0.963627 -0.004971
vn -0.191111 -0.859144 -0.474708
vn -0.250925 -0.941941 -0.223122
vn -0.054097 -0.675968 -0.734942
vn 0.140141 -0.408360 -0.901999
vn 0.357761 -0.085469 -0.929893
vn 0.550290 0.238308 -0.800244
vn 0.680403 0.499015 -0.536689
vn 0.704032 0.688127 0.175556
vn 0.700656 0.691349 -0.176403
vn 0.663274 0.556707 0.500145
vn 0.584608 0.317199 0.746738
vn 0.479610 0.006615 0.877457
vn 0.365111 -0.326276 0.871916
vn 0.258876 -0.629661 0.732469
vn 0.177052 -0.858033 0.482111
vn 0.134807 -0.966858 0.216825
vn 0.139573 -0.990082 -0.016064
vn 0.131765 -0.960398 -0.245507
vn 0.170076 -0.844384 -0.508025
vn 0.247955 -0.609290 -0.753183
vn 0.351503 -0.303202 -0.885728
vn 0.464746 0.027458 -0.885018
vn 0.571169 0.332862 -0.750312
vn 0.653915 0.566390 -0.501594
vn 0.995895 -0.084763 0.031766
vn 0.994285 -0.082526 -0.067731
vn 0.984635 -0.124829 0.122116
vn 0.962764 -0.195210 0.187025
vn 0.934407 -0.282263 0.217281
vn 0.904740 -0.370766 0.209709
vn 0.878044 -0.447484 0.169694
vn 0.857887 -0.503190 0.104066
vn 0.853911 -0.519353 0.033295
vn 0.868361 -0.495468 -0.021453
vn 0.851704 -0.518489 -0.075957
vn 0.853144 -0.500629 -0.146681
vn 0.871294 -0.442052 -0.213158
vn 0.896736 -0.363267 -0.252787
vn 0.926178 -0.274409 -0.258639
vn 0.955742 -0.187827 -0.226446
vn 0.980032 -0.119117 -0.159212
vn 0.941822 -0.335506 -0.020185
vn -0.077593 0.981873 -0.172929
vn -0.064983 0.857455 -0.510438
vn -0.220060 0.828084 -0.515606
vn -0.212387 0.960957 -0.177353
vn -0.075404 0.981118 0.178106
vn -0.224601 0.958274 0.176820
vn -0.060540 0.835861 0.545593
vn -0.226430 0.799609 0.556197
vn -0.041869 0.528553 0.847867
vn -0.232035 0.456889 0.858727
vn -0.024676 0.146004 0.988976
vn -0.228664 0.056256 0.971879
vn -0.006481 -0.252610 0.967546
vn -0.221341 -0.335072 0.915825
vn 0.009889 -0.600481 0.799578
vn -0.222114 -0.646820 0.729581
vn 0.023139 -0.860787 0.508440
vn -0.223426 -0.863062 0.452995
vn 0.028538 -0.972924 0.229355
vn -0.219466 -0.952721 0.210138
vn -0.222790 -0.974802 0.011245
vn 0.032523 -0.999433 -0.008763
vn 0.027796 -0.834401 -0.550456
vn 0.033172 -0.967916 -0.249073
vn -0.206788 -0.957064 -0.203144
vn -0.197154 -0.851510 -0.485861
vn 0.016984 -0.569324 -0.821938
vn -0.189395 -0.623214 -0.758771
vn 0.001454 -0.217420 -0.976077
vn -0.196620 -0.292813 -0.935736
vn -0.017633 0.191210 -0.981391
vn -0.207399 0.114183 -0.971570
vn -0.041747 0.584639 -0.810219
vn -0.213689 0.533429 -0.818407
vn -0.185180 0.967032 -0.174808
vn -0.177833 0.827044 -0.533266
vn -0.176360 0.963530 0.201263
vn -0.154724 0.806022 0.571305
vn -0.107024 0.505320 0.856269
vn -0.022039 0.131126 0.991121
vn 0.089096 -0.245534 0.965285
vn 0.202115 -0.570887 0.795762
vn 0.289855 -0.810827 0.508472
vn 0.327281 -0.917368 0.226547
vn 0.336266 -0.941490 -0.022829
vn 0.267882 -0.788062 -0.554253
vn 0.319473 -0.908767 -0.268476
vn 0.170835 -0.543241 -0.822013
vn 0.057292 -0.217217 -0.974441
vn -0.053113 0.165717 -0.984742
vn -0.135780 0.540441 -0.830354
vn -0.763392 0.617525 -0.189461
vn -0.642649 0.498227 -0.582042
vn -0.747973 0.612520 0.255647
vn -0.601309 0.485727 0.634426
vn -0.361853 0.289716 0.886074
vn -0.068511 0.062959 0.995662
vn 0.235232 -0.163574 0.958076
vn 0.505105 -0.360845 0.784002
vn 0.702381 -0.504391 0.502245
vn 0.792762 -0.568470 0.219933
vn 0.807812 -0.588568 -0.032059
vn 0.668464 -0.494127 -0.555873
vn 0.775365 -0.565514 -0.281074
vn 0.452907 -0.345206 -0.822015
vn 0.171904 -0.144934 -0.974394
vn -0.134137 0.081845 -0.987577
vn -0.420015 0.306494 -0.854195
vn -0.986899 0.015770 -0.160564
vn -0.849882 0.015415 -0.526748
vn -0.973023 0.016343 0.230129
vn -0.809941 0.016622 0.586275
vn -0.521444 0.013529 0.853178
vn -0.152180 0.004333 0.988343
vn 0.239081 -0.010651 0.970941
vn 0.591809 -0.027929 0.805594
vn 0.853108 -0.042653 0.519989
vn 0.973512 -0.049574 0.223196
vn 0.997992 -0.053083 -0.034548
vn 0.814486 -0.040775 -0.578749
vn 0.955699 -0.048474 -0.290327
vn 0.532156 -0.025542 -0.846261
vn 0.167239 -0.008776 -0.985877
vn -0.224753 0.004920 -0.974403
vn -0.582386 0.012804 -0.812812
vn -0.986887 -0.014866 -0.160726
vn -0.849584 -0.014969 -0.527241
vn -0.972974 -0.014892 0.230436
vn -0.809668 -0.014902 0.586699
vn -0.521215 -0.012099 0.853339
vn -0.152401 -0.003835 0.988311
vn 0.238525 0.009888 0.971086
vn 0.591345 0.026033 0.805998
vn 0.853046 0.040065 0.520296
vn 0.973689 0.046777 0.223028
vn 0.998109 0.050504 -0.035046
vn 0.813890 0.039150 -0.579699
vn 0.955557 0.046247 -0.291158
vn 0.531354 0.024757 -0.846788
vn 0.166803 0.008645 -0.985952
vn -0.224556 -0.004730 -0.974450
vn -0.581878 -0.012527 -0.813179
vn -0.751434 -0.633630 -0.184012
vn -0.650646 -0.499396 -0.572070
vn -0.738260 -0.627723 0.246851
vn -0.612495 -0.485371 0.623911
vn -0.380086 -0.281079 0.881209
vn -0.078150 -0.064862 0.994829
vn 0.242322 0.139517 0.960112
vn 0.530145 0.313095 0.787983
vn 0.742563 0.438655 0.506145
vn 0.839454 0.496378 0.221193
vn 0.858668 0.511526 -0.032100
vn 0.707141 0.430938 -0.560574
vn 0.822861 0.492830 -0.282877
vn 0.475697 0.300576 -0.826660
vn 0.176515 0.123572 -0.976510
vn -0.144906 -0.082203 -0.986025
vn -0.437350 -0.298066 -0.848459
vn -0.300351 -0.937039 -0.178179
vn -0.279013 -0.786430 -0.551071
vn -0.291171 -0.930988 0.220185
vn -0.251464 -0.768824 0.587942
vn -0.164541 -0.479235 0.862125
vn -0.030729 -0.121264 0.992145
vn 0.125297 0.239098 0.962877
vn 0.271170 0.549051 0.790576
vn 0.379536 0.772336 0.509362
vn 0.428573 0.874582 0.226785
vn 0.433937 0.900639 -0.023425
vn 0.350660 0.758749 -0.548942
vn 0.415209 0.868309 -0.271370
vn 0.227037 0.527006 -0.818975
vn 0.072473 0.210744 -0.974851
vn -0.083549 -0.151657 -0.984896
vn -0.208135 -0.505701 -0.837225
vn -1.000000 -0.000016 -0.000028
vn -1.000000 -0.000096 0.000027
vn -1.000000 0.000192 -0.000112
vn -1.000000 -0.000250 -0.000019
vn -1.000000 -0.000200 0.000145
vn -1.000000 -0.000110 0.000264
vn -1.000000 -0.000006 0.000202
vn -1.000000 -0.000211 0.000247
vn -1.000000 -0.000021 0.000014
vn -1.000000 0.000249 0.000167
vn -1.000000 -0.000066 0.000036
vn -1.000000 -0.000001 -0.000888
vn -1.000000 -0.000069 -0.000431
vn -1.000000 0.000445 -0.000033
vn -1.000000 -0.000004 0.000157
vn -1.000000 -0.000380 -0.000065
vn -1.000000 -0.000185 -0.000180
vn -1.000000 -0.000244 -0.000054
vn -0.826323 0.443507 -0.347119
vn -0.833062 0.540854 -0.116121
vn -0.841242 0.525321 0.127869
vn -0.846950 0.384909 0.366771
vn -0.817848 0.166922 0.550692
vn -0.770416 -0.099372 0.629749
vn -0.719427 -0.368308 0.588875
vn -0.675994 -0.577571 0.457651
vn -0.647327 -0.704844 0.290109
vn -0.635314 -0.758469 0.145264
vn -0.628544 -0.777347 0.025772
vn -0.636218 -0.763582 -0.110316
vn -0.651538 -0.702786 -0.285639
vn -0.681685 -0.551397 -0.480903
vn -0.723656 -0.320783 -0.611081
vn -0.771668 -0.046318 -0.634337
vn -0.812418 0.222943 -0.538770
s 1
g chains1 chain_piece3
usemtl StingrayPBS9SG
f 976/976/1027 992/993/1028 993/994/1029 977/977/1030
f 977/977/1030 993/994/1029 994/995/1031 978/978/1032
f 978/978/1032 994/995/1031 995/996/1033 979/979/1034
f 979/979/1034 995/996/1033 996/997/1035 980/980/1036
f 980/980/1036 996/997/1035 997/998/1037 981/981/1038
f 981/981/1038 997/998/1037 998/999/1039 982/982/1040
f 982/982/1040 998/999/1039 999/1000/1041 983/983/1042
f 983/983/1042 999/1000/1041 1000/1001/1043 984/984/1044
f 984/984/1044 1000/1001/1043 1001/1002/1045 985/985/1046
f 985/985/1046 1001/1002/1045 1296/1003/1047 1297/986/1048
f 986/987/1049 1002/1004/1050 1003/1005/1051 987/988/1052
f 987/988/1052 1003/1005/1051 1004/1006/1053 988/989/1054
f 988/989/1054 1004/1006/1053 1005/1007/1055 989/990/1056
f 989/990/1056 1005/1007/1055 1006/1008/1057 990/991/1058
f 990/991/1058 1006/1008/1057 1007/1009/1059 991/992/1060
f 991/992/1060 1007/1009/1059 992/993/1028 976/976/1027
f 992/993/1028 1008/1010/1061 1009/1011/1062 993/994/1029
f 993/994/1029 1009/1011/1062 1010/1012/1063 994/995/1031
f 994/995/1031 1010/1012/1063 1011/1013/1064 995/996/1033
f 995/996/1033 1011/1013/1064 1012/1014/1065 996/997/1035
f 996/997/1035 1012/1014/1065 1013/1015/1066 997/998/1037
f 997/998/1037 1013/1015/1066 1014/1016/1067 998/999/1039
f 998/999/1039 1014/1016/1067 1015/1017/1068 999/1000/1041
f 999/1000/1041 1015/1017/1068 1016/1018/1069 1000/1001/1043
f 1000/1001/1043 1016/1018/1069 1017/1019/1070 1001/1002/1045
f 1001/1002/1045 1017/1019/1070 1295/1020/1071 1296/1003/1047
f 1002/1004/1050 1018/1021/1072 1019/1022/1073 1003/1005/1051
f 1003/1005/1051 1019/1022/1073 1020/1023/1074 1004/1006/1053
f 1004/1006/1053 1020/1023/1074 1021/1024/1075 1005/1007/1055
f 1005/1007/1055 1021/1024/1075 1022/1025/1076 1006/1008/1057
f 1006/1008/1057 1022/1025/1076 1023/1026/1077 1007/1009/1059
f 1007/1009/1059 1023/1026/1077 1008/1010/1061 992/993/1028
f 1008/1010/1061 1024/1027/1078 1025/1028/1079 1009/1011/1062
f 1009/1011/1062 1025/1028/1079 1026/1029/1080 1010/1012/1063
f 1010/1012/1063 1026/1029/1080 1027/1030/1081 1011/1013/1064
f 1011/1013/1064 1027/1030/1081 1028/1031/1082 1012/1014/1065
f 1012/1014/1065 1028/1031/1082 1029/1032/1083 1013/1015/1066
f 1013/1015/1066 1029/1032/1083 1030/1033/1084 1014/1016/1067
f 1014/1016/1067 1030/1033/1084 1031/1034/1085 1015/1017/1068
f 1015/1017/1068 1031/1034/1085 1032/1035/1086 1016/1018/1069
f 1016/1018/1069 1032/1035/1086 1033/1036/1087 1017/1019/1070
f 1017/1019/1070 1033/1036/1087 1294/1037/1088 1295/1020/1071
f 1018/1021/1072 1034/1038/1089 1035/1039/1090 1019/1022/1073
f 1019/1022/1073 1035/1039/1090 1036/1040/1091 1020/1023/1074
f 1020/1023/1074 1036/1040/1091 1037/1041/1092 1021/1024/1075
f 1021/1024/1075 1037/1041/1092 1038/1042/1093 1022/1025/1076
f 1022/1025/1076 1038/1042/1093 1039/1043/1094 1023/1026/1077
f 1023/1026/1077 1039/1043/1094 1024/1027/1078 1008/1010/1061
f 1024/1027/1078 1040/1044/1095 1041/1045/1096 1025/1028/1079
f 1025/1028/1079 1041/1045/1096 1042/1046/1097 1026/1029/1080
f 1026/1029/1080 1042/1046/1097 1043/1047/1098 1027/1030/1081
f 1027/1030/1081 1043/1047/1098 1044/1048/1099 1028/1031/1082
f 1028/1031/1082 1044/1048/1099 1045/1049/1100 1029/1032/1083
f 1029/1032/1083 1045/1049/1100 1046/1050/1101 1030/1033/1084
f 1030/1033/1084 1046/1050/1101 1047/1051/1102 1031/1034/1085
f 1031/1034/1085 1047/1051/1102 1048/1052/1103 1032/1035/1086
f 1032/1035/1086 1048/1052/1103 1049/1053/1104 1033/1036/1087
f 1033/1036/1087 1049/1053/1104 1293/1054/1105 1294/1037/1088
f 1034/1038/1089 1050/1055/1106 1051/1056/1107 1035/1039/1090
f 1035/1039/1090 1051/1056/1107 1052/1057/1108 1036/1040/1091
f 1036/1040/1091 1052/1057/1108 1053/1058/1109 1037/1041/1092
f 1037/1041/1092 1053/1058/1109 1054/1059/1110 1038/1042/1093
f 1038/1042/1093 1054/1059/1110 1055/1060/1111 1039/1043/1094
f 1039/1043/1094 1055/1060/1111 1040/1044/1095 1024/1027/1078
f 1041/1045/1096 1040/1044/1095 1056/1061/1112 1057/1062/1113
f 1042/1046/1097 1041/1045/1096 1057/1062/1113 1058/1063/1114
f 1043/1047/1098 1042/1046/1097 1058/1063/1114 1059/1064/1115
f 1044/1048/1099 1043/1047/1098 1059/1064/1115 1060/1065/1116
f 1045/1049/1100 1044/1048/1099 1060/1065/1116 1061/1066/1117
f 1046/1050/1101 1045/1049/1100 1061/1066/1117 1062/1067/1118
f 1047/1051/1102 1046/1050/1101 1062/1067/1118 1063/1068/1119
f 1048/1052/1103 1047/1051/1102 1063/1068/1119 1064/1069/1120
f 1049/1053/1104 1048/1052/1103 1064/1069/1120 1065/1070/1121
f 1292/1071/1122 1293/1054/1105 1049/1053/1104 1065/1070/1121
f 1051/1056/1107 1050/1055/1106 1066/1072/1123 1067/1073/1124
f 1052/1057/1108 1051/1056/1107 1067/1073/1124 1068/1074/1125
f 1053/1058/1109 1052/1057/1108 1068/1074/1125 1069/1075/1126
f 1054/1059/1110 1053/1058/1109 1069/1075/1126 1070/1076/1127
f 1055/1060/1111 1054/1059/1110 1070/1076/1127 1071/1077/1128
f 1040/1044/1095 1055/1060/1111 1071/1077/1128 1056/1061/1112
f 1057/1062/1113 1056/1061/1112 1233/1250/1129 1234/1249/1130
f 1058/1063/1114 1057/1062/1113 1234/1249/1130 1235/1251/1131
f 1059/1064/1115 1058/1063/1114 1235/1251/1131 1236/1252/1132
f 1060/1065/1116 1059/1064/1115 1236/1252/1132 1237/1253/1133
f 1061/1066/1117 1060/1065/1116 1237/1253/1133 1238/1254/1134
f 1062/1067/1118 1061/1066/1117 1238/1254/1134 1239/1255/1135
f 1063/1068/1119 1062/1067/1118 1239/1255/1135 1240/1256/1136
f 1064/1069/1120 1063/1068/1119 1240/1256/1136 1241/1257/1137
f 1065/1070/1121 1064/1069/1120 1241/1257/1137 1242/1258/1138
f 1291/1259/1139 1292/1071/1122 1065/1070/1121 1242/1258/1138
f 1067/1073/1124 1066/1072/1123 1243/1261/1140 1244/1260/1141
f 1068/1074/1125 1067/1073/1124 1244/1260/1141 1245/1262/1142
f 1069/1075/1126 1068/1074/1125 1245/1262/1142 1246/1263/1143
f 1070/1076/1127 1069/1075/1126 1246/1263/1143 1247/1264/1144
f 1071/1077/1128 1070/1076/1127 1247/1264/1144 1248/1265/1145
f 1056/1061/1112 1071/1077/1128 1248/1265/1145 1233/1250/1129
f 978/978/1032 1074/1078/1146 1073/1079/1147 977/977/1030
f 979/979/1034 1075/1080/1148 1074/1078/1146 978/978/1032
f 980/980/1036 1076/1081/1149 1075/1080/1148 979/979/1034
f 981/981/1038 1077/1082/1150 1076/1081/1149 980/980/1036
f 982/982/1040 1078/1083/1151 1077/1082/1150 981/981/1038
f 983/983/1042 1079/1084/1152 1078/1083/1151 982/982/1040
f 984/984/1044 1080/1085/1153 1079/1084/1152 983/983/1042
f 985/985/1046 1081/1086/1154 1080/1085/1153 984/984/1044
f 1297/986/1048 1298/1087/1155 1081/1086/1154 985/985/1046
f 987/988/1052 1083/1089/1156 1082/1088/1157 986/987/1049
f 988/989/1054 1084/1090/1158 1083/1089/1156 987/988/1052
f 989/990/1056 1085/1091/1159 1084/1090/1158 988/989/1054
f 990/991/1058 1086/1092/1160 1085/1091/1159 989/990/1056
f 991/992/1060 1087/1093/1161 1086/1092/1160 990/991/1058
f 976/976/1027 1088/1094/1162 1087/1093/1161 991/992/1060
f 977/977/1030 1073/1079/1147 1088/1094/1162 976/976/1027
f 1074/1078/1146 1090/1095/1163 1089/1096/1164 1073/1079/1147
f 1075/1080/1148 1091/1097/1165 1090/1095/1163 1074/1078/1146
f 1076/1081/1149 1092/1098/1166 1091/1097/1165 1075/1080/1148
f 1077/1082/1150 1093/1099/1167 1092/1098/1166 1076/1081/1149
f 1078/1083/1151 1094/1100/1168 1093/1099/1167 1077/1082/1150
f 1079/1084/1152 1095/1101/1169 1094/1100/1168 1078/1083/1151
f 1080/1085/1153 1096/1102/1170 1095/1101/1169 1079/1084/1152
f 1081/1086/1154 1097/1103/1171 1096/1102/1170 1080/1085/1153
f 1097/1103/1171 1081/1086/1154 1298/1087/1155 1299/1104/1172
f 1098/1105/1173 1082/1088/1157 1083/1089/1156 1099/1106/1174
f 1099/1106/1174 1083/1089/1156 1084/1090/1158 1100/1107/1175
f 1100/1107/1175 1084/1090/1158 1085/1091/1159 1101/1108/1176
f 1101/1108/1176 1085/1091/1159 1086/1092/1160 1102/1109/1177
f 1102/1109/1177 1086/1092/1160 1087/1093/1161 1103/1110/1178
f 1103/1110/1178 1087/1093/1161 1088/1094/1162 1104/1111/1179
f 1073/1079/1147 1089/1096/1164 1104/1111/1179 1088/1094/1162
f 1090/1095/1163 1106/1112/1180 1105/1113/1181 1089/1096/1164
f 1091/1097/1165 1107/1114/1182 1106/1112/1180 1090/1095/1163
f 1092/1098/1166 1108/1115/1183 1107/1114/1182 1091/1097/1165
f 1093/1099/1167 1109/1116/1184 1108/1115/1183 1092/1098/1166
f 1094/1100/1168 1110/1117/1185 1109/1116/1184 1093/1099/1167
f 1095/1101/1169 1111/1118/1186 1110/1117/1185 1094/1100/1168
f 1096/1102/1170 1112/1119/1187 1111/1118/1186 1095/1101/1169
f 1097/1103/1171 1113/1120/1188 1112/1119/1187 1096/1102/1170
f 1113/1120/1188 1097/1103/1171 1299/1104/1172 1300/1121/1189
f 1114/1122/1190 1098/1105/1173 1099/1106/1174 1115/1123/1191
f 1115/1123/1191 1099/1106/1174 1100/1107/1175 1116/1124/1192
f 1116/1124/1192 1100/1107/1175 1101/1108/1176 1117/1125/1193
f 1117/1125/1193 1101/1108/1176 1102/1109/1177 1118/1126/1194
f 1118/1126/1194 1102/1109/1177 1103/1110/1178 1119/1127/1195
f 1119/1127/1195 1103/1110/1178 1104/1111/1179 1120/1128/1196
f 1089/1096/1164 1105/1113/1181 1120/1128/1196 1104/1111/1179
f 1106/1112/1180 1072/1129/1197 1105/1113/1181
f 1107/1114/1182 1072/1129/1197 1106/1112/1180
f 1108/1115/1183 1072/1129/1197 1107/1114/1182
f 1109/1116/1184 1072/1129/1197 1108/1115/1183
f 1110/1117/1185 1072/1129/1197 1109/1116/1184
f 1111/1118/1186 1072/1129/1197 1110/1117/1185
f 1112/1119/1187 1072/1129/1197 1111/1118/1186
f 1113/1120/1188 1072/1129/1197 1112/1119/1187
f 1072/1129/1197 1113/1120/1188 1300/1121/1189 1114/1122/1190
f 1072/1129/1197 1114/1122/1190 1115/1123/1191
f 1072/1129/1197 1115/1123/1191 1116/1124/1192
f 1072/1129/1197 1116/1124/1192 1117/1125/1193
f 1072/1129/1197 1117/1125/1193 1118/1126/1194
f 1072/1129/1197 1118/1126/1194 1119/1127/1195
f 1072/1129/1197 1119/1127/1195 1120/1128/1196
f 1105/1113/1181 1072/1129/1197 1120/1128/1196
f 1122/1130/1198 1121/1131/1199 1266/1284/1200 1267/1285/1201
f 1123/1132/1202 1122/1130/1198 1267/1285/1201 1268/1286/1203
f 1124/1133/1204 1123/1132/1202 1268/1286/1203 1269/1287/1205
f 1125/1134/1206 1124/1133/1204 1269/1287/1205 1270/1288/1207
f 1126/1135/1208 1125/1134/1206 1270/1288/1207 1271/1289/1209
f 1127/1136/1210 1126/1135/1208 1271/1289/1209 1272/1290/1211
f 1128/1137/1212 1127/1136/1210 1272/1290/1211 1273/1291/1213
f 1129/1138/1214 1128/1137/1212 1273/1291/1213 1274/1292/1215
f 1130/1139/1216 1129/1138/1214 1274/1292/1215 1275/1293/1217
f 1283/1294/1218 1284/1140/1219 1130/1139/1216 1275/1293/1217
f 1132/1141/1220 1131/1142/1221 1276/1295/1222 1277/1296/1223
f 1133/1143/1224 1132/1141/1220 1277/1296/1223 1278/1297/1225
f 1134/1144/1226 1133/1143/1224 1278/1297/1225 1279/1298/1227
f 1135/1145/1228 1134/1144/1226 1279/1298/1227 1280/1299/1229
f 1136/1146/1230 1135/1145/1228 1280/1299/1229 1281/1300/1231
f 1266/1284/1200 1121/1131/1199 1136/1146/1230 1281/1300/1231
f 1122/1130/1198 1138/1147/1232 1137/1148/1233 1121/1131/1199
f 1123/1132/1202 1139/1149/1234 1138/1147/1232 1122/1130/1198
f 1124/1133/1204 1140/1150/1235 1139/1149/1234 1123/1132/1202
f 1125/1134/1206 1141/1151/1236 1140/1150/1235 1124/1133/1204
f 1126/1135/1208 1142/1152/1237 1141/1151/1236 1125/1134/1206
f 1127/1136/1210 1143/1153/1238 1142/1152/1237 1126/1135/1208
f 1128/1137/1212 1144/1154/1239 1143/1153/1238 1127/1136/1210
f 1129/1138/1214 1145/1155/1240 1144/1154/1239 1128/1137/1212
f 1130/1139/1216 1146/1156/1241 1145/1155/1240 1129/1138/1214
f 1284/1140/1219 1285/1157/1242 1146/1156/1241 1130/1139/1216
f 1132/1141/1220 1148/1158/1243 1147/1159/1244 1131/1142/1221
f 1133/1143/1224 1149/1160/1245 1148/1158/1243 1132/1141/1220
f 1134/1144/1226 1150/1161/1246 1149/1160/1245 1133/1143/1224
f 1135/1145/1228 1151/1162/1247 1150/1161/1246 1134/1144/1226
f 1136/1146/1230 1152/1163/1248 1151/1162/1247 1135/1145/1228
f 1121/1131/1199 1137/1148/1233 1152/1163/1248 1136/1146/1230
f 1138/1147/1232 1154/1164/1249 1153/1165/1250 1137/1148/1233
f 1139/1149/1234 1155/1166/1251 1154/1164/1249 1138/1147/1232
f 1140/1150/1235 1156/1167/1252 1155/1166/1251 1139/1149/1234
f 1141/1151/1236 1157/1168/1253 1156/1167/1252 1140/1150/1235
f 1142/1152/1237 1158/1169/1254 1157/1168/1253 1141/1151/1236
f 1143/1153/1238 1159/1170/1255 1158/1169/1254 1142/1152/1237
f 1144/1154/1239 1160/1171/1256 1159/1170/1255 1143/1153/1238
f 1145/1155/1240 1161/1172/1257 1160/1171/1256 1144/1154/1239
f 1146/1156/1241 1162/1173/1258 1161/1172/1257 1145/1155/1240
f 1285/1157/1242 1286/1174/1259 1162/1173/1258 1146/1156/1241
f 1148/1158/1243 1164/1175/1260 1163/1176/1261 1147/1159/1244
f 1149/1160/1245 1165/1177/1262 1164/1175/1260 1148/1158/1243
f 1150/1161/1246 1166/1178/1263 1165/1177/1262 1149/1160/1245
f 1151/1162/1247 1167/1179/1264 1166/1178/1263 1150/1161/1246
f 1152/1163/1248 1168/1180/1265 1167/1179/1264 1151/1162/1247
f 1137/1148/1233 1153/1165/1250 1168/1180/1265 1152/1163/1248
f 1153/1165/1250 1154/1164/1249 1170/1181/1266 1169/1182/1267
f 1154/1164/1249 1155/1166/1251 1171/1183/1268 1170/1181/1266
f 1155/1166/1251 1156/1167/1252 1172/1184/1269 1171/1183/1268
f 1156/1167/1252 1157/1168/1253 1173/1185/1270 1172/1184/1269
f 1157/1168/1253 1158/1169/1254 1174/1186/1271 1173/1185/1270
f 1158/1169/1254 1159/1170/1255 1175/1187/1272 1174/1186/1271
f 1159/1170/1255 1160/1171/1256 1176/1188/1273 1175/1187/1272
f 1160/1171/1256 1161/1172/1257 1177/1189/1274 1176/1188/1273
f 1161/1172/1257 1162/1173/1258 1178/1190/1275 1177/1189/1274
f 1162/1173/1258 1286/1174/1259 1287/1191/1276 1178/1190/1275
f 1163/1176/1261 1164/1175/1260 1180/1192/1277 1179/1193/1278
f 1164/1175/1260 1165/1177/1262 1181/1194/1279 1180/1192/1277
f 1165/1177/1262 1166/1178/1263 1182/1195/1280 1181/1194/1279
f 1166/1178/1263 1167/1179/1264 1183/1196/1281 1182/1195/1280
f 1167/1179/1264 1168/1180/1265 1184/1197/1282 1183/1196/1281
f 1168/1180/1265 1153/1165/1250 1169/1182/1267 1184/1197/1282
f 1169/1182/1267 1170/1181/1266 1186/1198/1283 1185/1199/1284
f 1170/1181/1266 1171/1183/1268 1187/1200/1285 1186/1198/1283
f 1171/1183/1268 1172/1184/1269 1188/1201/1286 1187/1200/1285
f 1172/1184/1269 1173/1185/1270 1189/1202/1287 1188/1201/1286
f 1173/1185/1270 1174/1186/1271 1190/1203/1288 1189/1202/1287
f 1174/1186/1271 1175/1187/1272 1191/1204/1289 1190/1203/1288
f 1175/1187/1272 1176/1188/1273 1192/1205/1290 1191/1204/1289
f 1176/1188/1273 1177/1189/1274 1193/1206/1291 1192/1205/1290
f 1177/1189/1274 1178/1190/1275 1194/1207/1292 1193/1206/1291
f 1178/1190/1275 1287/1191/1276 1288/1208/1293 1194/1207/1292
f 1179/1193/1278 1180/1192/1277 1196/1209/1294 1195/1210/1295
f 1180/1192/1277 1181/1194/1279 1197/1211/1296 1196/1209/1294
f 1181/1194/1279 1182/1195/1280 1198/1212/1297 1197/1211/1296
f 1182/1195/1280 1183/1196/1281 1199/1213/1298 1198/1212/1297
f 1183/1196/1281 1184/1197/1282 1200/1214/1299 1199/1213/1298
f 1184/1197/1282 1169/1182/1267 1185/1199/1284 1200/1214/1299
f 1185/1199/1284 1186/1198/1283 1202/1215/1300 1201/1216/1301
f 1186/1198/1283 1187/1200/1285 1203/1217/1302 1202/1215/1300
f 1187/1200/1285 1188/1201/1286 1204/1218/1303 1203/1217/1302
f 1188/1201/1286 1189/1202/1287 1205/1219/1304 1204/1218/1303
f 1189/1202/1287 1190/1203/1288 1206/1220/1305 1205/1219/1304
f 1190/1203/1288 1191/1204/1289 1207/1221/1306 1206/1220/1305
f 1191/1204/1289 1192/1205/1290 1208/1222/1307 1207/1221/1306
f 1192/1205/1290 1193/1206/1291 1209/1223/1308 1208/1222/1307
f 1193/1206/1291 1194/1207/1292 1210/1224/1309 1209/1223/1308
f 1194/1207/1292 1288/1208/1293 1289/1225/1310 1210/1224/1309
f 1195/1210/1295 1196/1209/1294 1212/1226/1311 1211/1227/1312
f 1196/1209/1294 1197/1211/1296 1213/1228/1313 1212/1226/1311
f 1197/1211/1296 1198/1212/1297 1214/1229/1314 1213/1228/1313
f 1198/1212/1297 1199/1213/1298 1215/1230/1315 1214/1229/1314
f 1199/1213/1298 1200/1214/1299 1216/1231/1316 1215/1230/1315
f 1200/1214/1299 1185/1199/1284 1201/1216/1301 1216/1231/1316
f 1201/1216/1301 1202/1215/1300 1218/1232/1317 1217/1233/1318
f 1202/1215/1300 1203/1217/1302 1219/1234/1319 1218/1232/1317
f 1203/1217/1302 1204/1218/1303 1220/1235/1320 1219/1234/1319
f 1204/1218/1303 1205/1219/1304 1221/1236/1321 1220/1235/1320
f 1205/1219/1304 1206/1220/1305 1222/1237/1322 1221/1236/1321
f 1206/1220/1305 1207/1221/1306 1223/1238/1323 1222/1237/1322
f 1207/1221/1306 1208/1222/1307 1224/1239/1324 1223/1238/1323
f 1208/1222/1307 1209/1223/1308 1225/1240/1325 1224/1239/1324
f 1209/1223/1308 1210/1224/1309 1226/1241/1326 1225/1240/1325
f 1210/1224/1309 1289/1225/1310 1290/1242/1327 1226/1241/1326
f 1211/1227/1312 1212/1226/1311 1228/1243/1328 1227/1244/1329
f 1212/1226/1311 1213/1228/1313 1229/1245/1330 1228/1243/1328
f 1213/1228/1313 1214/1229/1314 1230/1246/1331 1229/1245/1330
f 1214/1229/1314 1215/1230/1315 1231/1247/1332 1230/1246/1331
f 1215/1230/1315 1216/1231/1316 1232/1248/1333 1231/1247/1332
f 1216/1231/1316 1201/1216/1301 1217/1233/1318 1232/1248/1333
f 1218/1232/1317 1234/1249/1130 1233/1250/1129 1217/1233/1318
f 1219/1234/1319 1235/1251/1131 1234/1249/1130 1218/1232/1317
f 1220/1235/1320 1236/1252/1132 1235/1251/1131 1219/1234/1319
f 1221/1236/1321 1237/1253/1133 1236/1252/1132 1220/1235/1320
f 1222/1237/1322 1238/1254/1134 1237/1253/1133 1221/1236/1321
f 1223/1238/1323 1239/1255/1135 1238/1254/1134 1222/1237/1322
f 1224/1239/1324 1240/1256/1136 1239/1255/1135 1223/1238/1323
f 1225/1240/1325 1241/1257/1137 1240/1256/1136 1224/1239/1324
f 1226/1241/1326 1242/1258/1138 1241/1257/1137 1225/1240/1325
f 1290/1242/1327 1291/1259/1139 1242/1258/1138 1226/1241/1326
f 1228/1243/1328 1244/1260/1141 1243/1261/1140 1227/1244/1329
f 1229/1245/1330 1245/1262/1142 1244/1260/1141 1228/1243/1328
f 1230/1246/1331 1246/1263/1143 1245/1262/1142 1229/1245/1330
f 1231/1247/1332 1247/1264/1144 1246/1263/1143 1230/1246/1331
f 1232/1248/1333 1248/1265/1145 1247/1264/1144 1231/1247/1332
f 1217/1233/1318 1233/1250/1129 1248/1265/1145 1232/1248/1333
s 4
f 1257/1266/1334 1265/1267/1335 1258/1268/1336
f 1250/1269/1337 1249/1270/1338 1265/1267/1335
f 1265/1267/1335 1249/1270/1338 1264/1271/1339
f 1265/1267/1335 1264/1271/1339 1263/1272/1340
f 1265/1267/1335 1263/1272/1340 1262/1273/1341
f 1265/1267/1335 1262/1273/1341 1261/1274/1342
f 1265/1267/1335 1261/1274/1342 1260/1275/1343
f 1265/1267/1335 1260/1275/1343 1259/1276/1344
f 1265/1267/1335 1259/1276/1344 1282/1277/1345 1258/1268/1336
f 1256/1278/1346 1265/1267/1335 1257/1266/1334
f 1255/1279/1347 1265/1267/1335 1256/1278/1346
f 1254/1280/1348 1265/1267/1335 1255/1279/1347
f 1253/1281/1349 1265/1267/1335 1254/1280/1348
f 1252/1282/1350 1265/1267/1335 1253/1281/1349
f 1251/1283/1351 1265/1267/1335 1252/1282/1350
f 1250/1269/1337 1265/1267/1335 1251/1283/1351
s 1
f 1267/1285/1201 1266/1284/1200 1249/1270/1352 1250/1269/1353
f 1268/1286/1203 1267/1285/1201 1250/1269/1353 1251/1283/1354
f 1269/1287/1205 1268/1286/1203 1251/1283/1354 1252/1282/1355
f 1270/1288/1207 1269/1287/1205 1252/1282/1355 1253/1281/1356
f 1271/1289/1209 1270/1288/1207 1253/1281/1356 1254/1280/1357
f 1272/1290/1211 1271/1289/1209 1254/1280/1357 1255/1279/1358
f 1273/1291/1213 1272/1290/1211 1255/1279/1358 1256/1278/1359
f 1274/1292/1215 1273/1291/1213 1256/1278/1359 1257/1266/1360
f 1275/1293/1217 1274/1292/1215 1257/1266/1360 1258/1268/1361
f 1282/1277/1362 1283/1294/1218 1275/1293/1217 1258/1268/1361
f 1277/1296/1223 1276/1295/1222 1259/1276/1363 1260/1275/1364
f 1278/1297/1225 1277/1296/1223 1260/1275/1364 1261/1274/1365
f 1279/1298/1227 1278/1297/1225 1261/1274/1365 1262/1273/1366
f 1280/1299/1229 1279/1298/1227 1262/1273/1366 1263/1272/1367
f 1281/1300/1231 1280/1299/1229 1263/1272/1367 1264/1271/1368
f 1249/1270/1352 1266/1284/1200 1281/1300/1231 1264/1271/1368
f 1259/1276/1363 1276/1295/1222 1283/1294/1218 1282/1277/1362
f 1276/1295/1222 1131/1142/1221 1284/1140/1219 1283/1294/1218
f 1131/1142/1221 1147/1159/1244 1285/1157/1242 1284/1140/1219
f 1147/1159/1244 1163/1176/1261 1286/1174/1259 1285/1157/1242
f 1287/1191/1276 1286/1174/1259 1163/1176/1261 1179/1193/1278
f 1288/1208/1293 1287/1191/1276 1179/1193/1278 1195/1210/1295
f 1289/1225/1310 1288/1208/1293 1195/1210/1295 1211/1227/1312
f 1290/1242/1327 1289/1225/1310 1211/1227/1312 1227/1244/1329
f 1227/1244/1329 1243/1261/1140 1291/1259/1139 1290/1242/1327
f 1243/1261/1140 1066/1072/1123 1292/1071/1122 1291/1259/1139
f 1066/1072/1123 1050/1055/1106 1293/1054/1105 1292/1071/1122
f 1294/1037/1088 1293/1054/1105 1050/1055/1106 1034/1038/1089
f 1295/1020/1071 1294/1037/1088 1034/1038/1089 1018/1021/1072
f 1296/1003/1047 1295/1020/1071 1018/1021/1072 1002/1004/1050
f 1297/986/1048 1296/1003/1047 1002/1004/1050 986/987/1049
f 986/987/1049 1082/1088/1157 1298/1087/1155 1297/986/1048
f 1299/1104/1172 1298/1087/1155 1082/1088/1157 1098/1105/1173
f 1300/1121/1189 1299/1104/1172 1098/1105/1173 1114/1122/1190
g default
v -4416.996573 680.576683 868.872798
v -4416.134142 680.731099 868.523453
v -4415.191007 680.720087 868.491541
v -4414.311294 680.545253 868.781885
v -4413.629805 680.233286 869.351399
v -4413.247905 679.831331 870.112547
v -4413.226684 679.401200 870.949738
v -4413.566705 679.008046 871.735001
v -4414.218049 678.711392 872.349691
v -4415.080641 678.557017 872.699679
v -4416.023455 678.567989 872.731832
v -4416.903650 678.742943 872.440926
v -4417.585621 679.054870 871.872054
v -4417.966557 679.456705 871.110584
v -4417.988582 679.886916 870.273072
v -4417.647838 680.280150 869.488131
v -4416.949951 681.235061 869.113385
v -4416.080527 681.235061 868.747481
v -4415.136668 681.235061 868.741372
v -4414.263225 681.235061 869.096022
v -4413.592990 681.235061 869.757093
v -4413.227247 681.235061 870.624588
v -4413.222584 681.235061 871.566035
v -4413.579164 681.235061 872.437389
v -4414.242968 681.235061 873.107784
v -4415.113035 681.235061 873.473688
v -4416.056412 681.235061 873.479797
v -4416.930177 681.235061 873.125147
v -4417.600411 681.235061 872.464076
v -4417.965994 681.235061 871.596903
v -4417.970656 681.235061 870.655455
v -4417.614237 681.235061 869.783780
v -4416.949951 693.149613 869.113385
v -4416.080527 693.149613 868.747481
v -4415.136668 693.149613 868.741372
v -4414.263225 693.149613 869.096022
v -4413.592990 693.149613 869.757093
v -4413.227247 693.149613 870.624588
v -4413.222584 693.149613 871.566035
v -4413.579164 693.149613 872.437389
v -4414.242968 693.149613 873.107784
v -4415.113035 693.149613 873.473688
v -4416.056412 693.149613 873.479797
v -4416.930177 693.149613 873.125147
v -4417.600411 693.149613 872.464076
v -4417.965994 693.149613 871.596903
v -4417.970656 693.149613 870.655455
v -4417.614237 693.149613 869.783780
v -4416.955096 693.863415 868.899566
v -4416.084225 693.697826 868.575782
v -4415.140366 693.704658 868.568065
v -4414.267887 693.882546 868.877058
v -4413.599421 694.204400 869.456782
v -4413.236089 694.621669 870.218492
v -4413.233677 695.070287 871.045796
v -4413.592347 695.482251 871.812972
v -4414.258080 695.794781 872.403949
v -4415.128951 695.960290 872.727733
v -4416.072006 695.953859 872.735449
v -4416.945128 695.775971 872.426457
v -4417.613594 695.453956 871.847055
v -4417.976605 695.036928 871.085666
v -4417.979177 694.588230 870.258041
v -4417.620668 694.176105 869.490542
v -4416.972137 694.447238 868.091876
v -4416.099176 694.161234 867.877092
v -4415.155317 694.172729 867.864874
v -4414.285410 694.480034 868.057150
v -4413.621606 695.036928 868.424983
v -4413.263419 695.758769 868.912427
v -4413.267760 696.534627 869.445206
v -4413.632378 697.247144 869.941653
v -4414.302291 697.787961 870.326849
v -4415.175734 698.074527 870.542276
v -4416.118629 698.062872 870.554815
v -4416.989017 697.755326 870.361896
v -4417.653304 697.198431 869.993741
v -4418.010687 696.476993 869.506619
v -4418.006346 695.700813 868.973840
v -4417.641889 694.987895 868.477393
v -4417.027762 695.026077 865.472350
v -4416.151103 694.679063 865.444698
v -4415.207566 694.693049 865.425084
v -4414.341839 695.065545 865.416403
v -4413.685109 695.740442 865.420261
v -4413.337693 696.615573 865.436338
v -4413.352805 697.556217 865.461739
v -4413.726748 698.420014 865.492928
v -4414.403734 699.075539 865.524759
v -4415.281518 699.422955 865.552411
v -4416.224895 699.409048 865.572346
v -4417.090622 699.036472 865.580706
v -4417.747030 698.361334 865.576526
v -4418.094286 697.486525 865.560771
v -4418.079656 696.545720 865.535370
v -4417.705392 695.681601 865.504503
v -4415.690990 678.146339 867.006703
v -4415.944036 679.965329 868.017682
v -4415.377978 679.957371 868.008358
v -4414.857095 679.746446 868.072343
v -4414.460485 679.364626 868.199991
v -4414.248273 678.870109 868.371689
v -4414.253579 678.338133 868.561715
v -4414.474793 677.849725 868.740166
v -4414.878960 677.478837 868.880997
v -4415.403862 677.282622 868.962345
v -4415.969920 677.290419 868.971348
v -4416.490802 677.501345 868.907363
v -4416.887252 677.883165 868.779714
v -4417.098821 678.377682 868.608337
v -4417.093676 678.909657 868.418633
v -4416.872622 679.398307 868.239218
v -4416.468938 679.769034 868.098708
v -4415.864939 679.040602 866.850760
v -4415.486978 679.035216 866.844651
v -4415.140205 678.894626 866.887415
v -4414.875744 678.640213 866.972299
v -4414.734109 678.310401 867.087086
v -4414.737485 677.955751 867.213449
v -4414.885069 677.630199 867.332737
v -4415.154513 677.382940 867.426625
v -4415.504340 677.252076 867.480642
v -4415.881659 677.257301 867.487073
v -4416.229075 677.398052 867.443988
v -4416.493375 677.652465 867.359103
v -4416.634528 677.982116 867.244637
v -4416.631151 678.336767 867.118275
v -4416.483568 678.662560 866.998665
v -4416.214284 678.909738 866.905099
v -4415.781019 678.593510 866.849474
v -4415.592440 678.590697 866.846258
v -4415.419134 678.520603 866.867480
v -4415.286663 678.393276 866.909922
v -4415.215765 678.228491 866.967155
v -4415.217694 678.051005 867.030497
v -4415.291325 677.888148 867.090302
v -4415.426047 677.764599 867.136924
v -4415.601122 677.699168 867.163933
v -4415.789861 677.701740 867.167148
v -4415.963328 677.772075 867.145605
v -4416.095478 677.899241 867.103163
v -4416.166055 678.064187 867.046252
v -4416.164608 678.241673 866.982910
v -4416.090494 678.404369 866.923105
v -4415.956094 678.527918 866.876161
v -4417.151552 679.281510 862.213536
v -4416.274893 679.609634 862.195209
v -4415.331838 679.596290 862.176239
v -4414.465629 679.312739 862.158554
v -4413.809864 678.674537 862.145050
v -4413.462930 677.847595 862.137655
v -4413.478203 676.958075 862.138298
v -4413.852788 676.043074 862.145693
v -4414.531061 675.423440 862.159840
v -4415.408041 675.095155 862.177846
v -4416.351579 675.108298 862.196817
v -4417.217305 675.460818 862.215144
v -4417.873232 676.197450 862.228327
v -4418.220166 677.024230 862.235401
v -4418.204893 677.913670 862.234758
v -4417.829664 678.730604 862.227041
v -4417.160716 679.602641 858.912763
v -4416.281806 679.929880 859.011795
v -4415.338108 679.916617 858.987680
v -4414.475597 679.565262 858.844920
v -4413.824011 678.929030 858.604735
v -4413.482704 678.104620 858.303780
v -4413.504408 677.217994 857.988035
v -4413.885263 676.403873 857.705730
v -4414.568038 675.785968 857.499627
v -4415.447590 675.458809 857.400917
v -4416.390806 675.471750 857.425032
v -4417.253960 675.823588 857.568114
v -4417.905224 676.459579 857.807977
v -4418.245888 677.283908 858.108610
v -4418.224185 678.170534 858.424355
v -4417.843329 678.984816 858.707304
v -4417.182741 680.200651 857.855323
v -4416.299732 680.359448 858.146953
v -4415.356757 680.339553 858.122999
v -4414.497300 680.143981 857.787480
v -4413.853512 679.802795 857.191599
v -4413.521288 679.367279 856.425066
v -4413.553763 678.904633 855.606042
v -4413.943702 678.484712 854.858157
v -4414.633469 678.171419 854.296118
v -4415.516478 678.012782 854.004488
v -4416.459453 678.032637 854.028201
v -4417.319070 678.228209 854.363640
v -4417.963341 678.569516 854.959761
v -4418.294279 679.004751 855.725732
v -4418.262608 679.467557 856.545399
v -4417.872026 679.887518 857.292962
v -4417.187081 681.235061 857.628562
v -4416.302706 681.235061 857.957490
v -4415.359812 681.235061 857.924050
v -4414.501963 681.235061 857.533388
v -4413.859541 681.235061 856.844987
v -4413.530773 681.235061 855.963023
v -4413.565499 681.235061 855.022219
v -4413.957929 681.235061 854.166621
v -4414.649225 681.235061 853.524520
v -4415.533921 681.235061 853.195592
v -4416.476816 681.235061 853.228710
v -4417.334986 681.235061 853.619372
v -4417.976765 681.235061 854.307773
v -4418.305854 681.235061 855.189737
v -4418.271289 681.235061 856.130542
v -4417.878698 681.235061 856.986783
v -4417.187081 693.149613 857.628562
v -4416.302706 693.149613 857.957490
v -4415.359812 693.149613 857.924050
v -4414.501963 693.149613 857.533388
v -4413.859541 693.149613 856.844987
v -4413.530773 693.149613 855.963023
v -4413.565499 693.149613 855.022219
v -4413.957929 693.149613 854.166621
v -4414.649225 693.149613 853.524520
v -4415.533921 693.149613 853.195592
v -4416.476816 693.149613 853.228710
v -4417.334986 693.149613 853.619372
v -4417.976765 693.149613 854.307773
v -4418.305854 693.149613 855.189737
v -4418.271289 693.149613 856.130542
v -4417.878698 693.149613 856.986783
v -4417.182901 693.863415 857.842381
v -4416.299330 693.697826 858.129510
v -4415.355953 693.704658 858.097678
v -4414.497140 693.882546 857.752031
v -4413.853592 694.204400 857.145299
v -4413.522253 694.621669 856.368797
v -4413.554245 695.070287 855.542137
v -4413.945068 695.482251 854.791037
v -4414.635077 695.794781 854.228355
v -4415.518809 695.960290 853.941226
v -4416.461221 695.953859 853.972415
v -4417.320357 695.775971 854.318062
v -4417.964547 695.453956 854.925116
v -4418.295083 695.036928 855.701296
v -4418.263251 694.588230 856.527956
v -4417.872750 694.176105 857.280021
v -4417.166182 694.447238 858.650071
v -4416.285182 694.161234 858.828200
v -4415.341484 694.172729 858.801191
v -4414.480420 694.480034 858.572582
v -4413.832210 695.036928 858.177097
v -4413.495083 695.758769 857.675184
v -4413.521771 696.534627 857.143369
v -4413.906806 697.247144 856.662357
v -4414.592474 697.787961 856.305455
v -4415.473795 698.074527 856.127005
v -4416.416528 698.062952 856.153692
v -4417.278075 697.755245 856.382945
v -4417.926285 697.198351 856.778430
v -4418.262929 696.476912 857.280021
v -4418.236564 695.700813 857.812157
v -4417.851528 694.987895 858.293170
v -4417.112486 695.026077 861.269919
v -4416.235184 694.679063 861.260594
v -4415.291807 694.693049 861.240981
v -4414.426563 695.065545 861.213007
v -4413.770315 695.740442 861.181819
v -4413.424025 696.615573 861.151273
v -4413.440101 697.556217 861.126837
v -4413.815008 698.420014 861.111403
v -4414.492960 699.075539 861.107545
v -4415.370904 699.422955 861.116548
v -4416.314281 699.408888 861.136483
v -4417.179365 699.036472 861.163813
v -4417.835130 698.361334 861.195645
v -4418.181903 697.486525 861.225869
v -4418.165987 696.545720 861.250627
v -4417.790598 695.681601 861.265739
v -4416.733238 678.393437 865.979407
v -4416.164286 678.646242 865.979407
v -4415.532957 678.624699 865.979407
v -4414.989085 678.335561 865.979407
v -4414.650671 677.862667 865.979407
v -4414.566591 677.333746 865.979085
v -4414.706136 676.865192 865.979407
v -4414.990210 676.521474 865.979407
v -4415.340520 676.307976 865.979085
v -4415.715427 676.198977 865.979407
v -4416.105767 676.182257 865.979085
v -4416.502056 676.278074 865.979407
v -4416.869086 676.515606 865.979085
v -4417.142871 676.900481 865.979407
v -4417.245761 677.400866 865.979407
v -4417.114093 677.938307 865.979407
v -4415.911883 677.411476 865.979085
v -4417.292222 679.014155 865.405471
v -4416.334216 679.423949 865.459167
v -4415.279911 679.390509 865.455952
v -4414.359202 679.066244 865.396146
v -4413.757775 678.288698 865.292613
v -4413.565017 677.391782 865.165929
v -4413.753917 676.558933 865.039245
v -4414.219657 675.909517 864.931532
v -4414.843430 675.481155 864.854364
v -4415.544371 675.259378 864.814816
v -4416.281806 675.238720 864.815137
v -4417.011203 675.449082 864.856936
v -4417.652178 675.918199 864.938606
v -4418.094446 676.628544 865.051142
v -4418.223542 677.504881 865.180398
v -4417.957473 678.409755 865.306439
v -4415.910597 676.190537 865.979085
v -4415.913169 675.249089 864.814816
v -4415.879730 675.101586 862.187171
v -4415.919118 675.465320 857.412814
v -4415.988086 678.022750 854.016143
v -4416.005449 681.235061 853.211990
v -4416.005449 693.149613 853.211990
v -4415.990015 695.957155 853.956660
v -4415.945001 698.068659 856.140509
v -4415.842593 699.415881 861.126194
v -4415.753207 699.415961 865.562379
v -4415.647101 698.068659 870.548706
v -4415.600318 695.957155 872.731591
v -4415.584724 693.149613 873.476904
v -4415.584724 681.235061 873.476904
v -4415.552088 678.562643 872.715434
v -4415.686810 677.286480 868.966846
v -4415.692919 677.254729 867.483536
v -4415.695492 677.700534 867.165540
vt 0.613054 0.617329
vt 0.615722 0.618042
vt 0.612587 0.616932
vt 0.604095 0.614156
vt 0.591507 0.610138
vt 0.576758 0.605483
vt 0.562135 0.600924
vt 0.549898 0.597158
vt 0.541913 0.594760
vt 0.539389 0.594097
vt 0.541035 0.594679
vt 0.542674 0.595255
vt 0.551247 0.598051
vt 0.563765 0.602052
vt 0.578362 0.606655
vt 0.592834 0.611167
vt 0.605001 0.614914
vt 0.606260 0.633624
vt 0.609199 0.632650
vt 0.606036 0.631640
vt 0.597219 0.630751
vt 0.584083 0.630120
vt 0.568623 0.629843
vt 0.553236 0.629966
vt 0.540313 0.630469
vt 0.531807 0.631274
vt 0.529025 0.632255
vt 0.530688 0.632758
vt 0.532351 0.633261
vt 0.541242 0.634141
vt 0.554325 0.634762
vt 0.569625 0.635032
vt 0.584847 0.634911
vt 0.597704 0.634418
vt 0.604160 0.831011
vt 0.607105 0.830454
vt 0.603926 0.829876
vt 0.595073 0.829367
vt 0.581889 0.829006
vt 0.566372 0.828848
vt 0.550932 0.828918
vt 0.537964 0.829206
vt 0.529433 0.829666
vt 0.526646 0.830227
vt 0.528318 0.830516
vt 0.529989 0.830803
vt 0.538916 0.831307
vt 0.552048 0.831662
vt 0.567403 0.831816
vt 0.582678 0.831747
vt 0.595577 0.831465
vt 0.607531 0.842867
vt 0.609820 0.839578
vt 0.606673 0.839134
vt 0.598542 0.841617
vt 0.586638 0.846663
vt 0.572782 0.853509
vt 0.559122 0.861092
vt 0.547771 0.868245
vt 0.540457 0.873864
vt 0.538303 0.877094
vt 0.539951 0.877278
vt 0.541597 0.877460
vt 0.549804 0.874918
vt 0.561665 0.869869
vt 0.575377 0.863086
vt 0.588892 0.855585
vt 0.600177 0.848489
vt 0.620636 0.852533
vt 0.621190 0.847260
vt 0.618138 0.846911
vt 0.611925 0.851572
vt 0.603483 0.860564
vt 0.594095 0.872523
vt 0.585228 0.885591
vt 0.578243 0.897760
vt 0.574213 0.907154
vt 0.573745 0.912340
vt 0.575317 0.912440
vt 0.576885 0.912541
vt 0.583155 0.907771
vt 0.591572 0.898771
vt 0.600860 0.886915
vt 0.609633 0.873984
vt 0.616570 0.861917
vt 0.663405 0.862020
vt 0.660988 0.855755
vt 0.658141 0.855466
vt 0.655307 0.861228
vt 0.652913 0.872205
vt 0.651332 0.886741
vt 0.650810 0.902573
vt 0.651422 0.917267
vt 0.653085 0.928558
vt 0.655535 0.934721
vt 0.656964 0.934779
vt 0.658381 0.934837
vt 0.661205 0.928935
vt 0.663570 0.917932
vt 0.665123 0.903511
vt 0.665637 0.887852
vt 0.665035 0.873290
vt 0.636534 0.602570
vt 0.638299 0.603346
vt 0.633758 0.598488
vt 0.630390 0.591715
vt 0.626950 0.583287
vt 0.623961 0.574496
vt 0.621890 0.566695
vt 0.621050 0.561072
vt 0.621555 0.558487
vt 0.622451 0.558902
vt 0.623342 0.559317
vt 0.626123 0.563428
vt 0.629472 0.570186
vt 0.632887 0.578563
vt 0.635855 0.587296
vt 0.637932 0.595072
vt 0.638789 0.600709
vt 0.638484 0.595320
vt 0.639662 0.595846
vt 0.636636 0.592596
vt 0.634397 0.588085
vt 0.632101 0.582468
vt 0.630116 0.576615
vt 0.628730 0.571418
vt 0.628165 0.567666
vt 0.628498 0.565936
vt 0.629092 0.566211
vt 0.629678 0.566484
vt 0.631532 0.569224
vt 0.633765 0.573729
vt 0.636045 0.579320
vt 0.638022 0.585148
vt 0.639411 0.590336
vt 0.639983 0.594093
vt 0.638891 0.588085
vt 0.639476 0.588353
vt 0.637970 0.586726
vt 0.636851 0.584468
vt 0.635704 0.581665
vt 0.634711 0.578738
vt 0.634015 0.576140
vt 0.633735 0.574265
vt 0.633900 0.573398
vt 0.634196 0.573534
vt 0.634488 0.573668
vt 0.635413 0.575035
vt 0.636529 0.577288
vt 0.637668 0.580088
vt 0.638661 0.583008
vt 0.639355 0.585601
vt 0.639642 0.587478
vt 0.636690 0.580876
vt 0.733673 0.609174
vt 0.736196 0.604419
vt 0.730994 0.607875
vt 0.728569 0.601905
vt 0.726790 0.589908
vt 0.725923 0.574925
vt 0.726098 0.559276
vt 0.727309 0.543651
vt 0.729336 0.533643
vt 0.731876 0.529037
vt 0.733215 0.529768
vt 0.736930 0.537778
vt 0.734550 0.530502
vt 0.738671 0.551452
vt 0.739525 0.566284
vt 0.739361 0.581762
vt 0.738188 0.595571
vt 0.768585 0.609915
vt 0.772944 0.605473
vt 0.766063 0.608631
vt 0.765768 0.601791
vt 0.767767 0.590410
vt 0.771753 0.576223
vt 0.777122 0.561432
vt 0.783029 0.548316
vt 0.788575 0.538888
vt 0.792904 0.534585
vt 0.794137 0.535305
vt 0.795593 0.542964
vt 0.795363 0.536024
vt 0.793576 0.554309
vt 0.789620 0.568357
vt 0.784317 0.582988
vt 0.778457 0.596017
vt 0.779401 0.616875
vt 0.787221 0.616086
vt 0.777044 0.615757
vt 0.780539 0.612888
vt 0.789392 0.608703
vt 0.802266 0.603833
vt 0.817168 0.599041
vt 0.831802 0.595061
vt 0.843905 0.592501
vt 0.851636 0.591759
vt 0.852738 0.592347
vt 0.850197 0.595831
vt 0.853835 0.592931
vt 0.841313 0.600007
vt 0.828536 0.604829
vt 0.813791 0.609569
vt 0.799297 0.613520
vt 0.785701 0.631430
vt 0.793753 0.632332
vt 0.783367 0.630413
vt 0.787146 0.629434
vt 0.796495 0.628644
vt 0.810010 0.628165
vt 0.825603 0.628074
vt 0.840854 0.628383
vt 0.853434 0.629045
vt 0.861401 0.629956
vt 0.862486 0.630467
vt 0.859642 0.631949
vt 0.863568 0.630976
vt 0.850251 0.632727
vt 0.836832 0.633196
vt 0.821406 0.633286
vt 0.806295 0.632983
vt 0.784226 0.829756
vt 0.792310 0.830271
vt 0.781881 0.829173
vt 0.785670 0.828613
vt 0.795049 0.828161
vt 0.808612 0.827888
vt 0.824259 0.827835
vt 0.839565 0.828012
vt 0.852192 0.828391
vt 0.860189 0.828912
vt 0.861280 0.829204
vt 0.858430 0.830052
vt 0.862367 0.829496
vt 0.849008 0.830497
vt 0.835543 0.830766
vt 0.820062 0.830817
vt 0.804897 0.830644
vt 0.781325 0.838926
vt 0.788709 0.842187
vt 0.778947 0.838478
vt 0.781961 0.840925
vt 0.789947 0.845912
vt 0.801703 0.852686
vt 0.815410 0.860200
vt 0.828951 0.867297
vt 0.840257 0.872878
vt 0.847570 0.876093
vt 0.848690 0.876279
vt 0.846654 0.873947
vt 0.849809 0.876463
vt 0.838623 0.868942
vt 0.826941 0.862219
vt 0.813379 0.854785
vt 0.799964 0.847757
vt 0.769767 0.846712
vt 0.775369 0.851974
vt 0.767282 0.846359
vt 0.768325 0.851005
vt 0.772750 0.859973
vt 0.779902 0.871908
vt 0.788672 0.884958
vt 0.797711 0.897117
vt 0.805624 0.906508
vt 0.811194 0.911696
vt 0.812392 0.911798
vt 0.812446 0.907132
vt 0.813587 0.911902
vt 0.807975 0.898139
vt 0.800867 0.886295
vt 0.792183 0.873384
vt 0.783240 0.861339
vt 0.729689 0.855509
vt 0.732285 0.861780
vt 0.726997 0.855220
vt 0.724626 0.860986
vt 0.722931 0.871972
vt 0.722191 0.886520
vt 0.722514 0.902368
vt 0.723850 0.917076
vt 0.726003 0.928377
vt 0.728626 0.934547
vt 0.729976 0.934603
vt 0.733672 0.928756
vt 0.731314 0.934661
vt 0.735327 0.917743
vt 0.736051 0.903309
vt 0.735724 0.887635
vt 0.734409 0.873060
vt 0.652524 0.549888
vt 0.654258 0.568837
vt 0.653793 0.548558
vt 0.654898 0.589544
vt 0.656839 0.586034
vt 0.658180 0.578977
vt 0.658704 0.570277
vt 0.658442 0.561908
vt 0.657596 0.555228
vt 0.656408 0.550853
vt 0.655104 0.548774
vt 0.654451 0.548665
vt 0.651309 0.552980
vt 0.650298 0.558317
vt 0.649756 0.565909
vt 0.649948 0.574779
vt 0.651010 0.583022
vt 0.652788 0.588451
vt 0.667908 0.596839
vt 0.663797 0.602519
vt 0.660347 0.600764
vt 0.658292 0.594317
vt 0.658092 0.580677
vt 0.659662 0.565518
vt 0.662500 0.551898
vt 0.665920 0.541697
vt 0.669320 0.535392
vt 0.672320 0.532626
vt 0.673539 0.532936
vt 0.674748 0.533242
vt 0.676437 0.537656
vt 0.677142 0.546207
vt 0.676660 0.558458
vt 0.674858 0.573043
vt 0.671803 0.587635
vn -0.592880 0.331618 -0.733841
vn -0.563342 0.018650 -0.826013
vn -0.202318 0.020183 -0.979112
vn -0.228153 0.465576 -0.855093
vn 0.190045 0.020706 -0.981557
vn 0.186319 0.462269 -0.866944
vn 0.553298 0.019733 -0.832750
vn 0.556666 0.324036 -0.764934
vn 0.831187 0.014939 -0.555792
vn 0.822381 0.122355 -0.555625
vn 0.981027 0.004550 -0.193817
vn 0.957919 -0.097555 -0.269952
vn 0.980387 -0.010673 0.196794
vn 0.949940 -0.309242 0.044531
vn 0.830971 -0.027507 0.555635
vn 0.802341 -0.492062 0.337821
vn 0.557371 -0.041665 0.829217
vn 0.537838 -0.626182 0.564469
vn 0.265615 -0.048227 0.962872
vn 0.261291 -0.684613 0.680465
vn 0.008699 -0.052051 0.998607
vn 0.007680 -0.713560 0.700552
vn -0.241948 -0.684756 0.687438
vn -0.249699 -0.047504 0.967158
vn -0.544284 -0.040330 0.837931
vn -0.521203 -0.620691 0.585739
vn -0.823302 -0.025819 0.567016
vn -0.792415 -0.484280 0.370880
vn -0.977960 -0.009368 0.208581
vn -0.949829 -0.300701 0.086049
vn -0.983163 0.004885 -0.182667
vn -0.970291 -0.089127 -0.224927
vn -0.837416 0.014241 -0.546381
vn -0.848132 0.130347 -0.513500
vn -0.562558 -0.014977 -0.826622
vn -0.202028 -0.014851 -0.979267
vn 0.189594 -0.014871 -0.981750
vn 0.552581 -0.014900 -0.833326
vn 0.830834 -0.012100 -0.556389
vn 0.981037 -0.003810 -0.193781
vn 0.980191 0.009917 0.197805
vn 0.829993 0.026034 0.557166
vn 0.555612 0.040061 0.830476
vn 0.263647 0.046789 0.963484
vn 0.006471 0.050552 0.998700
vn -0.251130 0.046274 0.966847
vn -0.545176 0.039153 0.837407
vn -0.823766 0.024750 0.566389
vn -0.978135 0.008643 0.207793
vn -0.982974 -0.004733 -0.183684
vn -0.836787 -0.012534 -0.547385
vn -0.598883 -0.499420 -0.626035
vn -0.215320 -0.633515 -0.743166
vn 0.215618 -0.627493 -0.748172
vn 0.597744 -0.485249 -0.638150
vn 0.864546 -0.280997 -0.416655
vn 0.990698 -0.064774 -0.119677
vn 0.969419 0.139511 0.201901
vn 0.809544 0.313001 0.496657
vn 0.536811 0.438649 0.720708
vn 0.256077 0.496394 0.829468
vn 0.003501 0.511539 0.859253
vn -0.248175 0.492858 0.833967
vn -0.530413 0.430947 0.730031
vn -0.806038 0.300528 0.509887
vn -0.968265 0.123543 0.217257
vn -0.991211 -0.082275 -0.103591
vn -0.866025 -0.298105 -0.401414
vn -0.562267 -0.786424 -0.255720
vn -0.190544 -0.937045 -0.292641
vn 0.207779 -0.930996 -0.300125
vn 0.576961 -0.768789 -0.275824
vn 0.854492 -0.479238 -0.200438
vn 0.989988 -0.121303 -0.072172
vn 0.967292 0.239022 0.084936
vn 0.801293 0.548966 0.237836
vn 0.524768 0.772364 0.357873
vn 0.244472 0.874610 0.418677
vn -0.005345 0.900608 0.434599
vn -0.253756 0.868313 0.426193
vn -0.533753 0.758760 0.373350
vn -0.808809 0.526937 0.261085
vn -0.970994 0.210635 0.113151
vn -0.987526 -0.151667 -0.042299
vn -0.845235 -0.505647 -0.172913
vn -0.547231 -0.834762 -0.060909
vn -0.182751 -0.980251 -0.075559
vn 0.208382 -0.974488 -0.083369
vn 0.569395 -0.817874 -0.082897
vn 0.844225 -0.531624 -0.068266
vn 0.986398 -0.160448 -0.035703
vn 0.972408 0.233021 0.011131
vn 0.809113 0.584361 0.062121
vn 0.528514 0.842306 0.105796
vn 0.240609 0.961953 0.129433
vn -0.011572 0.989835 0.141745
vn -0.262716 0.954856 0.138673
vn -0.548630 0.826557 0.125730
vn -0.823864 0.559218 0.092321
vn -0.978340 0.201490 0.047467
vn -0.981248 -0.192746 0.001488
vn -0.828965 -0.558140 -0.036001
vn -0.544164 -0.834845 0.083187
vn -0.179317 -0.980286 0.082973
vn 0.211813 -0.974446 0.074769
vn 0.572416 -0.817794 0.059605
vn 0.846353 -0.531555 0.033699
vn 0.987042 -0.160391 -0.004727
vn 0.971133 0.233025 -0.050997
vn 0.805876 0.584367 -0.095289
vn 0.523746 0.842289 -0.127433
vn 0.235082 0.961958 -0.139185
vn -0.017521 0.989821 -0.141233
vn -0.268190 0.954861 -0.127728
vn -0.553304 0.826571 -0.103127
vn -0.826923 0.559270 -0.058448
vn -0.979450 0.201553 -0.007321
vn -0.980476 -0.192793 0.038711
vn -0.826736 -0.558233 0.069886
vn 0.175620 0.637521 -0.750149
vn -0.192075 0.641671 -0.742540
vn 0.519281 0.486634 -0.702520
vn 0.781801 0.218725 -0.583906
vn 0.911233 -0.109289 -0.397127
vn 0.884136 -0.431839 -0.178377
vn 0.718710 -0.694934 0.022871
vn 0.460138 -0.871247 0.170886
vn 0.209591 -0.947464 0.241626
vn -0.004971 -0.963627 0.267206
vn -0.474708 -0.859144 0.191111
vn -0.223122 -0.941941 0.250925
vn -0.734942 -0.675968 0.054097
vn -0.901999 -0.408360 -0.140141
vn -0.929893 -0.085469 -0.357761
vn -0.800244 0.238308 -0.550290
vn -0.536689 0.499015 -0.680403
vn 0.175556 0.688127 -0.704032
vn -0.176403 0.691349 -0.700656
vn 0.500145 0.556707 -0.663274
vn 0.746738 0.317199 -0.584608
vn 0.877457 0.006615 -0.479610
vn 0.871916 -0.326276 -0.365111
vn 0.732469 -0.629661 -0.258876
vn 0.482111 -0.858033 -0.177052
vn 0.216825 -0.966858 -0.134807
vn -0.016064 -0.990082 -0.139573
vn -0.245507 -0.960398 -0.131765
vn -0.508025 -0.844384 -0.170076
vn -0.753183 -0.609290 -0.247955
vn -0.885728 -0.303202 -0.351503
vn -0.885018 0.027458 -0.464746
vn -0.750312 0.332862 -0.571169
vn -0.501594 0.566390 -0.653915
vn 0.031766 -0.084763 -0.995895
vn -0.067731 -0.082526 -0.994285
vn 0.122116 -0.124829 -0.984635
vn 0.187025 -0.195210 -0.962764
vn 0.217281 -0.282263 -0.934407
vn 0.209709 -0.370766 -0.904740
vn 0.169694 -0.447484 -0.878044
vn 0.104066 -0.503190 -0.857887
vn 0.033295 -0.519353 -0.853911
vn -0.021453 -0.495468 -0.868361
vn -0.075957 -0.518489 -0.851704
vn -0.146681 -0.500629 -0.853144
vn -0.213158 -0.442052 -0.871294
vn -0.252787 -0.363267 -0.896736
vn -0.258639 -0.274409 -0.926178
vn -0.226446 -0.187827 -0.955742
vn -0.159212 -0.119117 -0.980032
vn -0.020185 -0.335506 -0.941822
vn -0.172929 0.981873 0.077593
vn -0.510438 0.857455 0.064983
vn -0.515606 0.828084 0.220060
vn -0.177353 0.960957 0.212387
vn 0.178106 0.981118 0.075404
vn 0.176820 0.958274 0.224601
vn 0.545593 0.835861 0.060540
vn 0.556197 0.799609 0.226430
vn 0.847867 0.528553 0.041869
vn 0.858727 0.456889 0.232035
vn 0.988976 0.146004 0.024676
vn 0.971879 0.056256 0.228664
vn 0.967546 -0.252610 0.006481
vn 0.915825 -0.335072 0.221341
vn 0.799578 -0.600481 -0.009889
vn 0.729581 -0.646820 0.222114
vn 0.508440 -0.860787 -0.023139
vn 0.452995 -0.863062 0.223426
vn 0.229355 -0.972924 -0.028538
vn 0.210138 -0.952721 0.219466
vn 0.011245 -0.974802 0.222790
vn -0.008763 -0.999433 -0.032523
vn -0.550456 -0.834401 -0.027796
vn -0.249073 -0.967916 -0.033172
vn -0.203144 -0.957064 0.206788
vn -0.485861 -0.851510 0.197154
vn -0.821938 -0.569324 -0.016984
vn -0.758771 -0.623214 0.189395
vn -0.976077 -0.217420 -0.001454
vn -0.935736 -0.292813 0.196620
vn -0.981391 0.191210 0.017633
vn -0.971570 0.114183 0.207399
vn -0.810219 0.584639 0.041747
vn -0.818407 0.533428 0.213689
vn -0.174808 0.967032 0.185180
vn -0.533266 0.827044 0.177833
vn 0.201263 0.963530 0.176360
vn 0.571305 0.806022 0.154724
vn 0.856269 0.505320 0.107024
vn 0.991121 0.131126 0.022039
vn 0.965285 -0.245534 -0.089096
vn 0.795762 -0.570887 -0.202115
vn 0.508472 -0.810827 -0.289855
vn 0.226547 -0.917368 -0.327281
vn -0.022829 -0.941490 -0.336266
vn -0.554253 -0.788062 -0.267882
vn -0.268476 -0.908767 -0.319473
vn -0.822013 -0.543241 -0.170835
vn -0.974441 -0.217217 -0.057292
vn -0.984742 0.165717 0.053113
vn -0.830354 0.540441 0.135780
vn -0.189461 0.617525 0.763392
vn -0.582042 0.498227 0.642649
vn 0.255647 0.612520 0.747973
vn 0.634426 0.485727 0.601309
vn 0.886074 0.289716 0.361853
vn 0.995662 0.062959 0.068511
vn 0.958076 -0.163574 -0.235232
vn 0.784002 -0.360845 -0.505105
vn 0.502245 -0.504391 -0.702381
vn 0.219933 -0.568470 -0.792762
vn -0.032059 -0.588568 -0.807812
vn -0.555873 -0.494127 -0.668464
vn -0.281074 -0.565514 -0.775365
vn -0.822015 -0.345206 -0.452907
vn -0.974394 -0.144934 -0.171904
vn -0.987577 0.081845 0.134137
vn -0.854195 0.306494 0.420015
vn -0.160564 0.015770 0.986899
vn -0.526748 0.015415 0.849882
vn 0.230129 0.016343 0.973023
vn 0.586275 0.016622 0.809941
vn 0.853178 0.013529 0.521444
vn 0.988343 0.004333 0.152180
vn 0.970941 -0.010651 -0.239081
vn 0.805594 -0.027929 -0.591809
vn 0.519989 -0.042653 -0.853108
vn 0.223196 -0.049574 -0.973512
vn -0.034548 -0.053083 -0.997992
vn -0.578749 -0.040775 -0.814486
vn -0.290327 -0.048474 -0.955699
vn -0.846261 -0.025542 -0.532156
vn -0.985877 -0.008776 -0.167239
vn -0.974403 0.004920 0.224753
vn -0.812812 0.012804 0.582386
vn -0.160726 -0.014866 0.986887
vn -0.527241 -0.014969 0.849584
vn 0.230436 -0.014892 0.972974
vn 0.586699 -0.014902 0.809668
vn 0.853339 -0.012099 0.521215
vn 0.988311 -0.003835 0.152401
vn 0.971086 0.009888 -0.238525
vn 0.805998 0.026033 -0.591345
vn 0.520296 0.040065 -0.853046
vn 0.223028 0.046777 -0.973689
vn -0.035046 0.050504 -0.998109
vn -0.579699 0.039150 -0.813890
vn -0.291158 0.046247 -0.955557
vn -0.846788 0.024757 -0.531354
vn -0.985952 0.008645 -0.166803
vn -0.974450 -0.004730 0.224556
vn -0.813179 -0.012527 0.581878
vn -0.184012 -0.633630 0.751434
vn -0.572070 -0.499396 0.650646
vn 0.246851 -0.627723 0.738260
vn 0.623911 -0.485371 0.612495
vn 0.881209 -0.281079 0.380086
vn 0.994829 -0.064862 0.078150
vn 0.960112 0.139517 -0.242322
vn 0.787983 0.313095 -0.530145
vn 0.506145 0.438655 -0.742563
vn 0.221193 0.496378 -0.839454
vn -0.032100 0.511526 -0.858668
vn -0.560574 0.430938 -0.707141
vn -0.282877 0.492829 -0.822861
vn -0.826660 0.300576 -0.475697
vn -0.976510 0.123573 -0.176515
vn -0.986025 -0.082203 0.144906
vn -0.848459 -0.298066 0.437350
vn -0.178179 -0.937039 0.300351
vn -0.551071 -0.786430 0.279013
vn 0.220185 -0.930988 0.291171
vn 0.587942 -0.768824 0.251464
vn 0.862125 -0.479235 0.164541
vn 0.992145 -0.121264 0.030729
vn 0.962877 0.239098 -0.125297
vn 0.790576 0.549051 -0.271170
vn 0.509362 0.772336 -0.379536
vn 0.226785 0.874582 -0.428573
vn -0.023425 0.900639 -0.433937
vn -0.548942 0.758749 -0.350660
vn -0.271370 0.868309 -0.415209
vn -0.818975 0.527006 -0.227037
vn -0.974851 0.210744 -0.072473
vn -0.984896 -0.151657 0.083549
vn -0.837225 -0.505701 0.208135
vn -0.000028 -0.000016 1.000000
vn 0.000027 -0.000096 1.000000
vn -0.000112 0.000192 1.000000
vn -0.000019 -0.000250 1.000000
vn 0.000145 -0.000200 1.000000
vn 0.000264 -0.000110 1.000000
vn 0.000202 -0.000006 1.000000
vn 0.000247 -0.000211 1.000000
vn 0.000014 -0.000021 1.000000
vn 0.000167 0.000249 1.000000
vn 0.000036 -0.000066 1.000000
vn -0.000888 -0.000001 1.000000
vn -0.000431 -0.000069 1.000000
vn -0.000033 0.000445 1.000000
vn 0.000157 -0.000004 1.000000
vn -0.000065 -0.000380 1.000000
vn -0.000180 -0.000185 1.000000
vn -0.000054 -0.000244 1.000000
vn -0.347119 0.443507 0.826323
vn -0.116121 0.540854 0.833062
vn 0.127869 0.525321 0.841242
vn 0.366771 0.384909 0.846950
vn 0.550692 0.166922 0.817848
vn 0.629749 -0.099372 0.770416
vn 0.588875 -0.368308 0.719427
vn 0.457651 -0.577571 0.675994
vn 0.290109 -0.704844 0.647327
vn 0.145264 -0.758469 0.635314
vn 0.025772 -0.777347 0.628544
vn -0.110316 -0.763582 0.636218
vn -0.285639 -0.702786 0.651538
vn -0.480903 -0.551397 0.681685
vn -0.611081 -0.320783 0.723656
vn -0.634337 -0.046318 0.771668
vn -0.538770 0.222943 0.812418
s 1
g chains1 chain_piece10
usemtl StingrayPBS9SG
f 1301/1301/1369 1317/1318/1370 1318/1319/1371 1302/1302/1372
f 1302/1302/1372 1318/1319/1371 1319/1320/1373 1303/1303/1374
f 1303/1303/1374 1319/1320/1373 1320/1321/1375 1304/1304/1376
f 1304/1304/1376 1320/1321/1375 1321/1322/1377 1305/1305/1378
f 1305/1305/1378 1321/1322/1377 1322/1323/1379 1306/1306/1380
f 1306/1306/1380 1322/1323/1379 1323/1324/1381 1307/1307/1382
f 1307/1307/1382 1323/1324/1381 1324/1325/1383 1308/1308/1384
f 1308/1308/1384 1324/1325/1383 1325/1326/1385 1309/1309/1386
f 1309/1309/1386 1325/1326/1385 1326/1327/1387 1310/1310/1388
f 1310/1310/1388 1326/1327/1387 1621/1328/1389 1622/1311/1390
f 1311/1312/1391 1327/1329/1392 1328/1330/1393 1312/1313/1394
f 1312/1313/1394 1328/1330/1393 1329/1331/1395 1313/1314/1396
f 1313/1314/1396 1329/1331/1395 1330/1332/1397 1314/1315/1398
f 1314/1315/1398 1330/1332/1397 1331/1333/1399 1315/1316/1400
f 1315/1316/1400 1331/1333/1399 1332/1334/1401 1316/1317/1402
f 1316/1317/1402 1332/1334/1401 1317/1318/1370 1301/1301/1369
f 1317/1318/1370 1333/1335/1403 1334/1336/1404 1318/1319/1371
f 1318/1319/1371 1334/1336/1404 1335/1337/1405 1319/1320/1373
f 1319/1320/1373 1335/1337/1405 1336/1338/1406 1320/1321/1375
f 1320/1321/1375 1336/1338/1406 1337/1339/1407 1321/1322/1377
f 1321/1322/1377 1337/1339/1407 1338/1340/1408 1322/1323/1379
f 1322/1323/1379 1338/1340/1408 1339/1341/1409 1323/1324/1381
f 1323/1324/1381 1339/1341/1409 1340/1342/1410 1324/1325/1383
f 1324/1325/1383 1340/1342/1410 1341/1343/1411 1325/1326/1385
f 1325/1326/1385 1341/1343/1411 1342/1344/1412 1326/1327/1387
f 1326/1327/1387 1342/1344/1412 1620/1345/1413 1621/1328/1389
f 1327/1329/1392 1343/1346/1414 1344/1347/1415 1328/1330/1393
f 1328/1330/1393 1344/1347/1415 1345/1348/1416 1329/1331/1395
f 1329/1331/1395 1345/1348/1416 1346/1349/1417 1330/1332/1397
f 1330/1332/1397 1346/1349/1417 1347/1350/1418 1331/1333/1399
f 1331/1333/1399 1347/1350/1418 1348/1351/1419 1332/1334/1401
f 1332/1334/1401 1348/1351/1419 1333/1335/1403 1317/1318/1370
f 1333/1335/1403 1349/1352/1420 1350/1353/1421 1334/1336/1404
f 1334/1336/1404 1350/1353/1421 1351/1354/1422 1335/1337/1405
f 1335/1337/1405 1351/1354/1422 1352/1355/1423 1336/1338/1406
f 1336/1338/1406 1352/1355/1423 1353/1356/1424 1337/1339/1407
f 1337/1339/1407 1353/1356/1424 1354/1357/1425 1338/1340/1408
f 1338/1340/1408 1354/1357/1425 1355/1358/1426 1339/1341/1409
f 1339/1341/1409 1355/1358/1426 1356/1359/1427 1340/1342/1410
f 1340/1342/1410 1356/1359/1427 1357/1360/1428 1341/1343/1411
f 1341/1343/1411 1357/1360/1428 1358/1361/1429 1342/1344/1412
f 1342/1344/1412 1358/1361/1429 1619/1362/1430 1620/1345/1413
f 1343/1346/1414 1359/1363/1431 1360/1364/1432 1344/1347/1415
f 1344/1347/1415 1360/1364/1432 1361/1365/1433 1345/1348/1416
f 1345/1348/1416 1361/1365/1433 1362/1366/1434 1346/1349/1417
f 1346/1349/1417 1362/1366/1434 1363/1367/1435 1347/1350/1418
f 1347/1350/1418 1363/1367/1435 1364/1368/1436 1348/1351/1419
f 1348/1351/1419 1364/1368/1436 1349/1352/1420 1333/1335/1403
f 1349/1352/1420 1365/1369/1437 1366/1370/1438 1350/1353/1421
f 1350/1353/1421 1366/1370/1438 1367/1371/1439 1351/1354/1422
f 1351/1354/1422 1367/1371/1439 1368/1372/1440 1352/1355/1423
f 1352/1355/1423 1368/1372/1440 1369/1373/1441 1353/1356/1424
f 1353/1356/1424 1369/1373/1441 1370/1374/1442 1354/1357/1425
f 1354/1357/1425 1370/1374/1442 1371/1375/1443 1355/1358/1426
f 1355/1358/1426 1371/1375/1443 1372/1376/1444 1356/1359/1427
f 1356/1359/1427 1372/1376/1444 1373/1377/1445 1357/1360/1428
f 1357/1360/1428 1373/1377/1445 1374/1378/1446 1358/1361/1429
f 1358/1361/1429 1374/1378/1446 1618/1379/1447 1619/1362/1430
f 1359/1363/1431 1375/1380/1448 1376/1381/1449 1360/1364/1432
f 1360/1364/1432 1376/1381/1449 1377/1382/1450 1361/1365/1433
f 1361/1365/1433 1377/1382/1450 1378/1383/1451 1362/1366/1434
f 1362/1366/1434 1378/1383/1451 1379/1384/1452 1363/1367/1435
f 1363/1367/1435 1379/1384/1452 1380/1385/1453 1364/1368/1436
f 1364/1368/1436 1380/1385/1453 1365/1369/1437 1349/1352/1420
f 1366/1370/1438 1365/1369/1437 1381/1386/1454 1382/1387/1455
f 1367/1371/1439 1366/1370/1438 1382/1387/1455 1383/1388/1456
f 1368/1372/1440 1367/1371/1439 1383/1388/1456 1384/1389/1457
f 1369/1373/1441 1368/1372/1440 1384/1389/1457 1385/1390/1458
f 1370/1374/1442 1369/1373/1441 1385/1390/1458 1386/1391/1459
f 1371/1375/1443 1370/1374/1442 1386/1391/1459 1387/1392/1460
f 1372/1376/1444 1371/1375/1443 1387/1392/1460 1388/1393/1461
f 1373/1377/1445 1372/1376/1444 1388/1393/1461 1389/1394/1462
f 1374/1378/1446 1373/1377/1445 1389/1394/1462 1390/1395/1463
f 1617/1396/1464 1618/1379/1447 1374/1378/1446 1390/1395/1463
f 1376/1381/1449 1375/1380/1448 1391/1397/1465 1392/1398/1466
f 1377/1382/1450 1376/1381/1449 1392/1398/1466 1393/1399/1467
f 1378/1383/1451 1377/1382/1450 1393/1399/1467 1394/1400/1468
f 1379/1384/1452 1378/1383/1451 1394/1400/1468 1395/1401/1469
f 1380/1385/1453 1379/1384/1452 1395/1401/1469 1396/1402/1470
f 1365/1369/1437 1380/1385/1453 1396/1402/1470 1381/1386/1454
f 1382/1387/1455 1381/1386/1454 1558/1575/1471 1559/1574/1472
f 1383/1388/1456 1382/1387/1455 1559/1574/1472 1560/1576/1473
f 1384/1389/1457 1383/1388/1456 1560/1576/1473 1561/1577/1474
f 1385/1390/1458 1384/1389/1457 1561/1577/1474 1562/1578/1475
f 1386/1391/1459 1385/1390/1458 1562/1578/1475 1563/1579/1476
f 1387/1392/1460 1386/1391/1459 1563/1579/1476 1564/1580/1477
f 1388/1393/1461 1387/1392/1460 1564/1580/1477 1565/1581/1478
f 1389/1394/1462 1388/1393/1461 1565/1581/1478 1566/1582/1479
f 1390/1395/1463 1389/1394/1462 1566/1582/1479 1567/1583/1480
f 1616/1584/1481 1617/1396/1464 1390/1395/1463 1567/1583/1480
f 1392/1398/1466 1391/1397/1465 1568/1586/1482 1569/1585/1483
f 1393/1399/1467 1392/1398/1466 1569/1585/1483 1570/1587/1484
f 1394/1400/1468 1393/1399/1467 1570/1587/1484 1571/1588/1485
f 1395/1401/1469 1394/1400/1468 1571/1588/1485 1572/1589/1486
f 1396/1402/1470 1395/1401/1469 1572/1589/1486 1573/1590/1487
f 1381/1386/1454 1396/1402/1470 1573/1590/1487 1558/1575/1471
f 1303/1303/1374 1399/1403/1488 1398/1404/1489 1302/1302/1372
f 1304/1304/1376 1400/1405/1490 1399/1403/1488 1303/1303/1374
f 1305/1305/1378 1401/1406/1491 1400/1405/1490 1304/1304/1376
f 1306/1306/1380 1402/1407/1492 1401/1406/1491 1305/1305/1378
f 1307/1307/1382 1403/1408/1493 1402/1407/1492 1306/1306/1380
f 1308/1308/1384 1404/1409/1494 1403/1408/1493 1307/1307/1382
f 1309/1309/1386 1405/1410/1495 1404/1409/1494 1308/1308/1384
f 1310/1310/1388 1406/1411/1496 1405/1410/1495 1309/1309/1386
f 1622/1311/1390 1623/1412/1497 1406/1411/1496 1310/1310/1388
f 1312/1313/1394 1408/1414/1498 1407/1413/1499 1311/1312/1391
f 1313/1314/1396 1409/1415/1500 1408/1414/1498 1312/1313/1394
f 1314/1315/1398 1410/1416/1501 1409/1415/1500 1313/1314/1396
f 1315/1316/1400 1411/1417/1502 1410/1416/1501 1314/1315/1398
f 1316/1317/1402 1412/1418/1503 1411/1417/1502 1315/1316/1400
f 1301/1301/1369 1413/1419/1504 1412/1418/1503 1316/1317/1402
f 1302/1302/1372 1398/1404/1489 1413/1419/1504 1301/1301/1369
f 1399/1403/1488 1415/1420/1505 1414/1421/1506 1398/1404/1489
f 1400/1405/1490 1416/1422/1507 1415/1420/1505 1399/1403/1488
f 1401/1406/1491 1417/1423/1508 1416/1422/1507 1400/1405/1490
f 1402/1407/1492 1418/1424/1509 1417/1423/1508 1401/1406/1491
f 1403/1408/1493 1419/1425/1510 1418/1424/1509 1402/1407/1492
f 1404/1409/1494 1420/1426/1511 1419/1425/1510 1403/1408/1493
f 1405/1410/1495 1421/1427/1512 1420/1426/1511 1404/1409/1494
f 1406/1411/1496 1422/1428/1513 1421/1427/1512 1405/1410/1495
f 1422/1428/1513 1406/1411/1496 1623/1412/1497 1624/1429/1514
f 1423/1430/1515 1407/1413/1499 1408/1414/1498 1424/1431/1516
f 1424/1431/1516 1408/1414/1498 1409/1415/1500 1425/1432/1517
f 1425/1432/1517 1409/1415/1500 1410/1416/1501 1426/1433/1518
f 1426/1433/1518 1410/1416/1501 1411/1417/1502 1427/1434/1519
f 1427/1434/1519 1411/1417/1502 1412/1418/1503 1428/1435/1520
f 1428/1435/1520 1412/1418/1503 1413/1419/1504 1429/1436/1521
f 1398/1404/1489 1414/1421/1506 1429/1436/1521 1413/1419/1504
f 1415/1420/1505 1431/1437/1522 1430/1438/1523 1414/1421/1506
f 1416/1422/1507 1432/1439/1524 1431/1437/1522 1415/1420/1505
f 1417/1423/1508 1433/1440/1525 1432/1439/1524 1416/1422/1507
f 1418/1424/1509 1434/1441/1526 1433/1440/1525 1417/1423/1508
f 1419/1425/1510 1435/1442/1527 1434/1441/1526 1418/1424/1509
f 1420/1426/1511 1436/1443/1528 1435/1442/1527 1419/1425/1510
f 1421/1427/1512 1437/1444/1529 1436/1443/1528 1420/1426/1511
f 1422/1428/1513 1438/1445/1530 1437/1444/1529 1421/1427/1512
f 1438/1445/1530 1422/1428/1513 1624/1429/1514 1625/1446/1531
f 1439/1447/1532 1423/1430/1515 1424/1431/1516 1440/1448/1533
f 1440/1448/1533 1424/1431/1516 1425/1432/1517 1441/1449/1534
f 1441/1449/1534 1425/1432/1517 1426/1433/1518 1442/1450/1535
f 1442/1450/1535 1426/1433/1518 1427/1434/1519 1443/1451/1536
f 1443/1451/1536 1427/1434/1519 1428/1435/1520 1444/1452/1537
f 1444/1452/1537 1428/1435/1520 1429/1436/1521 1445/1453/1538
f 1414/1421/1506 1430/1438/1523 1445/1453/1538 1429/1436/1521
f 1431/1437/1522 1397/1454/1539 1430/1438/1523
f 1432/1439/1524 1397/1454/1539 1431/1437/1522
f 1433/1440/1525 1397/1454/1539 1432/1439/1524
f 1434/1441/1526 1397/1454/1539 1433/1440/1525
f 1435/1442/1527 1397/1454/1539 1434/1441/1526
f 1436/1443/1528 1397/1454/1539 1435/1442/1527
f 1437/1444/1529 1397/1454/1539 1436/1443/1528
f 1438/1445/1530 1397/1454/1539 1437/1444/1529
f 1397/1454/1539 1438/1445/1530 1625/1446/1531 1439/1447/1532
f 1397/1454/1539 1439/1447/1532 1440/1448/1533
f 1397/1454/1539 1440/1448/1533 1441/1449/1534
f 1397/1454/1539 1441/1449/1534 1442/1450/1535
f 1397/1454/1539 1442/1450/1535 1443/1451/1536
f 1397/1454/1539 1443/1451/1536 1444/1452/1537
f 1397/1454/1539 1444/1452/1537 1445/1453/1538
f 1430/1438/1523 1397/1454/1539 1445/1453/1538
f 1447/1455/1540 1446/1456/1541 1591/1609/1542 1592/1610/1543
f 1448/1457/1544 1447/1455/1540 1592/1610/1543 1593/1611/1545
f 1449/1458/1546 1448/1457/1544 1593/1611/1545 1594/1612/1547
f 1450/1459/1548 1449/1458/1546 1594/1612/1547 1595/1613/1549
f 1451/1460/1550 1450/1459/1548 1595/1613/1549 1596/1614/1551
f 1452/1461/1552 1451/1460/1550 1596/1614/1551 1597/1615/1553
f 1453/1462/1554 1452/1461/1552 1597/1615/1553 1598/1616/1555
f 1454/1463/1556 1453/1462/1554 1598/1616/1555 1599/1617/1557
f 1455/1464/1558 1454/1463/1556 1599/1617/1557 1600/1618/1559
f 1608/1619/1560 1609/1465/1561 1455/1464/1558 1600/1618/1559
f 1457/1466/1562 1456/1467/1563 1601/1620/1564 1602/1621/1565
f 1458/1468/1566 1457/1466/1562 1602/1621/1565 1603/1622/1567
f 1459/1469/1568 1458/1468/1566 1603/1622/1567 1604/1623/1569
f 1460/1470/1570 1459/1469/1568 1604/1623/1569 1605/1624/1571
f 1461/1471/1572 1460/1470/1570 1605/1624/1571 1606/1625/1573
f 1591/1609/1542 1446/1456/1541 1461/1471/1572 1606/1625/1573
f 1447/1455/1540 1463/1472/1574 1462/1473/1575 1446/1456/1541
f 1448/1457/1544 1464/1474/1576 1463/1472/1574 1447/1455/1540
f 1449/1458/1546 1465/1475/1577 1464/1474/1576 1448/1457/1544
f 1450/1459/1548 1466/1476/1578 1465/1475/1577 1449/1458/1546
f 1451/1460/1550 1467/1477/1579 1466/1476/1578 1450/1459/1548
f 1452/1461/1552 1468/1478/1580 1467/1477/1579 1451/1460/1550
f 1453/1462/1554 1469/1479/1581 1468/1478/1580 1452/1461/1552
f 1454/1463/1556 1470/1480/1582 1469/1479/1581 1453/1462/1554
f 1455/1464/1558 1471/1481/1583 1470/1480/1582 1454/1463/1556
f 1609/1465/1561 1610/1482/1584 1471/1481/1583 1455/1464/1558
f 1457/1466/1562 1473/1483/1585 1472/1484/1586 1456/1467/1563
f 1458/1468/1566 1474/1485/1587 1473/1483/1585 1457/1466/1562
f 1459/1469/1568 1475/1486/1588 1474/1485/1587 1458/1468/1566
f 1460/1470/1570 1476/1487/1589 1475/1486/1588 1459/1469/1568
f 1461/1471/1572 1477/1488/1590 1476/1487/1589 1460/1470/1570
f 1446/1456/1541 1462/1473/1575 1477/1488/1590 1461/1471/1572
f 1463/1472/1574 1479/1489/1591 1478/1490/1592 1462/1473/1575
f 1464/1474/1576 1480/1491/1593 1479/1489/1591 1463/1472/1574
f 1465/1475/1577 1481/1492/1594 1480/1491/1593 1464/1474/1576
f 1466/1476/1578 1482/1493/1595 1481/1492/1594 1465/1475/1577
f 1467/1477/1579 1483/1494/1596 1482/1493/1595 1466/1476/1578
f 1468/1478/1580 1484/1495/1597 1483/1494/1596 1467/1477/1579
f 1469/1479/1581 1485/1496/1598 1484/1495/1597 1468/1478/1580
f 1470/1480/1582 1486/1497/1599 1485/1496/1598 1469/1479/1581
f 1471/1481/1583 1487/1498/1600 1486/1497/1599 1470/1480/1582
f 1610/1482/1584 1611/1499/1601 1487/1498/1600 1471/1481/1583
f 1473/1483/1585 1489/1500/1602 1488/1501/1603 1472/1484/1586
f 1474/1485/1587 1490/1502/1604 1489/1500/1602 1473/1483/1585
f 1475/1486/1588 1491/1503/1605 1490/1502/1604 1474/1485/1587
f 1476/1487/1589 1492/1504/1606 1491/1503/1605 1475/1486/1588
f 1477/1488/1590 1493/1505/1607 1492/1504/1606 1476/1487/1589
f 1462/1473/1575 1478/1490/1592 1493/1505/1607 1477/1488/1590
f 1478/1490/1592 1479/1489/1591 1495/1506/1608 1494/1507/1609
f 1479/1489/1591 1480/1491/1593 1496/1508/1610 1495/1506/1608
f 1480/1491/1593 1481/1492/1594 1497/1509/1611 1496/1508/1610
f 1481/1492/1594 1482/1493/1595 1498/1510/1612 1497/1509/1611
f 1482/1493/1595 1483/1494/1596 1499/1511/1613 1498/1510/1612
f 1483/1494/1596 1484/1495/1597 1500/1512/1614 1499/1511/1613
f 1484/1495/1597 1485/1496/1598 1501/1513/1615 1500/1512/1614
f 1485/1496/1598 1486/1497/1599 1502/1514/1616 1501/1513/1615
f 1486/1497/1599 1487/1498/1600 1503/1515/1617 1502/1514/1616
f 1487/1498/1600 1611/1499/1601 1612/1516/1618 1503/1515/1617
f 1488/1501/1603 1489/1500/1602 1505/1517/1619 1504/1518/1620
f 1489/1500/1602 1490/1502/1604 1506/1519/1621 1505/1517/1619
f 1490/1502/1604 1491/1503/1605 1507/1520/1622 1506/1519/1621
f 1491/1503/1605 1492/1504/1606 1508/1521/1623 1507/1520/1622
f 1492/1504/1606 1493/1505/1607 1509/1522/1624 1508/1521/1623
f 1493/1505/1607 1478/1490/1592 1494/1507/1609 1509/1522/1624
f 1494/1507/1609 1495/1506/1608 1511/1523/1625 1510/1524/1626
f 1495/1506/1608 1496/1508/1610 1512/1525/1627 1511/1523/1625
f 1496/1508/1610 1497/1509/1611 1513/1526/1628 1512/1525/1627
f 1497/1509/1611 1498/1510/1612 1514/1527/1629 1513/1526/1628
f 1498/1510/1612 1499/1511/1613 1515/1528/1630 1514/1527/1629
f 1499/1511/1613 1500/1512/1614 1516/1529/1631 1515/1528/1630
f 1500/1512/1614 1501/1513/1615 1517/1530/1632 1516/1529/1631
f 1501/1513/1615 1502/1514/1616 1518/1531/1633 1517/1530/1632
f 1502/1514/1616 1503/1515/1617 1519/1532/1634 1518/1531/1633
f 1503/1515/1617 1612/1516/1618 1613/1533/1635 1519/1532/1634
f 1504/1518/1620 1505/1517/1619 1521/1534/1636 1520/1535/1637
f 1505/1517/1619 1506/1519/1621 1522/1536/1638 1521/1534/1636
f 1506/1519/1621 1507/1520/1622 1523/1537/1639 1522/1536/1638
f 1507/1520/1622 1508/1521/1623 1524/1538/1640 1523/1537/1639
f 1508/1521/1623 1509/1522/1624 1525/1539/1641 1524/1538/1640
f 1509/1522/1624 1494/1507/1609 1510/1524/1626 1525/1539/1641
f 1510/1524/1626 1511/1523/1625 1527/1540/1642 1526/1541/1643
f 1511/1523/1625 1512/1525/1627 1528/1542/1644 1527/1540/1642
f 1512/1525/1627 1513/1526/1628 1529/1543/1645 1528/1542/1644
f 1513/1526/1628 1514/1527/1629 1530/1544/1646 1529/1543/1645
f 1514/1527/1629 1515/1528/1630 1531/1545/1647 1530/1544/1646
f 1515/1528/1630 1516/1529/1631 1532/1546/1648 1531/1545/1647
f 1516/1529/1631 1517/1530/1632 1533/1547/1649 1532/1546/1648
f 1517/1530/1632 1518/1531/1633 1534/1548/1650 1533/1547/1649
f 1518/1531/1633 1519/1532/1634 1535/1549/1651 1534/1548/1650
f 1519/1532/1634 1613/1533/1635 1614/1550/1652 1535/1549/1651
f 1520/1535/1637 1521/1534/1636 1537/1551/1653 1536/1552/1654
f 1521/1534/1636 1522/1536/1638 1538/1553/1655 1537/1551/1653
f 1522/1536/1638 1523/1537/1639 1539/1554/1656 1538/1553/1655
f 1523/1537/1639 1524/1538/1640 1540/1555/1657 1539/1554/1656
f 1524/1538/1640 1525/1539/1641 1541/1556/1658 1540/1555/1657
f 1525/1539/1641 1510/1524/1626 1526/1541/1643 1541/1556/1658
f 1526/1541/1643 1527/1540/1642 1543/1557/1659 1542/1558/1660
f 1527/1540/1642 1528/1542/1644 1544/1559/1661 1543/1557/1659
f 1528/1542/1644 1529/1543/1645 1545/1560/1662 1544/1559/1661
f 1529/1543/1645 1530/1544/1646 1546/1561/1663 1545/1560/1662
f 1530/1544/1646 1531/1545/1647 1547/1562/1664 1546/1561/1663
f 1531/1545/1647 1532/1546/1648 1548/1563/1665 1547/1562/1664
f 1532/1546/1648 1533/1547/1649 1549/1564/1666 1548/1563/1665
f 1533/1547/1649 1534/1548/1650 1550/1565/1667 1549/1564/1666
f 1534/1548/1650 1535/1549/1651 1551/1566/1668 1550/1565/1667
f 1535/1549/1651 1614/1550/1652 1615/1567/1669 1551/1566/1668
f 1536/1552/1654 1537/1551/1653 1553/1568/1670 1552/1569/1671
f 1537/1551/1653 1538/1553/1655 1554/1570/1672 1553/1568/1670
f 1538/1553/1655 1539/1554/1656 1555/1571/1673 1554/1570/1672
f 1539/1554/1656 1540/1555/1657 1556/1572/1674 1555/1571/1673
f 1540/1555/1657 1541/1556/1658 1557/1573/1675 1556/1572/1674
f 1541/1556/1658 1526/1541/1643 1542/1558/1660 1557/1573/1675
f 1543/1557/1659 1559/1574/1472 1558/1575/1471 1542/1558/1660
f 1544/1559/1661 1560/1576/1473 1559/1574/1472 1543/1557/1659
f 1545/1560/1662 1561/1577/1474 1560/1576/1473 1544/1559/1661
f 1546/1561/1663 1562/1578/1475 1561/1577/1474 1545/1560/1662
f 1547/1562/1664 1563/1579/1476 1562/1578/1475 1546/1561/1663
f 1548/1563/1665 1564/1580/1477 1563/1579/1476 1547/1562/1664
f 1549/1564/1666 1565/1581/1478 1564/1580/1477 1548/1563/1665
f 1550/1565/1667 1566/1582/1479 1565/1581/1478 1549/1564/1666
f 1551/1566/1668 1567/1583/1480 1566/1582/1479 1550/1565/1667
f 1615/1567/1669 1616/1584/1481 1567/1583/1480 1551/1566/1668
f 1553/1568/1670 1569/1585/1483 1568/1586/1482 1552/1569/1671
f 1554/1570/1672 1570/1587/1484 1569/1585/1483 1553/1568/1670
f 1555/1571/1673 1571/1588/1485 1570/1587/1484 1554/1570/1672
f 1556/1572/1674 1572/1589/1486 1571/1588/1485 1555/1571/1673
f 1557/1573/1675 1573/1590/1487 1572/1589/1486 1556/1572/1674
f 1542/1558/1660 1558/1575/1471 1573/1590/1487 1557/1573/1675
s 4
f 1582/1591/1676 1590/1592/1677 1583/1593/1678
f 1575/1594/1679 1574/1595/1680 1590/1592/1677
f 1590/1592/1677 1574/1595/1680 1589/1596/1681
f 1590/1592/1677 1589/1596/1681 1588/1597/1682
f 1590/1592/1677 1588/1597/1682 1587/1598/1683
f 1590/1592/1677 1587/1598/1683 1586/1599/1684
f 1590/1592/1677 1586/1599/1684 1585/1600/1685
f 1590/1592/1677 1585/1600/1685 1584/1601/1686
f 1590/1592/1677 1584/1601/1686 1607/1602/1687 1583/1593/1678
f 1581/1603/1688 1590/1592/1677 1582/1591/1676
f 1580/1604/1689 1590/1592/1677 1581/1603/1688
f 1579/1605/1690 1590/1592/1677 1580/1604/1689
f 1578/1606/1691 1590/1592/1677 1579/1605/1690
f 1577/1607/1692 1590/1592/1677 1578/1606/1691
f 1576/1608/1693 1590/1592/1677 1577/1607/1692
f 1575/1594/1679 1590/1592/1677 1576/1608/1693
s 1
f 1592/1610/1543 1591/1609/1542 1574/1595/1694 1575/1594/1695
f 1593/1611/1545 1592/1610/1543 1575/1594/1695 1576/1608/1696
f 1594/1612/1547 1593/1611/1545 1576/1608/1696 1577/1607/1697
f 1595/1613/1549 1594/1612/1547 1577/1607/1697 1578/1606/1698
f 1596/1614/1551 1595/1613/1549 1578/1606/1698 1579/1605/1699
f 1597/1615/1553 1596/1614/1551 1579/1605/1699 1580/1604/1700
f 1598/1616/1555 1597/1615/1553 1580/1604/1700 1581/1603/1701
f 1599/1617/1557 1598/1616/1555 1581/1603/1701 1582/1591/1702
f 1600/1618/1559 1599/1617/1557 1582/1591/1702 1583/1593/1703
f 1607/1602/1704 1608/1619/1560 1600/1618/1559 1583/1593/1703
f 1602/1621/1565 1601/1620/1564 1584/1601/1705 1585/1600/1706
f 1603/1622/1567 1602/1621/1565 1585/1600/1706 1586/1599/1707
f 1604/1623/1569 1603/1622/1567 1586/1599/1707 1587/1598/1708
f 1605/1624/1571 1604/1623/1569 1587/1598/1708 1588/1597/1709
f 1606/1625/1573 1605/1624/1571 1588/1597/1709 1589/1596/1710
f 1574/1595/1694 1591/1609/1542 1606/1625/1573 1589/1596/1710
f 1584/1601/1705 1601/1620/1564 1608/1619/1560 1607/1602/1704
f 1601/1620/1564 1456/1467/1563 1609/1465/1561 1608/1619/1560
f 1456/1467/1563 1472/1484/1586 1610/1482/1584 1609/1465/1561
f 1472/1484/1586 1488/1501/1603 1611/1499/1601 1610/1482/1584
f 1612/1516/1618 1611/1499/1601 1488/1501/1603 1504/1518/1620
f 1613/1533/1635 1612/1516/1618 1504/1518/1620 1520/1535/1637
f 1614/1550/1652 1613/1533/1635 1520/1535/1637 1536/1552/1654
f 1615/1567/1669 1614/1550/1652 1536/1552/1654 1552/1569/1671
f 1552/1569/1671 1568/1586/1482 1616/1584/1481 1615/1567/1669
f 1568/1586/1482 1391/1397/1465 1617/1396/1464 1616/1584/1481
f 1391/1397/1465 1375/1380/1448 1618/1379/1447 1617/1396/1464
f 1619/1362/1430 1618/1379/1447 1375/1380/1448 1359/1363/1431
f 1620/1345/1413 1619/1362/1430 1359/1363/1431 1343/1346/1414
f 1621/1328/1389 1620/1345/1413 1343/1346/1414 1327/1329/1392
f 1622/1311/1390 1621/1328/1389 1327/1329/1392 1311/1312/1391
f 1311/1312/1391 1407/1413/1499 1623/1412/1497 1622/1311/1390
f 1624/1429/1514 1623/1412/1497 1407/1413/1499 1423/1430/1515
f 1625/1446/1531 1624/1429/1514 1423/1430/1515 1439/1447/1532
g default
v -4421.073089 664.446367 861.795624
v -4420.723744 664.600783 862.658055
v -4420.691832 664.589770 863.601191
v -4420.982176 664.414937 864.480904
v -4421.551691 664.102970 865.162392
v -4422.312839 663.701014 865.544293
v -4423.150029 663.270884 865.565514
v -4423.935292 662.877730 865.225493
v -4424.549982 662.581076 864.574148
v -4424.899970 662.426700 863.711557
v -4424.932123 662.437672 862.768743
v -4424.641217 662.612626 861.888547
v -4424.072345 662.924553 861.206577
v -4423.310876 663.326388 860.825641
v -4422.473364 663.756599 860.803616
v -4421.688422 664.149833 861.144360
v -4421.313676 665.104745 861.842247
v -4420.947772 665.104745 862.711671
v -4420.941663 665.104745 863.655530
v -4421.296313 665.104745 864.528973
v -4421.957384 665.104745 865.199208
v -4422.824879 665.104745 865.564951
v -4423.766327 665.104745 865.569613
v -4424.637680 665.104745 865.213034
v -4425.308075 665.104745 864.549230
v -4425.673980 665.104745 863.679162
v -4425.680089 665.104745 862.735786
v -4425.325438 665.104745 861.862021
v -4424.664367 665.104745 861.191786
v -4423.797194 665.104745 860.826204
v -4422.855746 665.104745 860.821541
v -4421.984071 665.104745 861.177960
v -4421.313676 677.019296 861.842247
v -4420.947772 677.019296 862.711671
v -4420.941663 677.019296 863.655530
v -4421.296313 677.019296 864.528973
v -4421.957384 677.019296 865.199208
v -4422.824879 677.019296 865.564951
v -4423.766327 677.019296 865.569613
v -4424.637680 677.019296 865.213034
v -4425.308075 677.019296 864.549230
v -4425.673980 677.019296 863.679162
v -4425.680089 677.019296 862.735786
v -4425.325438 677.019296 861.862021
v -4424.664367 677.019296 861.191786
v -4423.797194 677.019296 860.826204
v -4422.855746 677.019296 860.821541
v -4421.984071 677.019296 861.177960
v -4421.099857 677.733098 861.837102
v -4420.776074 677.567509 862.707973
v -4420.768357 677.574341 863.651832
v -4421.077350 677.752229 864.524311
v -4421.657073 678.074083 865.192777
v -4422.418784 678.491352 865.556109
v -4423.246087 678.939971 865.558520
v -4424.013264 679.351934 865.199851
v -4424.604241 679.664464 864.534117
v -4424.928024 679.829973 863.663246
v -4424.935741 679.823542 862.720191
v -4424.626748 679.645654 861.847070
v -4424.047346 679.323640 861.178603
v -4423.285957 678.906612 860.815593
v -4422.458332 678.457913 860.813021
v -4421.690834 678.045789 861.171530
v -4420.292167 678.316921 861.820061
v -4420.077383 678.030918 862.693022
v -4420.065165 678.042412 863.636881
v -4420.257441 678.349717 864.506787
v -4420.625275 678.906612 865.170591
v -4421.112718 679.628452 865.528779
v -4421.645498 680.404311 865.524438
v -4422.141944 681.116827 865.159820
v -4422.527140 681.657645 864.489907
v -4422.742567 681.944211 863.616463
v -4422.755107 681.932555 862.673569
v -4422.562187 681.625009 861.803180
v -4422.194032 681.068115 861.138894
v -4421.706910 680.346676 860.781511
v -4421.174131 679.570496 860.785851
v -4420.677685 678.857578 861.150308
v -4417.672641 678.895760 861.764436
v -4417.644989 678.548746 862.641094
v -4417.625376 678.562733 863.584632
v -4417.616694 678.935228 864.450358
v -4417.620553 679.610125 865.107089
v -4417.636629 680.485256 865.454505
v -4417.662030 681.425900 865.439393
v -4417.693219 682.289697 865.065450
v -4417.725051 682.945222 864.388463
v -4417.752703 683.292638 863.510679
v -4417.772638 683.278732 862.567303
v -4417.780997 682.906156 861.701576
v -4417.776817 682.231018 861.045167
v -4417.761062 681.356208 860.697912
v -4417.735661 680.415403 860.712542
v -4417.704794 679.551285 861.086806
v -4419.206994 662.016022 863.101207
v -4420.217973 663.835013 862.848161
v -4420.208649 663.827055 863.414219
v -4420.272634 663.616129 863.935102
v -4420.400282 663.234309 864.331713
v -4420.571981 662.739792 864.543924
v -4420.762006 662.207816 864.538619
v -4420.940457 661.719408 864.317405
v -4421.081288 661.348521 863.913238
v -4421.162636 661.152305 863.388336
v -4421.171639 661.160102 862.822278
v -4421.107654 661.371028 862.301395
v -4420.980006 661.752848 861.904945
v -4420.808629 662.247365 861.693377
v -4420.618924 662.779341 861.698522
v -4420.439509 663.267990 861.919575
v -4420.299000 663.638717 862.323259
v -4419.051051 662.910285 862.927258
v -4419.044942 662.904899 863.305220
v -4419.087706 662.764309 863.651993
v -4419.172590 662.509896 863.916453
v -4419.287378 662.180084 864.058088
v -4419.413740 661.825434 864.054712
v -4419.533029 661.499882 863.907129
v -4419.626916 661.252623 863.637685
v -4419.680934 661.121760 863.287857
v -4419.687364 661.126985 862.910539
v -4419.644279 661.267736 862.563123
v -4419.559394 661.522148 862.298823
v -4419.444929 661.851799 862.157670
v -4419.318566 662.206450 862.161046
v -4419.198956 662.532243 862.308630
v -4419.105390 662.779421 862.577913
v -4419.049765 662.463194 863.011178
v -4419.046550 662.460380 863.199757
v -4419.067771 662.390286 863.373063
v -4419.110213 662.262959 863.505535
v -4419.167446 662.098174 863.576433
v -4419.230788 661.920688 863.574503
v -4419.290593 661.757832 863.500872
v -4419.337215 661.634283 863.366150
v -4419.364224 661.568851 863.191076
v -4419.367439 661.571423 863.002336
v -4419.345897 661.641758 862.828869
v -4419.303454 661.768924 862.696719
v -4419.246543 661.933871 862.626143
v -4419.183201 662.111357 862.627590
v -4419.123396 662.274052 862.701703
v -4419.076452 662.397601 862.836104
v -4414.413828 663.151193 861.640646
v -4414.395500 663.479317 862.517304
v -4414.376530 663.465973 863.460359
v -4414.358846 663.182422 864.326568
v -4414.345341 662.544220 864.982334
v -4414.337946 661.717278 865.329268
v -4414.338589 660.827758 865.313995
v -4414.345984 659.912757 864.939409
v -4414.360132 659.293123 864.261136
v -4414.378138 658.964839 863.384156
v -4414.397108 658.977981 862.440619
v -4414.415435 659.330502 861.574892
v -4414.428618 660.067133 860.918966
v -4414.435692 660.893914 860.572032
v -4414.435049 661.783353 860.587305
v -4414.427332 662.600287 860.962533
v -4411.113054 663.472324 861.631482
v -4411.212087 663.799564 862.510391
v -4411.187972 663.786300 863.454090
v -4411.045211 663.434946 864.316601
v -4410.805026 662.798713 864.968186
v -4410.504072 661.974303 865.309493
v -4410.188327 661.087677 865.287790
v -4409.906021 660.273557 864.906935
v -4409.699919 659.655651 864.224160
v -4409.601208 659.328492 863.344608
v -4409.625323 659.341434 862.401392
v -4409.768405 659.693271 861.538238
v -4410.008268 660.329262 860.886973
v -4410.308901 661.153591 860.546309
v -4410.624646 662.040218 860.568013
v -4410.907595 662.854499 860.948868
v -4410.055614 664.070334 861.609457
v -4410.347244 664.229131 862.492466
v -4410.323290 664.209236 863.435441
v -4409.987771 664.013664 864.294897
v -4409.391890 663.672478 864.938686
v -4408.625357 663.236962 865.270909
v -4407.806333 662.774317 865.238435
v -4407.058448 662.354395 864.848496
v -4406.496409 662.041102 864.158728
v -4406.204779 661.882466 863.275719
v -4406.228492 661.902320 862.332745
v -4406.563931 662.097892 861.473127
v -4407.160052 662.439199 860.828856
v -4407.926023 662.874434 860.497919
v -4408.745690 663.337240 860.529590
v -4409.493254 663.757202 860.920172
v -4409.828853 665.104745 861.605116
v -4410.157781 665.104745 862.489492
v -4410.124342 665.104745 863.432386
v -4409.733680 665.104745 864.290235
v -4409.045278 665.104745 864.932657
v -4408.163314 665.104745 865.261424
v -4407.222510 665.104745 865.226699
v -4406.366912 665.104745 864.834268
v -4405.724811 665.104745 864.142973
v -4405.395883 665.104745 863.258276
v -4405.429001 665.104745 862.315382
v -4405.819663 665.104745 861.457211
v -4406.508065 665.104745 860.815432
v -4407.390029 665.104745 860.486344
v -4408.330833 665.104745 860.520908
v -4409.187074 665.104745 860.913500
v -4409.828853 677.019296 861.605116
v -4410.157781 677.019296 862.489492
v -4410.124342 677.019296 863.432386
v -4409.733680 677.019296 864.290235
v -4409.045278 677.019296 864.932657
v -4408.163314 677.019296 865.261424
v -4407.222510 677.019296 865.226699
v -4406.366912 677.019296 864.834268
v -4405.724811 677.019296 864.142973
v -4405.395883 677.019296 863.258276
v -4405.429001 677.019296 862.315382
v -4405.819663 677.019296 861.457211
v -4406.508065 677.019296 860.815432
v -4407.390029 677.019296 860.486344
v -4408.330833 677.019296 860.520908
v -4409.187074 677.019296 860.913500
v -4410.042672 677.733098 861.609296
v -4410.329801 677.567509 862.492868
v -4410.297969 677.574341 863.436244
v -4409.952322 677.752229 864.295058
v -4409.345590 678.074083 864.938605
v -4408.569089 678.491352 865.269945
v -4407.742428 678.939971 865.237952
v -4406.991328 679.351934 864.847129
v -4406.428646 679.664464 864.157121
v -4406.141518 679.829973 863.273388
v -4406.172706 679.823542 862.330976
v -4406.518354 679.645654 861.471841
v -4407.125407 679.323640 860.827651
v -4407.901587 678.906612 860.497115
v -4408.728247 678.457913 860.528947
v -4409.480312 678.045789 860.919448
v -4410.850362 678.316921 861.626016
v -4411.028491 678.030918 862.507015
v -4411.001483 678.042412 863.450713
v -4410.772873 678.349717 864.311778
v -4410.377388 678.906612 864.959987
v -4409.875476 679.628452 865.297114
v -4409.343661 680.404311 865.270427
v -4408.862648 681.116827 864.885392
v -4408.505747 681.657645 864.199724
v -4408.327296 681.944211 863.318403
v -4408.353983 681.932635 862.375669
v -4408.583236 681.624929 861.514123
v -4408.978721 681.068034 860.865913
v -4409.480312 680.346595 860.529268
v -4410.012448 679.570496 860.555634
v -4410.493461 678.857578 860.940669
v -4413.470210 678.895760 861.679712
v -4413.460885 678.548746 862.557014
v -4413.441272 678.562733 863.500390
v -4413.413299 678.935228 864.365634
v -4413.382110 679.610125 865.021882
v -4413.351564 680.485256 865.368173
v -4413.327128 681.425900 865.352096
v -4413.311694 682.289697 864.977189
v -4413.307836 682.945222 864.299238
v -4413.316839 683.292638 863.421293
v -4413.336774 683.278571 862.477917
v -4413.364104 682.906156 861.612833
v -4413.395936 682.231018 860.957067
v -4413.426160 681.356208 860.610294
v -4413.450918 680.415403 860.626210
v -4413.466030 679.551285 861.001600
v -4418.179698 662.263120 862.058960
v -4418.179698 662.515925 862.627912
v -4418.179698 662.494382 863.259241
v -4418.179698 662.205244 863.803113
v -4418.179698 661.732350 864.141526
v -4418.179376 661.203429 864.225607
v -4418.179698 660.734876 864.086062
v -4418.179698 660.391157 863.801988
v -4418.179376 660.177660 863.451678
v -4418.179698 660.068660 863.076771
v -4418.179376 660.051940 862.686430
v -4418.179698 660.147757 862.290142
v -4418.179376 660.385289 861.923112
v -4418.179698 660.770164 861.649327
v -4418.179698 661.270549 861.546437
v -4418.179698 661.807991 861.678104
v -4418.179376 661.281160 862.880315
v -4417.605762 662.883839 861.499975
v -4417.659458 663.293632 862.457982
v -4417.656243 663.260193 863.512287
v -4417.596438 662.935927 864.432995
v -4417.492904 662.158381 865.034422
v -4417.366220 661.261466 865.227181
v -4417.239537 660.428616 865.038281
v -4417.131823 659.779200 864.572541
v -4417.054655 659.350839 863.948767
v -4417.015107 659.129061 863.247826
v -4417.015428 659.108403 862.510391
v -4417.057228 659.318766 861.780995
v -4417.138897 659.787882 861.140019
v -4417.251433 660.498228 860.697751
v -4417.380689 661.374565 860.568656
v -4417.506730 662.279438 860.834724
v -4418.179376 660.060220 862.881601
v -4417.015107 659.118772 862.879028
v -4414.387462 658.971269 862.912468
v -4409.613105 659.335003 862.873080
v -4406.216435 661.892433 862.804111
v -4405.412282 665.104745 862.786749
v -4405.412282 677.019296 862.786749
v -4406.156951 679.826838 862.802182
v -4408.340800 681.938343 862.847197
v -4413.326485 683.285564 862.949605
v -4417.762670 683.285645 863.038991
v -4422.748998 681.938343 863.145097
v -4424.931882 679.826838 863.191880
v -4425.677195 677.019296 863.207474
v -4425.677195 665.104745 863.207474
v -4424.915725 662.432327 863.240110
v -4421.167138 661.156164 863.105387
v -4419.683827 661.124412 863.099278
v -4419.365832 661.570217 863.096706
vt 0.613054 0.617329
vt 0.615722 0.618042
vt 0.612587 0.616932
vt 0.604095 0.614156
vt 0.591507 0.610138
vt 0.576758 0.605483
vt 0.562135 0.600924
vt 0.549898 0.597158
vt 0.541913 0.594760
vt 0.539389 0.594097
vt 0.541035 0.594679
vt 0.542674 0.595255
vt 0.551247 0.598051
vt 0.563765 0.602052
vt 0.578362 0.606655
vt 0.592834 0.611167
vt 0.605001 0.614914
vt 0.606260 0.633624
vt 0.609199 0.632650
vt 0.606036 0.631640
vt 0.597219 0.630751
vt 0.584083 0.630120
vt 0.568623 0.629843
vt 0.553236 0.629966
vt 0.540313 0.630469
vt 0.531807 0.631274
vt 0.529025 0.632255
vt 0.530688 0.632758
vt 0.532351 0.633261
vt 0.541242 0.634141
vt 0.554325 0.634762
vt 0.569625 0.635032
vt 0.584847 0.634911
vt 0.597704 0.634418
vt 0.604160 0.831011
vt 0.607105 0.830454
vt 0.603926 0.829876
vt 0.595073 0.829367
vt 0.581889 0.829006
vt 0.566372 0.828848
vt 0.550932 0.828918
vt 0.537964 0.829206
vt 0.529433 0.829666
vt 0.526646 0.830227
vt 0.528318 0.830516
vt 0.529989 0.830803
vt 0.538916 0.831307
vt 0.552048 0.831662
vt 0.567403 0.831816
vt 0.582678 0.831747
vt 0.595577 0.831465
vt 0.607531 0.842867
vt 0.609820 0.839578
vt 0.606673 0.839134
vt 0.598542 0.841617
vt 0.586638 0.846663
vt 0.572782 0.853509
vt 0.559122 0.861092
vt 0.547771 0.868245
vt 0.540457 0.873864
vt 0.538303 0.877094
vt 0.539951 0.877278
vt 0.541597 0.877460
vt 0.549804 0.874918
vt 0.561665 0.869869
vt 0.575377 0.863086
vt 0.588892 0.855585
vt 0.600177 0.848489
vt 0.620636 0.852533
vt 0.621190 0.847260
vt 0.618138 0.846911
vt 0.611925 0.851572
vt 0.603483 0.860564
vt 0.594095 0.872523
vt 0.585228 0.885591
vt 0.578243 0.897760
vt 0.574213 0.907154
vt 0.573745 0.912340
vt 0.575317 0.912440
vt 0.576885 0.912541
vt 0.583155 0.907771
vt 0.591572 0.898771
vt 0.600860 0.886915
vt 0.609633 0.873984
vt 0.616570 0.861917
vt 0.663405 0.862020
vt 0.660988 0.855755
vt 0.658141 0.855466
vt 0.655307 0.861228
vt 0.652913 0.872205
vt 0.651332 0.886741
vt 0.650810 0.902573
vt 0.651422 0.917267
vt 0.653085 0.928558
vt 0.655535 0.934721
vt 0.656964 0.934779
vt 0.658381 0.934837
vt 0.661205 0.928935
vt 0.663570 0.917932
vt 0.665123 0.903511
vt 0.665637 0.887852
vt 0.665035 0.873290
vt 0.636534 0.602570
vt 0.638299 0.603346
vt 0.633758 0.598488
vt 0.630390 0.591715
vt 0.626950 0.583287
vt 0.623961 0.574496
vt 0.621890 0.566695
vt 0.621050 0.561072
vt 0.621555 0.558487
vt 0.622451 0.558902
vt 0.623342 0.559317
vt 0.626123 0.563428
vt 0.629472 0.570186
vt 0.632887 0.578563
vt 0.635855 0.587296
vt 0.637932 0.595072
vt 0.638789 0.600709
vt 0.638484 0.595320
vt 0.639662 0.595846
vt 0.636636 0.592596
vt 0.634397 0.588085
vt 0.632101 0.582468
vt 0.630116 0.576615
vt 0.628730 0.571418
vt 0.628165 0.567666
vt 0.628498 0.565936
vt 0.629092 0.566211
vt 0.629678 0.566484
vt 0.631532 0.569224
vt 0.633765 0.573729
vt 0.636045 0.579320
vt 0.638022 0.585148
vt 0.639411 0.590336
vt 0.639983 0.594093
vt 0.638891 0.588085
vt 0.639476 0.588353
vt 0.637970 0.586726
vt 0.636851 0.584468
vt 0.635704 0.581665
vt 0.634711 0.578738
vt 0.634015 0.576140
vt 0.633735 0.574265
vt 0.633900 0.573398
vt 0.634196 0.573534
vt 0.634488 0.573668
vt 0.635413 0.575035
vt 0.636529 0.577288
vt 0.637668 0.580088
vt 0.638661 0.583008
vt 0.639355 0.585601
vt 0.639642 0.587478
vt 0.636690 0.580876
vt 0.733673 0.609174
vt 0.736196 0.604419
vt 0.730994 0.607875
vt 0.728569 0.601905
vt 0.726790 0.589908
vt 0.725923 0.574925
vt 0.726098 0.559276
vt 0.727309 0.543651
vt 0.729336 0.533643
vt 0.731876 0.529037
vt 0.733215 0.529768
vt 0.736930 0.537778
vt 0.734550 0.530502
vt 0.738671 0.551452
vt 0.739525 0.566284
vt 0.739361 0.581762
vt 0.738188 0.595571
vt 0.768585 0.609915
vt 0.772944 0.605473
vt 0.766063 0.608631
vt 0.765768 0.601791
vt 0.767767 0.590410
vt 0.771753 0.576223
vt 0.777122 0.561432
vt 0.783029 0.548316
vt 0.788575 0.538888
vt 0.792904 0.534585
vt 0.794137 0.535305
vt 0.795593 0.542964
vt 0.795363 0.536024
vt 0.793576 0.554309
vt 0.789620 0.568357
vt 0.784317 0.582988
vt 0.778457 0.596017
vt 0.779401 0.616875
vt 0.787221 0.616086
vt 0.777044 0.615757
vt 0.780539 0.612888
vt 0.789392 0.608703
vt 0.802266 0.603833
vt 0.817168 0.599041
vt 0.831802 0.595061
vt 0.843905 0.592501
vt 0.851636 0.591759
vt 0.852738 0.592347
vt 0.850197 0.595831
vt 0.853835 0.592931
vt 0.841313 0.600007
vt 0.828536 0.604829
vt 0.813791 0.609569
vt 0.799297 0.613520
vt 0.785701 0.631430
vt 0.793753 0.632332
vt 0.783367 0.630413
vt 0.787146 0.629434
vt 0.796495 0.628644
vt 0.810010 0.628165
vt 0.825603 0.628074
vt 0.840854 0.628383
vt 0.853434 0.629045
vt 0.861401 0.629956
vt 0.862486 0.630467
vt 0.859642 0.631949
vt 0.863568 0.630976
vt 0.850251 0.632727
vt 0.836832 0.633196
vt 0.821406 0.633286
vt 0.806295 0.632983
vt 0.784226 0.829756
vt 0.792310 0.830271
vt 0.781881 0.829173
vt 0.785670 0.828613
vt 0.795049 0.828161
vt 0.808612 0.827888
vt 0.824259 0.827835
vt 0.839565 0.828012
vt 0.852192 0.828391
vt 0.860189 0.828912
vt 0.861280 0.829204
vt 0.858430 0.830052
vt 0.862367 0.829496
vt 0.849008 0.830497
vt 0.835543 0.830766
vt 0.820062 0.830817
vt 0.804897 0.830644
vt 0.781325 0.838926
vt 0.788709 0.842187
vt 0.778947 0.838478
vt 0.781961 0.840925
vt 0.789947 0.845912
vt 0.801703 0.852686
vt 0.815410 0.860200
vt 0.828951 0.867297
vt 0.840257 0.872878
vt 0.847570 0.876093
vt 0.848690 0.876279
vt 0.846654 0.873947
vt 0.849809 0.876463
vt 0.838623 0.868942
vt 0.826941 0.862219
vt 0.813379 0.854785
vt 0.799964 0.847757
vt 0.769767 0.846712
vt 0.775369 0.851974
vt 0.767282 0.846359
vt 0.768325 0.851005
vt 0.772750 0.859973
vt 0.779902 0.871908
vt 0.788672 0.884958
vt 0.797711 0.897117
vt 0.805624 0.906508
vt 0.811194 0.911696
vt 0.812392 0.911798
vt 0.812446 0.907132
vt 0.813587 0.911902
vt 0.807975 0.898139
vt 0.800867 0.886295
vt 0.792183 0.873384
vt 0.783240 0.861339
vt 0.729689 0.855509
vt 0.732285 0.861780
vt 0.726997 0.855220
vt 0.724626 0.860986
vt 0.722931 0.871972
vt 0.722191 0.886520
vt 0.722514 0.902368
vt 0.723850 0.917076
vt 0.726003 0.928377
vt 0.728626 0.934547
vt 0.729976 0.934603
vt 0.733672 0.928756
vt 0.731314 0.934661
vt 0.735327 0.917743
vt 0.736051 0.903309
vt 0.735724 0.887635
vt 0.734409 0.873060
vt 0.652524 0.549888
vt 0.654258 0.568837
vt 0.653793 0.548558
vt 0.654898 0.589544
vt 0.656839 0.586034
vt 0.658180 0.578977
vt 0.658704 0.570277
vt 0.658442 0.561908
vt 0.657596 0.555228
vt 0.656408 0.550853
vt 0.655104 0.548774
vt 0.654451 0.548665
vt 0.651309 0.552980
vt 0.650298 0.558317
vt 0.649756 0.565909
vt 0.649948 0.574779
vt 0.651010 0.583022
vt 0.652788 0.588451
vt 0.667908 0.596839
vt 0.663797 0.602519
vt 0.660347 0.600764
vt 0.658292 0.594317
vt 0.658092 0.580677
vt 0.659662 0.565518
vt 0.662500 0.551898
vt 0.665920 0.541697
vt 0.669320 0.535392
vt 0.672320 0.532626
vt 0.673539 0.532936
vt 0.674748 0.533242
vt 0.676437 0.537656
vt 0.677142 0.546207
vt 0.676660 0.558458
vt 0.674858 0.573043
vt 0.671803 0.587635
vn 0.733841 0.331618 -0.592880
vn 0.826013 0.018650 -0.563342
vn 0.979112 0.020183 -0.202318
vn 0.855093 0.465576 -0.228153
vn 0.981557 0.020706 0.190045
vn 0.866944 0.462269 0.186319
vn 0.832750 0.019733 0.553298
vn 0.764934 0.324036 0.556666
vn 0.555792 0.014939 0.831187
vn 0.555625 0.122355 0.822381
vn 0.193817 0.004550 0.981027
vn 0.269952 -0.097555 0.957919
vn -0.196794 -0.010673 0.980387
vn -0.044531 -0.309242 0.949940
vn -0.555635 -0.027507 0.830971
vn -0.337821 -0.492062 0.802341
vn -0.829217 -0.041665 0.557371
vn -0.564469 -0.626182 0.537838
vn -0.962872 -0.048227 0.265615
vn -0.680465 -0.684613 0.261291
vn -0.998607 -0.052051 0.008699
vn -0.700552 -0.713560 0.007680
vn -0.687438 -0.684756 -0.241948
vn -0.967158 -0.047504 -0.249699
vn -0.837931 -0.040330 -0.544284
vn -0.585739 -0.620691 -0.521203
vn -0.567016 -0.025819 -0.823302
vn -0.370880 -0.484280 -0.792415
vn -0.208581 -0.009368 -0.977960
vn -0.086049 -0.300701 -0.949829
vn 0.182667 0.004885 -0.983163
vn 0.224927 -0.089127 -0.970291
vn 0.546381 0.014241 -0.837416
vn 0.513500 0.130347 -0.848132
vn 0.826622 -0.014977 -0.562558
vn 0.979267 -0.014851 -0.202028
vn 0.981750 -0.014871 0.189594
vn 0.833326 -0.014900 0.552581
vn 0.556389 -0.012100 0.830834
vn 0.193781 -0.003810 0.981037
vn -0.197805 0.009917 0.980191
vn -0.557166 0.026034 0.829993
vn -0.830476 0.040061 0.555612
vn -0.963484 0.046789 0.263647
vn -0.998700 0.050552 0.006471
vn -0.966847 0.046274 -0.251130
vn -0.837407 0.039153 -0.545176
vn -0.566389 0.024750 -0.823766
vn -0.207793 0.008643 -0.978135
vn 0.183684 -0.004733 -0.982974
vn 0.547385 -0.012534 -0.836787
vn 0.626035 -0.499420 -0.598883
vn 0.743166 -0.633515 -0.215320
vn 0.748172 -0.627493 0.215618
vn 0.638150 -0.485249 0.597744
vn 0.416655 -0.280997 0.864546
vn 0.119677 -0.064774 0.990698
vn -0.201901 0.139511 0.969419
vn -0.496657 0.313001 0.809544
vn -0.720708 0.438649 0.536811
vn -0.829468 0.496394 0.256077
vn -0.859253 0.511539 0.003501
vn -0.833967 0.492858 -0.248175
vn -0.730031 0.430947 -0.530413
vn -0.509887 0.300528 -0.806038
vn -0.217257 0.123543 -0.968265
vn 0.103591 -0.082275 -0.991211
vn 0.401414 -0.298105 -0.866025
vn 0.255720 -0.786424 -0.562267
vn 0.292641 -0.937045 -0.190544
vn 0.300125 -0.930995 0.207779
vn 0.275824 -0.768789 0.576961
vn 0.200438 -0.479238 0.854492
vn 0.072172 -0.121303 0.989988
vn -0.084936 0.239022 0.967292
vn -0.237836 0.548966 0.801293
vn -0.357873 0.772364 0.524768
vn -0.418677 0.874610 0.244472
vn -0.434600 0.900608 -0.005345
vn -0.426193 0.868313 -0.253756
vn -0.373350 0.758760 -0.533753
vn -0.261085 0.526937 -0.808809
vn -0.113151 0.210635 -0.970994
vn 0.042299 -0.151667 -0.987526
vn 0.172913 -0.505647 -0.845235
vn 0.060909 -0.834762 -0.547231
vn 0.075559 -0.980251 -0.182751
vn 0.083369 -0.974488 0.208382
vn 0.082897 -0.817874 0.569395
vn 0.068266 -0.531624 0.844225
vn 0.035703 -0.160448 0.986398
vn -0.011131 0.233021 0.972408
vn -0.062121 0.584361 0.809113
vn -0.105796 0.842306 0.528514
vn -0.129433 0.961953 0.240609
vn -0.141745 0.989835 -0.011572
vn -0.138673 0.954856 -0.262716
vn -0.125730 0.826557 -0.548630
vn -0.092321 0.559218 -0.823864
vn -0.047467 0.201490 -0.978340
vn -0.001488 -0.192746 -0.981248
vn 0.036001 -0.558140 -0.828965
vn -0.083187 -0.834845 -0.544164
vn -0.082973 -0.980286 -0.179317
vn -0.074769 -0.974446 0.211813
vn -0.059605 -0.817794 0.572416
vn -0.033699 -0.531555 0.846353
vn 0.004727 -0.160391 0.987042
vn 0.050997 0.233025 0.971133
vn 0.095289 0.584367 0.805876
vn 0.127433 0.842289 0.523746
vn 0.139185 0.961958 0.235082
vn 0.141233 0.989821 -0.017521
vn 0.127728 0.954861 -0.268190
vn 0.103127 0.826571 -0.553304
vn 0.058448 0.559269 -0.826923
vn 0.007321 0.201553 -0.979450
vn -0.038711 -0.192793 -0.980475
vn -0.069886 -0.558233 -0.826736
vn 0.750149 0.637521 0.175620
vn 0.742540 0.641671 -0.192075
vn 0.702520 0.486634 0.519281
vn 0.583906 0.218725 0.781801
vn 0.397127 -0.109289 0.911233
vn 0.178377 -0.431839 0.884136
vn -0.022871 -0.694934 0.718710
vn -0.170886 -0.871247 0.460138
vn -0.241626 -0.947464 0.209591
vn -0.267206 -0.963627 -0.004971
vn -0.191111 -0.859144 -0.474708
vn -0.250925 -0.941941 -0.223122
vn -0.054097 -0.675968 -0.734942
vn 0.140141 -0.408360 -0.901999
vn 0.357761 -0.085469 -0.929893
vn 0.550290 0.238308 -0.800244
vn 0.680403 0.499015 -0.536689
vn 0.704032 0.688127 0.175556
vn 0.700656 0.691349 -0.176403
vn 0.663274 0.556707 0.500145
vn 0.584608 0.317199 0.746738
vn 0.479610 0.006615 0.877457
vn 0.365111 -0.326276 0.871916
vn 0.258876 -0.629661 0.732469
vn 0.177052 -0.858033 0.482111
vn 0.134807 -0.966858 0.216825
vn 0.139573 -0.990082 -0.016064
vn 0.131765 -0.960398 -0.245507
vn 0.170076 -0.844384 -0.508025
vn 0.247955 -0.609290 -0.753183
vn 0.351503 -0.303202 -0.885728
vn 0.464746 0.027458 -0.885018
vn 0.571169 0.332862 -0.750312
vn 0.653915 0.566390 -0.501594
vn 0.995895 -0.084763 0.031766
vn 0.994285 -0.082526 -0.067731
vn 0.984635 -0.124829 0.122116
vn 0.962764 -0.195210 0.187025
vn 0.934407 -0.282263 0.217281
vn 0.904740 -0.370766 0.209709
vn 0.878044 -0.447484 0.169694
vn 0.857887 -0.503190 0.104066
vn 0.853911 -0.519353 0.033295
vn 0.868361 -0.495468 -0.021453
vn 0.851704 -0.518489 -0.075957
vn 0.853144 -0.500629 -0.146681
vn 0.871294 -0.442052 -0.213158
vn 0.896736 -0.363267 -0.252787
vn 0.926178 -0.274409 -0.258639
vn 0.955742 -0.187827 -0.226446
vn 0.980032 -0.119117 -0.159212
vn 0.941822 -0.335506 -0.020185
vn -0.077593 0.981873 -0.172929
vn -0.064983 0.857455 -0.510438
vn -0.220060 0.828084 -0.515606
vn -0.212387 0.960957 -0.177353
vn -0.075404 0.981118 0.178106
vn -0.224601 0.958274 0.176820
vn -0.060540 0.835861 0.545593
vn -0.226430 0.799609 0.556197
vn -0.041869 0.528553 0.847867
vn -0.232035 0.456889 0.858727
vn -0.024676 0.146004 0.988976
vn -0.228664 0.056256 0.971879
vn -0.006481 -0.252610 0.967546
vn -0.221341 -0.335072 0.915825
vn 0.009889 -0.600481 0.799578
vn -0.222114 -0.646820 0.729581
vn 0.023139 -0.860787 0.508440
vn -0.223426 -0.863062 0.452995
vn 0.028538 -0.972924 0.229355
vn -0.219466 -0.952721 0.210138
vn -0.222790 -0.974802 0.011245
vn 0.032523 -0.999433 -0.008763
vn 0.027796 -0.834401 -0.550456
vn 0.033172 -0.967916 -0.249073
vn -0.206788 -0.957064 -0.203144
vn -0.197154 -0.851510 -0.485861
vn 0.016984 -0.569324 -0.821938
vn -0.189395 -0.623214 -0.758771
vn 0.001454 -0.217420 -0.976077
vn -0.196620 -0.292813 -0.935736
vn -0.017633 0.191210 -0.981391
vn -0.207399 0.114183 -0.971570
vn -0.041747 0.584639 -0.810219
vn -0.213689 0.533429 -0.818407
vn -0.185180 0.967032 -0.174808
vn -0.177833 0.827044 -0.533266
vn -0.176360 0.963530 0.201263
vn -0.154724 0.806022 0.571305
vn -0.107024 0.505320 0.856269
vn -0.022039 0.131126 0.991121
vn 0.089096 -0.245534 0.965285
vn 0.202115 -0.570887 0.795762
vn 0.289855 -0.810827 0.508472
vn 0.327281 -0.917368 0.226547
vn 0.336266 -0.941490 -0.022829
vn 0.267882 -0.788062 -0.554253
vn 0.319473 -0.908767 -0.268476
vn 0.170835 -0.543241 -0.822013
vn 0.057292 -0.217217 -0.974441
vn -0.053113 0.165717 -0.984742
vn -0.135780 0.540441 -0.830354
vn -0.763392 0.617525 -0.189461
vn -0.642649 0.498227 -0.582042
vn -0.747973 0.612520 0.255647
vn -0.601309 0.485727 0.634426
vn -0.361853 0.289716 0.886074
vn -0.068511 0.062959 0.995662
vn 0.235232 -0.163574 0.958076
vn 0.505105 -0.360845 0.784002
vn 0.702381 -0.504391 0.502245
vn 0.792762 -0.568470 0.219933
vn 0.807812 -0.588568 -0.032059
vn 0.668464 -0.494127 -0.555873
vn 0.775365 -0.565514 -0.281074
vn 0.452907 -0.345206 -0.822015
vn 0.171904 -0.144934 -0.974394
vn -0.134137 0.081845 -0.987577
vn -0.420015 0.306494 -0.854195
vn -0.986899 0.015770 -0.160564
vn -0.849882 0.015415 -0.526748
vn -0.973023 0.016343 0.230129
vn -0.809941 0.016622 0.586275
vn -0.521444 0.013529 0.853178
vn -0.152180 0.004333 0.988343
vn 0.239081 -0.010651 0.970941
vn 0.591809 -0.027929 0.805594
vn 0.853108 -0.042653 0.519989
vn 0.973512 -0.049574 0.223196
vn 0.997992 -0.053083 -0.034548
vn 0.814486 -0.040775 -0.578749
vn 0.955699 -0.048474 -0.290327
vn 0.532156 -0.025542 -0.846261
vn 0.167239 -0.008776 -0.985877
vn -0.224753 0.004920 -0.974403
vn -0.582386 0.012804 -0.812812
vn -0.986887 -0.014866 -0.160726
vn -0.849584 -0.014969 -0.527241
vn -0.972974 -0.014892 0.230436
vn -0.809668 -0.014902 0.586699
vn -0.521215 -0.012099 0.853339
vn -0.152401 -0.003835 0.988311
vn 0.238525 0.009888 0.971086
vn 0.591345 0.026033 0.805998
vn 0.853046 0.040065 0.520296
vn 0.973689 0.046777 0.223028
vn 0.998109 0.050504 -0.035046
vn 0.813890 0.039150 -0.579699
vn 0.955557 0.046247 -0.291158
vn 0.531354 0.024757 -0.846788
vn 0.166803 0.008645 -0.985952
vn -0.224556 -0.004730 -0.974450
vn -0.581878 -0.012527 -0.813179
vn -0.751434 -0.633630 -0.184012
vn -0.650646 -0.499396 -0.572070
vn -0.738260 -0.627723 0.246851
vn -0.612495 -0.485371 0.623911
vn -0.380086 -0.281079 0.881209
vn -0.078150 -0.064862 0.994829
vn 0.242322 0.139517 0.960112
vn 0.530145 0.313095 0.787983
vn 0.742563 0.438655 0.506145
vn 0.839454 0.496378 0.221193
vn 0.858668 0.511526 -0.032100
vn 0.707141 0.430938 -0.560574
vn 0.822861 0.492830 -0.282877
vn 0.475697 0.300576 -0.826660
vn 0.176515 0.123572 -0.976510
vn -0.144906 -0.082203 -0.986025
vn -0.437350 -0.298066 -0.848459
vn -0.300351 -0.937039 -0.178179
vn -0.279013 -0.786430 -0.551071
vn -0.291171 -0.930988 0.220185
vn -0.251464 -0.768824 0.587942
vn -0.164541 -0.479235 0.862125
vn -0.030729 -0.121264 0.992145
vn 0.125297 0.239098 0.962877
vn 0.271170 0.549051 0.790576
vn 0.379536 0.772336 0.509362
vn 0.428573 0.874582 0.226785
vn 0.433937 0.900639 -0.023425
vn 0.350660 0.758749 -0.548942
vn 0.415209 0.868309 -0.271370
vn 0.227037 0.527006 -0.818975
vn 0.072473 0.210744 -0.974851
vn -0.083549 -0.151657 -0.984896
vn -0.208135 -0.505701 -0.837225
vn -1.000000 -0.000016 -0.000028
vn -1.000000 -0.000096 0.000027
vn -1.000000 0.000192 -0.000112
vn -1.000000 -0.000250 -0.000019
vn -1.000000 -0.000200 0.000145
vn -1.000000 -0.000110 0.000264
vn -1.000000 -0.000006 0.000202
vn -1.000000 -0.000211 0.000247
vn -1.000000 -0.000021 0.000014
vn -1.000000 0.000249 0.000167
vn -1.000000 -0.000066 0.000036
vn -1.000000 -0.000001 -0.000888
vn -1.000000 -0.000069 -0.000431
vn -1.000000 0.000445 -0.000033
vn -1.000000 -0.000004 0.000157
vn -1.000000 -0.000380 -0.000065
vn -1.000000 -0.000185 -0.000180
vn -1.000000 -0.000244 -0.000054
vn -0.826323 0.443507 -0.347119
vn -0.833062 0.540854 -0.116121
vn -0.841242 0.525321 0.127869
vn -0.846950 0.384909 0.366771
vn -0.817848 0.166922 0.550692
vn -0.770416 -0.099372 0.629749
vn -0.719427 -0.368308 0.588875
vn -0.675994 -0.577571 0.457651
vn -0.647327 -0.704844 0.290109
vn -0.635314 -0.758469 0.145264
vn -0.628544 -0.777347 0.025772
vn -0.636218 -0.763582 -0.110316
vn -0.651538 -0.702786 -0.285639
vn -0.681685 -0.551397 -0.480903
vn -0.723656 -0.320783 -0.611081
vn -0.771668 -0.046318 -0.634337
vn -0.812418 0.222943 -0.538770
s 1
g chains1 chain_piece11
usemtl StingrayPBS9SG
f 1626/1626/1711 1642/1643/1712 1643/1644/1713 1627/1627/1714
f 1627/1627/1714 1643/1644/1713 1644/1645/1715 1628/1628/1716
f 1628/1628/1716 1644/1645/1715 1645/1646/1717 1629/1629/1718
f 1629/1629/1718 1645/1646/1717 1646/1647/1719 1630/1630/1720
f 1630/1630/1720 1646/1647/1719 1647/1648/1721 1631/1631/1722
f 1631/1631/1722 1647/1648/1721 1648/1649/1723 1632/1632/1724
f 1632/1632/1724 1648/1649/1723 1649/1650/1725 1633/1633/1726
f 1633/1633/1726 1649/1650/1725 1650/1651/1727 1634/1634/1728
f 1634/1634/1728 1650/1651/1727 1651/1652/1729 1635/1635/1730
f 1635/1635/1730 1651/1652/1729 1946/1653/1731 1947/1636/1732
f 1636/1637/1733 1652/1654/1734 1653/1655/1735 1637/1638/1736
f 1637/1638/1736 1653/1655/1735 1654/1656/1737 1638/1639/1738
f 1638/1639/1738 1654/1656/1737 1655/1657/1739 1639/1640/1740
f 1639/1640/1740 1655/1657/1739 1656/1658/1741 1640/1641/1742
f 1640/1641/1742 1656/1658/1741 1657/1659/1743 1641/1642/1744
f 1641/1642/1744 1657/1659/1743 1642/1643/1712 1626/1626/1711
f 1642/1643/1712 1658/1660/1745 1659/1661/1746 1643/1644/1713
f 1643/1644/1713 1659/1661/1746 1660/1662/1747 1644/1645/1715
f 1644/1645/1715 1660/1662/1747 1661/1663/1748 1645/1646/1717
f 1645/1646/1717 1661/1663/1748 1662/1664/1749 1646/1647/1719
f 1646/1647/1719 1662/1664/1749 1663/1665/1750 1647/1648/1721
f 1647/1648/1721 1663/1665/1750 1664/1666/1751 1648/1649/1723
f 1648/1649/1723 1664/1666/1751 1665/1667/1752 1649/1650/1725
f 1649/1650/1725 1665/1667/1752 1666/1668/1753 1650/1651/1727
f 1650/1651/1727 1666/1668/1753 1667/1669/1754 1651/1652/1729
f 1651/1652/1729 1667/1669/1754 1945/1670/1755 1946/1653/1731
f 1652/1654/1734 1668/1671/1756 1669/1672/1757 1653/1655/1735
f 1653/1655/1735 1669/1672/1757 1670/1673/1758 1654/1656/1737
f 1654/1656/1737 1670/1673/1758 1671/1674/1759 1655/1657/1739
f 1655/1657/1739 1671/1674/1759 1672/1675/1760 1656/1658/1741
f 1656/1658/1741 1672/1675/1760 1673/1676/1761 1657/1659/1743
f 1657/1659/1743 1673/1676/1761 1658/1660/1745 1642/1643/1712
f 1658/1660/1745 1674/1677/1762 1675/1678/1763 1659/1661/1746
f 1659/1661/1746 1675/1678/1763 1676/1679/1764 1660/1662/1747
f 1660/1662/1747 1676/1679/1764 1677/1680/1765 1661/1663/1748
f 1661/1663/1748 1677/1680/1765 1678/1681/1766 1662/1664/1749
f 1662/1664/1749 1678/1681/1766 1679/1682/1767 1663/1665/1750
f 1663/1665/1750 1679/1682/1767 1680/1683/1768 1664/1666/1751
f 1664/1666/1751 1680/1683/1768 1681/1684/1769 1665/1667/1752
f 1665/1667/1752 1681/1684/1769 1682/1685/1770 1666/1668/1753
f 1666/1668/1753 1682/1685/1770 1683/1686/1771 1667/1669/1754
f 1667/1669/1754 1683/1686/1771 1944/1687/1772 1945/1670/1755
f 1668/1671/1756 1684/1688/1773 1685/1689/1774 1669/1672/1757
f 1669/1672/1757 1685/1689/1774 1686/1690/1775 1670/1673/1758
f 1670/1673/1758 1686/1690/1775 1687/1691/1776 1671/1674/1759
f 1671/1674/1759 1687/1691/1776 1688/1692/1777 1672/1675/1760
f 1672/1675/1760 1688/1692/1777 1689/1693/1778 1673/1676/1761
f 1673/1676/1761 1689/1693/1778 1674/1677/1762 1658/1660/1745
f 1674/1677/1762 1690/1694/1779 1691/1695/1780 1675/1678/1763
f 1675/1678/1763 1691/1695/1780 1692/1696/1781 1676/1679/1764
f 1676/1679/1764 1692/1696/1781 1693/1697/1782 1677/1680/1765
f 1677/1680/1765 1693/1697/1782 1694/1698/1783 1678/1681/1766
f 1678/1681/1766 1694/1698/1783 1695/1699/1784 1679/1682/1767
f 1679/1682/1767 1695/1699/1784 1696/1700/1785 1680/1683/1768
f 1680/1683/1768 1696/1700/1785 1697/1701/1786 1681/1684/1769
f 1681/1684/1769 1697/1701/1786 1698/1702/1787 1682/1685/1770
f 1682/1685/1770 1698/1702/1787 1699/1703/1788 1683/1686/1771
f 1683/1686/1771 1699/1703/1788 1943/1704/1789 1944/1687/1772
f 1684/1688/1773 1700/1705/1790 1701/1706/1791 1685/1689/1774
f 1685/1689/1774 1701/1706/1791 1702/1707/1792 1686/1690/1775
f 1686/1690/1775 1702/1707/1792 1703/1708/1793 1687/1691/1776
f 1687/1691/1776 1703/1708/1793 1704/1709/1794 1688/1692/1777
f 1688/1692/1777 1704/1709/1794 1705/1710/1795 1689/1693/1778
f 1689/1693/1778 1705/1710/1795 1690/1694/1779 1674/1677/1762
f 1691/1695/1780 1690/1694/1779 1706/1711/1796 1707/1712/1797
f 1692/1696/1781 1691/1695/1780 1707/1712/1797 1708/1713/1798
f 1693/1697/1782 1692/1696/1781 1708/1713/1798 1709/1714/1799
f 1694/1698/1783 1693/1697/1782 1709/1714/1799 1710/1715/1800
f 1695/1699/1784 1694/1698/1783 1710/1715/1800 1711/1716/1801
f 1696/1700/1785 1695/1699/1784 1711/1716/1801 1712/1717/1802
f 1697/1701/1786 1696/1700/1785 1712/1717/1802 1713/1718/1803
f 1698/1702/1787 1697/1701/1786 1713/1718/1803 1714/1719/1804
f 1699/1703/1788 1698/1702/1787 1714/1719/1804 1715/1720/1805
f 1942/1721/1806 1943/1704/1789 1699/1703/1788 1715/1720/1805
f 1701/1706/1791 1700/1705/1790 1716/1722/1807 1717/1723/1808
f 1702/1707/1792 1701/1706/1791 1717/1723/1808 1718/1724/1809
f 1703/1708/1793 1702/1707/1792 1718/1724/1809 1719/1725/1810
f 1704/1709/1794 1703/1708/1793 1719/1725/1810 1720/1726/1811
f 1705/1710/1795 1704/1709/1794 1720/1726/1811 1721/1727/1812
f 1690/1694/1779 1705/1710/1795 1721/1727/1812 1706/1711/1796
f 1707/1712/1797 1706/1711/1796 1883/1900/1813 1884/1899/1814
f 1708/1713/1798 1707/1712/1797 1884/1899/1814 1885/1901/1815
f 1709/1714/1799 1708/1713/1798 1885/1901/1815 1886/1902/1816
f 1710/1715/1800 1709/1714/1799 1886/1902/1816 1887/1903/1817
f 1711/1716/1801 1710/1715/1800 1887/1903/1817 1888/1904/1818
f 1712/1717/1802 1711/1716/1801 1888/1904/1818 1889/1905/1819
f 1713/1718/1803 1712/1717/1802 1889/1905/1819 1890/1906/1820
f 1714/1719/1804 1713/1718/1803 1890/1906/1820 1891/1907/1821
f 1715/1720/1805 1714/1719/1804 1891/1907/1821 1892/1908/1822
f 1941/1909/1823 1942/1721/1806 1715/1720/1805 1892/1908/1822
f 1717/1723/1808 1716/1722/1807 1893/1911/1824 1894/1910/1825
f 1718/1724/1809 1717/1723/1808 1894/1910/1825 1895/1912/1826
f 1719/1725/1810 1718/1724/1809 1895/1912/1826 1896/1913/1827
f 1720/1726/1811 1719/1725/1810 1896/1913/1827 1897/1914/1828
f 1721/1727/1812 1720/1726/1811 1897/1914/1828 1898/1915/1829
f 1706/1711/1796 1721/1727/1812 1898/1915/1829 1883/1900/1813
f 1628/1628/1716 1724/1728/1830 1723/1729/1831 1627/1627/1714
f 1629/1629/1718 1725/1730/1832 1724/1728/1830 1628/1628/1716
f 1630/1630/1720 1726/1731/1833 1725/1730/1832 1629/1629/1718
f 1631/1631/1722 1727/1732/1834 1726/1731/1833 1630/1630/1720
f 1632/1632/1724 1728/1733/1835 1727/1732/1834 1631/1631/1722
f 1633/1633/1726 1729/1734/1836 1728/1733/1835 1632/1632/1724
f 1634/1634/1728 1730/1735/1837 1729/1734/1836 1633/1633/1726
f 1635/1635/1730 1731/1736/1838 1730/1735/1837 1634/1634/1728
f 1947/1636/1732 1948/1737/1839 1731/1736/1838 1635/1635/1730
f 1637/1638/1736 1733/1739/1840 1732/1738/1841 1636/1637/1733
f 1638/1639/1738 1734/1740/1842 1733/1739/1840 1637/1638/1736
f 1639/1640/1740 1735/1741/1843 1734/1740/1842 1638/1639/1738
f 1640/1641/1742 1736/1742/1844 1735/1741/1843 1639/1640/1740
f 1641/1642/1744 1737/1743/1845 1736/1742/1844 1640/1641/1742
f 1626/1626/1711 1738/1744/1846 1737/1743/1845 1641/1642/1744
f 1627/1627/1714 1723/1729/1831 1738/1744/1846 1626/1626/1711
f 1724/1728/1830 1740/1745/1847 1739/1746/1848 1723/1729/1831
f 1725/1730/1832 1741/1747/1849 1740/1745/1847 1724/1728/1830
f 1726/1731/1833 1742/1748/1850 1741/1747/1849 1725/1730/1832
f 1727/1732/1834 1743/1749/1851 1742/1748/1850 1726/1731/1833
f 1728/1733/1835 1744/1750/1852 1743/1749/1851 1727/1732/1834
f 1729/1734/1836 1745/1751/1853 1744/1750/1852 1728/1733/1835
f 1730/1735/1837 1746/1752/1854 1745/1751/1853 1729/1734/1836
f 1731/1736/1838 1747/1753/1855 1746/1752/1854 1730/1735/1837
f 1747/1753/1855 1731/1736/1838 1948/1737/1839 1949/1754/1856
f 1748/1755/1857 1732/1738/1841 1733/1739/1840 1749/1756/1858
f 1749/1756/1858 1733/1739/1840 1734/1740/1842 1750/1757/1859
f 1750/1757/1859 1734/1740/1842 1735/1741/1843 1751/1758/1860
f 1751/1758/1860 1735/1741/1843 1736/1742/1844 1752/1759/1861
f 1752/1759/1861 1736/1742/1844 1737/1743/1845 1753/1760/1862
f 1753/1760/1862 1737/1743/1845 1738/1744/1846 1754/1761/1863
f 1723/1729/1831 1739/1746/1848 1754/1761/1863 1738/1744/1846
f 1740/1745/1847 1756/1762/1864 1755/1763/1865 1739/1746/1848
f 1741/1747/1849 1757/1764/1866 1756/1762/1864 1740/1745/1847
f 1742/1748/1850 1758/1765/1867 1757/1764/1866 1741/1747/1849
f 1743/1749/1851 1759/1766/1868 1758/1765/1867 1742/1748/1850
f 1744/1750/1852 1760/1767/1869 1759/1766/1868 1743/1749/1851
f 1745/1751/1853 1761/1768/1870 1760/1767/1869 1744/1750/1852
f 1746/1752/1854 1762/1769/1871 1761/1768/1870 1745/1751/1853
f 1747/1753/1855 1763/1770/1872 1762/1769/1871 1746/1752/1854
f 1763/1770/1872 1747/1753/1855 1949/1754/1856 1950/1771/1873
f 1764/1772/1874 1748/1755/1857 1749/1756/1858 1765/1773/1875
f 1765/1773/1875 1749/1756/1858 1750/1757/1859 1766/1774/1876
f 1766/1774/1876 1750/1757/1859 1751/1758/1860 1767/1775/1877
f 1767/1775/1877 1751/1758/1860 1752/1759/1861 1768/1776/1878
f 1768/1776/1878 1752/1759/1861 1753/1760/1862 1769/1777/1879
f 1769/1777/1879 1753/1760/1862 1754/1761/1863 1770/1778/1880
f 1739/1746/1848 1755/1763/1865 1770/1778/1880 1754/1761/1863
f 1756/1762/1864 1722/1779/1881 1755/1763/1865
f 1757/1764/1866 1722/1779/1881 1756/1762/1864
f 1758/1765/1867 1722/1779/1881 1757/1764/1866
f 1759/1766/1868 1722/1779/1881 1758/1765/1867
f 1760/1767/1869 1722/1779/1881 1759/1766/1868
f 1761/1768/1870 1722/1779/1881 1760/1767/1869
f 1762/1769/1871 1722/1779/1881 1761/1768/1870
f 1763/1770/1872 1722/1779/1881 1762/1769/1871
f 1722/1779/1881 1763/1770/1872 1950/1771/1873 1764/1772/1874
f 1722/1779/1881 1764/1772/1874 1765/1773/1875
f 1722/1779/1881 1765/1773/1875 1766/1774/1876
f 1722/1779/1881 1766/1774/1876 1767/1775/1877
f 1722/1779/1881 1767/1775/1877 1768/1776/1878
f 1722/1779/1881 1768/1776/1878 1769/1777/1879
f 1722/1779/1881 1769/1777/1879 1770/1778/1880
f 1755/1763/1865 1722/1779/1881 1770/1778/1880
f 1772/1780/1882 1771/1781/1883 1916/1934/1884 1917/1935/1885
f 1773/1782/1886 1772/1780/1882 1917/1935/1885 1918/1936/1887
f 1774/1783/1888 1773/1782/1886 1918/1936/1887 1919/1937/1889
f 1775/1784/1890 1774/1783/1888 1919/1937/1889 1920/1938/1891
f 1776/1785/1892 1775/1784/1890 1920/1938/1891 1921/1939/1893
f 1777/1786/1894 1776/1785/1892 1921/1939/1893 1922/1940/1895
f 1778/1787/1896 1777/1786/1894 1922/1940/1895 1923/1941/1897
f 1779/1788/1898 1778/1787/1896 1923/1941/1897 1924/1942/1899
f 1780/1789/1900 1779/1788/1898 1924/1942/1899 1925/1943/1901
f 1933/1944/1902 1934/1790/1903 1780/1789/1900 1925/1943/1901
f 1782/1791/1904 1781/1792/1905 1926/1945/1906 1927/1946/1907
f 1783/1793/1908 1782/1791/1904 1927/1946/1907 1928/1947/1909
f 1784/1794/1910 1783/1793/1908 1928/1947/1909 1929/1948/1911
f 1785/1795/1912 1784/1794/1910 1929/1948/1911 1930/1949/1913
f 1786/1796/1914 1785/1795/1912 1930/1949/1913 1931/1950/1915
f 1916/1934/1884 1771/1781/1883 1786/1796/1914 1931/1950/1915
f 1772/1780/1882 1788/1797/1916 1787/1798/1917 1771/1781/1883
f 1773/1782/1886 1789/1799/1918 1788/1797/1916 1772/1780/1882
f 1774/1783/1888 1790/1800/1919 1789/1799/1918 1773/1782/1886
f 1775/1784/1890 1791/1801/1920 1790/1800/1919 1774/1783/1888
f 1776/1785/1892 1792/1802/1921 1791/1801/1920 1775/1784/1890
f 1777/1786/1894 1793/1803/1922 1792/1802/1921 1776/1785/1892
f 1778/1787/1896 1794/1804/1923 1793/1803/1922 1777/1786/1894
f 1779/1788/1898 1795/1805/1924 1794/1804/1923 1778/1787/1896
f 1780/1789/1900 1796/1806/1925 1795/1805/1924 1779/1788/1898
f 1934/1790/1903 1935/1807/1926 1796/1806/1925 1780/1789/1900
f 1782/1791/1904 1798/1808/1927 1797/1809/1928 1781/1792/1905
f 1783/1793/1908 1799/1810/1929 1798/1808/1927 1782/1791/1904
f 1784/1794/1910 1800/1811/1930 1799/1810/1929 1783/1793/1908
f 1785/1795/1912 1801/1812/1931 1800/1811/1930 1784/1794/1910
f 1786/1796/1914 1802/1813/1932 1801/1812/1931 1785/1795/1912
f 1771/1781/1883 1787/1798/1917 1802/1813/1932 1786/1796/1914
f 1788/1797/1916 1804/1814/1933 1803/1815/1934 1787/1798/1917
f 1789/1799/1918 1805/1816/1935 1804/1814/1933 1788/1797/1916
f 1790/1800/1919 1806/1817/1936 1805/1816/1935 1789/1799/1918
f 1791/1801/1920 1807/1818/1937 1806/1817/1936 1790/1800/1919
f 1792/1802/1921 1808/1819/1938 1807/1818/1937 1791/1801/1920
f 1793/1803/1922 1809/1820/1939 1808/1819/1938 1792/1802/1921
f 1794/1804/1923 1810/1821/1940 1809/1820/1939 1793/1803/1922
f 1795/1805/1924 1811/1822/1941 1810/1821/1940 1794/1804/1923
f 1796/1806/1925 1812/1823/1942 1811/1822/1941 1795/1805/1924
f 1935/1807/1926 1936/1824/1943 1812/1823/1942 1796/1806/1925
f 1798/1808/1927 1814/1825/1944 1813/1826/1945 1797/1809/1928
f 1799/1810/1929 1815/1827/1946 1814/1825/1944 1798/1808/1927
f 1800/1811/1930 1816/1828/1947 1815/1827/1946 1799/1810/1929
f 1801/1812/1931 1817/1829/1948 1816/1828/1947 1800/1811/1930
f 1802/1813/1932 1818/1830/1949 1817/1829/1948 1801/1812/1931
f 1787/1798/1917 1803/1815/1934 1818/1830/1949 1802/1813/1932
f 1803/1815/1934 1804/1814/1933 1820/1831/1950 1819/1832/1951
f 1804/1814/1933 1805/1816/1935 1821/1833/1952 1820/1831/1950
f 1805/1816/1935 1806/1817/1936 1822/1834/1953 1821/1833/1952
f 1806/1817/1936 1807/1818/1937 1823/1835/1954 1822/1834/1953
f 1807/1818/1937 1808/1819/1938 1824/1836/1955 1823/1835/1954
f 1808/1819/1938 1809/1820/1939 1825/1837/1956 1824/1836/1955
f 1809/1820/1939 1810/1821/1940 1826/1838/1957 1825/1837/1956
f 1810/1821/1940 1811/1822/1941 1827/1839/1958 1826/1838/1957
f 1811/1822/1941 1812/1823/1942 1828/1840/1959 1827/1839/1958
f 1812/1823/1942 1936/1824/1943 1937/1841/1960 1828/1840/1959
f 1813/1826/1945 1814/1825/1944 1830/1842/1961 1829/1843/1962
f 1814/1825/1944 1815/1827/1946 1831/1844/1963 1830/1842/1961
f 1815/1827/1946 1816/1828/1947 1832/1845/1964 1831/1844/1963
f 1816/1828/1947 1817/1829/1948 1833/1846/1965 1832/1845/1964
f 1817/1829/1948 1818/1830/1949 1834/1847/1966 1833/1846/1965
f 1818/1830/1949 1803/1815/1934 1819/1832/1951 1834/1847/1966
f 1819/1832/1951 1820/1831/1950 1836/1848/1967 1835/1849/1968
f 1820/1831/1950 1821/1833/1952 1837/1850/1969 1836/1848/1967
f 1821/1833/1952 1822/1834/1953 1838/1851/1970 1837/1850/1969
f 1822/1834/1953 1823/1835/1954 1839/1852/1971 1838/1851/1970
f 1823/1835/1954 1824/1836/1955 1840/1853/1972 1839/1852/1971
f 1824/1836/1955 1825/1837/1956 1841/1854/1973 1840/1853/1972
f 1825/1837/1956 1826/1838/1957 1842/1855/1974 1841/1854/1973
f 1826/1838/1957 1827/1839/1958 1843/1856/1975 1842/1855/1974
f 1827/1839/1958 1828/1840/1959 1844/1857/1976 1843/1856/1975
f 1828/1840/1959 1937/1841/1960 1938/1858/1977 1844/1857/1976
f 1829/1843/1962 1830/1842/1961 1846/1859/1978 1845/1860/1979
f 1830/1842/1961 1831/1844/1963 1847/1861/1980 1846/1859/1978
f 1831/1844/1963 1832/1845/1964 1848/1862/1981 1847/1861/1980
f 1832/1845/1964 1833/1846/1965 1849/1863/1982 1848/1862/1981
f 1833/1846/1965 1834/1847/1966 1850/1864/1983 1849/1863/1982
f 1834/1847/1966 1819/1832/1951 1835/1849/1968 1850/1864/1983
f 1835/1849/1968 1836/1848/1967 1852/1865/1984 1851/1866/1985
f 1836/1848/1967 1837/1850/1969 1853/1867/1986 1852/1865/1984
f 1837/1850/1969 1838/1851/1970 1854/1868/1987 1853/1867/1986
f 1838/1851/1970 1839/1852/1971 1855/1869/1988 1854/1868/1987
f 1839/1852/1971 1840/1853/1972 1856/1870/1989 1855/1869/1988
f 1840/1853/1972 1841/1854/1973 1857/1871/1990 1856/1870/1989
f 1841/1854/1973 1842/1855/1974 1858/1872/1991 1857/1871/1990
f 1842/1855/1974 1843/1856/1975 1859/1873/1992 1858/1872/1991
f 1843/1856/1975 1844/1857/1976 1860/1874/1993 1859/1873/1992
f 1844/1857/1976 1938/1858/1977 1939/1875/1994 1860/1874/1993
f 1845/1860/1979 1846/1859/1978 1862/1876/1995 1861/1877/1996
f 1846/1859/1978 1847/1861/1980 1863/1878/1997 1862/1876/1995
f 1847/1861/1980 1848/1862/1981 1864/1879/1998 1863/1878/1997
f 1848/1862/1981 1849/1863/1982 1865/1880/1999 1864/1879/1998
f 1849/1863/1982 1850/1864/1983 1866/1881/2000 1865/1880/1999
f 1850/1864/1983 1835/1849/1968 1851/1866/1985 1866/1881/2000
f 1851/1866/1985 1852/1865/1984 1868/1882/2001 1867/1883/2002
f 1852/1865/1984 1853/1867/1986 1869/1884/2003 1868/1882/2001
f 1853/1867/1986 1854/1868/1987 1870/1885/2004 1869/1884/2003
f 1854/1868/1987 1855/1869/1988 1871/1886/2005 1870/1885/2004
f 1855/1869/1988 1856/1870/1989 1872/1887/2006 1871/1886/2005
f 1856/1870/1989 1857/1871/1990 1873/1888/2007 1872/1887/2006
f 1857/1871/1990 1858/1872/1991 1874/1889/2008 1873/1888/2007
f 1858/1872/1991 1859/1873/1992 1875/1890/2009 1874/1889/2008
f 1859/1873/1992 1860/1874/1993 1876/1891/2010 1875/1890/2009
f 1860/1874/1993 1939/1875/1994 1940/1892/2011 1876/1891/2010
f 1861/1877/1996 1862/1876/1995 1878/1893/2012 1877/1894/2013
f 1862/1876/1995 1863/1878/1997 1879/1895/2014 1878/1893/2012
f 1863/1878/1997 1864/1879/1998 1880/1896/2015 1879/1895/2014
f 1864/1879/1998 1865/1880/1999 1881/1897/2016 1880/1896/2015
f 1865/1880/1999 1866/1881/2000 1882/1898/2017 1881/1897/2016
f 1866/1881/2000 1851/1866/1985 1867/1883/2002 1882/1898/2017
f 1868/1882/2001 1884/1899/1814 1883/1900/1813 1867/1883/2002
f 1869/1884/2003 1885/1901/1815 1884/1899/1814 1868/1882/2001
f 1870/1885/2004 1886/1902/1816 1885/1901/1815 1869/1884/2003
f 1871/1886/2005 1887/1903/1817 1886/1902/1816 1870/1885/2004
f 1872/1887/2006 1888/1904/1818 1887/1903/1817 1871/1886/2005
f 1873/1888/2007 1889/1905/1819 1888/1904/1818 1872/1887/2006
f 1874/1889/2008 1890/1906/1820 1889/1905/1819 1873/1888/2007
f 1875/1890/2009 1891/1907/1821 1890/1906/1820 1874/1889/2008
f 1876/1891/2010 1892/1908/1822 1891/1907/1821 1875/1890/2009
f 1940/1892/2011 1941/1909/1823 1892/1908/1822 1876/1891/2010
f 1878/1893/2012 1894/1910/1825 1893/1911/1824 1877/1894/2013
f 1879/1895/2014 1895/1912/1826 1894/1910/1825 1878/1893/2012
f 1880/1896/2015 1896/1913/1827 1895/1912/1826 1879/1895/2014
f 1881/1897/2016 1897/1914/1828 1896/1913/1827 1880/1896/2015
f 1882/1898/2017 1898/1915/1829 1897/1914/1828 1881/1897/2016
f 1867/1883/2002 1883/1900/1813 1898/1915/1829 1882/1898/2017
s 4
f 1907/1916/2018 1915/1917/2019 1908/1918/2020
f 1900/1919/2021 1899/1920/2022 1915/1917/2019
f 1915/1917/2019 1899/1920/2022 1914/1921/2023
f 1915/1917/2019 1914/1921/2023 1913/1922/2024
f 1915/1917/2019 1913/1922/2024 1912/1923/2025
f 1915/1917/2019 1912/1923/2025 1911/1924/2026
f 1915/1917/2019 1911/1924/2026 1910/1925/2027
f 1915/1917/2019 1910/1925/2027 1909/1926/2028
f 1915/1917/2019 1909/1926/2028 1932/1927/2029 1908/1918/2020
f 1906/1928/2030 1915/1917/2019 1907/1916/2018
f 1905/1929/2031 1915/1917/2019 1906/1928/2030
f 1904/1930/2032 1915/1917/2019 1905/1929/2031
f 1903/1931/2033 1915/1917/2019 1904/1930/2032
f 1902/1932/2034 1915/1917/2019 1903/1931/2033
f 1901/1933/2035 1915/1917/2019 1902/1932/2034
f 1900/1919/2021 1915/1917/2019 1901/1933/2035
s 1
f 1917/1935/1885 1916/1934/1884 1899/1920/2036 1900/1919/2037
f 1918/1936/1887 1917/1935/1885 1900/1919/2037 1901/1933/2038
f 1919/1937/1889 1918/1936/1887 1901/1933/2038 1902/1932/2039
f 1920/1938/1891 1919/1937/1889 1902/1932/2039 1903/1931/2040
f 1921/1939/1893 1920/1938/1891 1903/1931/2040 1904/1930/2041
f 1922/1940/1895 1921/1939/1893 1904/1930/2041 1905/1929/2042
f 1923/1941/1897 1922/1940/1895 1905/1929/2042 1906/1928/2043
f 1924/1942/1899 1923/1941/1897 1906/1928/2043 1907/1916/2044
f 1925/1943/1901 1924/1942/1899 1907/1916/2044 1908/1918/2045
f 1932/1927/2046 1933/1944/1902 1925/1943/1901 1908/1918/2045
f 1927/1946/1907 1926/1945/1906 1909/1926/2047 1910/1925/2048
f 1928/1947/1909 1927/1946/1907 1910/1925/2048 1911/1924/2049
f 1929/1948/1911 1928/1947/1909 1911/1924/2049 1912/1923/2050
f 1930/1949/1913 1929/1948/1911 1912/1923/2050 1913/1922/2051
f 1931/1950/1915 1930/1949/1913 1913/1922/2051 1914/1921/2052
f 1899/1920/2036 1916/1934/1884 1931/1950/1915 1914/1921/2052
f 1909/1926/2047 1926/1945/1906 1933/1944/1902 1932/1927/2046
f 1926/1945/1906 1781/1792/1905 1934/1790/1903 1933/1944/1902
f 1781/1792/1905 1797/1809/1928 1935/1807/1926 1934/1790/1903
f 1797/1809/1928 1813/1826/1945 1936/1824/1943 1935/1807/1926
f 1937/1841/1960 1936/1824/1943 1813/1826/1945 1829/1843/1962
f 1938/1858/1977 1937/1841/1960 1829/1843/1962 1845/1860/1979
f 1939/1875/1994 1938/1858/1977 1845/1860/1979 1861/1877/1996
f 1940/1892/2011 1939/1875/1994 1861/1877/1996 1877/1894/2013
f 1877/1894/2013 1893/1911/1824 1941/1909/1823 1940/1892/2011
f 1893/1911/1824 1716/1722/1807 1942/1721/1806 1941/1909/1823
f 1716/1722/1807 1700/1705/1790 1943/1704/1789 1942/1721/1806
f 1944/1687/1772 1943/1704/1789 1700/1705/1790 1684/1688/1773
f 1945/1670/1755 1944/1687/1772 1684/1688/1773 1668/1671/1756
f 1946/1653/1731 1945/1670/1755 1668/1671/1756 1652/1654/1734
f 1947/1636/1732 1946/1653/1731 1652/1654/1734 1636/1637/1733
f 1636/1637/1733 1732/1738/1841 1948/1737/1839 1947/1636/1732
f 1949/1754/1856 1948/1737/1839 1732/1738/1841 1748/1755/1857
f 1950/1771/1873 1949/1754/1856 1748/1755/1857 1764/1772/1874
